trader_id,strategy_id,instrument_id,venue_order_id,position_id,account_id,last_trade_id,type,side,quantity,time_in_force,is_reduce_only,is_quote_quantity,filled_qty,liquidity_side,avg_px,slippage,commissions,emulation_trigger,status,contingency_type,order_list_id,linked_order_ids,parent_order_id,exec_algorithm_id,exec_algorithm_params,exec_spawn_id,tags,init_id,ts_init,ts_last
BACKTESTER-001,QuantBT-001-001,ETHUSDT-PERP.BINANCE,BINANCE-1-001,ETHUSDT-PERP.BINANCE-QuantBT-001-001,BINANCE-001,T-66e31ee48856a43d-251,MARKET,SELL,75.500,IOC,False,False,75.500,TAKER,132.45,0.0,['3.99999000 USDT'],NO_TRIGGER,FILLED,NO_CONTINGENCY,,,,,,,,7313083d-e3c5-4ebf-acf3-cd78f64fe759,1578063600000000000,1578063600000000000
BACKTESTER-001,QuantBT-001-001,ETHUSDT-PERP.BINANCE,BINANCE-1-002,ETHUSDT-PERP.BINANCE-QuantBT-001-001,BINANCE-001,T-d2a1a1ee95776e42-260,MARKET,BUY,75.500,IOC,False,False,75.500,TAKER,133.93,0.0,['4.04468600 USDT'],NO_TRIGGER,FILLED,NO_CONTINGENCY,,,,,,,,5b22819e-2a92-4904-a9e2-4a3272697e3f,1578070800000000000,1578070800000000000
BACKTESTER-001,QuantBT-001-001,ETHUSDT-PERP.BINANCE,BINANCE-1-003,ETHUSDT-PERP.BINANCE-QuantBT-001-001,BINANCE-001,T-e77e2d0484048009-470,MARKET,SELL,73.647,IOC,False,False,73.647,TAKER,134.97,0.0,['3.97605424 USDT'],NO_TRIGGER,FILLED,NO_CONTINGENCY,,,,,,,,f358cfc7-2fe0-41e9-ba60-bcafeff30208,1578261600000000000,1578261600000000000
BACKTESTER-001,QuantBT-001-001,ETHUSDT-PERP.BINANCE,BINANCE-1-004,ETHUSDT-PERP.BINANCE-QuantBT-001-001,BINANCE-001,T-cbf1f48f599730ee-487,MARKET,BUY,73.647,IOC,False,False,73.647,TAKER,139.03,0.0,['4.09565696 USDT'],NO_TRIGGER,FILLED,NO_CONTINGENCY,,,,,,,,d5482d78-414b-4e3d-a1f6-70d5a84a53ba,1578276000000000000,1578276000000000000
BACKTESTER-001,QuantBT-001-001,ETHUSDT-PERP.BINANCE,BINANCE-1-005,ETHUSDT-PERP.BINANCE-QuantBT-001-001,BINANCE-001,T-b341062186a03378-536,MARKET,SELL,69.413,IOC,False,False,69.413,TAKER,140.99,0.0,['3.91461555 USDT'],NO_TRIGGER,FILLED,NO_CONTINGENCY,,,,,,,,91d9b235-f14a-492e-90c4-8d381438e292,1578319200000000000,1578319200000000000
BACKTESTER-001,QuantBT-001-001,ETHUSDT-PERP.BINANCE,BINANCE-1-006,ETHUSDT-PERP.BINANCE-QuantBT-001-001,BINANCE-001,T-4c9023ce38bb8ac4-565,MARKET,BUY,69.413,IOC,False,False,69.413,TAKER,141.61,0.0,['3.93182997 USDT'],NO_TRIGGER,FILLED,NO_CONTINGENCY,,,,,,,,7f8c78c9-fc32-4b6c-a676-e298542084de,1578344400000000000,1578344400000000000
BACKTESTER-001,QuantBT-001-001,ETHUSDT-PERP.BINANCE,BINANCE-1-007,ETHUSDT-PERP.BINANCE-QuantBT-001-001,BINANCE-001,T-ae569816e9b64e81-1026,MARKET,BUY,66.588,IOC,False,False,66.588,TAKER,146.59,0.0,['3.90445397 USDT'],NO_TRIGGER,FILLED,NO_CONTINGENCY,,,,,,,,7402c3a0-6289-482a-bbf8-c2c1e1933701,1578765600000000000,1578765600000000000
BACKTESTER-001,QuantBT-001-001,ETHUSDT-PERP.BINANCE,BINANCE-1-008,ETHUSDT-PERP.BINANCE-QuantBT-001-001,BINANCE-001,T-97e1e13d8be6032f-1043,MARKET,SELL,66.588,IOC,False,False,66.588,TAKER,143.31,0.0,['3.81709051 USDT'],NO_TRIGGER,FILLED,NO_CONTINGENCY,,,,,,,,4baf9937-f8b5-4300-8b87-066f12ea6658,1578780000000000000,1578780000000000000
BACKTESTER-001,QuantBT-001-001,ETHUSDT-PERP.BINANCE,BINANCE-1-009,ETHUSDT-PERP.BINANCE-QuantBT-001-001,BINANCE-001,T-cb00f8a2e473a1e1-1295,MARKET,SELL,62.609,IOC,False,False,62.609,TAKER,154.1,0.0,['3.85921876 USDT'],NO_TRIGGER,FILLED,NO_CONTINGENCY,,,,,,,,e1bfc414-c812-428c-ba0e-3a47999da2e7,1579006800000000000,1579006800000000000
BACKTESTER-001,QuantBT-001-001,ETHUSDT-PERP.BINANCE,BINANCE-1-010,ETHUSDT-PERP.BINANCE-QuantBT-001-001,BINANCE-001,T-0319ad052f11d597-1300,MARKET,BUY,62.609,IOC,False,False,62.609,TAKER,155.96,0.0,['3.90579986 USDT'],NO_TRIGGER,FILLED,NO_CONTINGENCY,,,,,,,,47dc48db-a0fd-4674-bbcd-9ec39c3b1fe6,1579010400000000000,1579010400000000000
BACKTESTER-001,QuantBT-001-001,ETHUSDT-PERP.BINANCE,BINANCE-1-011,ETHUSDT-PERP.BINANCE-QuantBT-001-001,BINANCE-001,T-e35bfe1a8b7f0b1e-1305,MARKET,BUY,61.417,IOC,False,False,61.417,TAKER,156.08,0.0,['3.83438614 USDT'],NO_TRIGGER,FILLED,NO_CONTINGENCY,,,,,,,,caa9a8fb-b214-4032-a186-0f2662c38ee6,1579014000000000000,1579014000000000000
BACKTESTER-001,QuantBT-001-001,ETHUSDT-PERP.BINANCE,BINANCE-1-012,ETHUSDT-PERP.BINANCE-QuantBT-001-001,BINANCE-001,T-8bfd726ba7573ebb-1310,MARKET,SELL,61.417,IOC,False,False,61.417,TAKER,159.55,0.0,['3.91963294 USDT'],NO_TRIGGER,FILLED,NO_CONTINGENCY,,,,,,,,97b821d2-5db2-4127-88a3-c6337888d316,1579017600000000000,1579017600000000000
BACKTESTER-001,QuantBT-001-001,ETHUSDT-PERP.BINANCE,BINANCE-1-013,ETHUSDT-PERP.BINANCE-QuantBT-001-001,BINANCE-001,T-6fda3b0672e1940f-1323,MARKET,SELL,58.496,IOC,False,False,58.496,TAKER,165.63,0.0,['3.87547699 USDT'],NO_TRIGGER,FILLED,NO_CONTINGENCY,,,,,,,,abf6e007-f45c-4551-b06b-d0be2ce7cde0,1579028400000000000,1579028400000000000
BACKTESTER-001,QuantBT-001-001,ETHUSDT-PERP.BINANCE,BINANCE-1-014,ETHUSDT-PERP.BINANCE-QuantBT-001-001,BINANCE-001,T-913dcac86a031fd0-1344,MARKET,BUY,58.496,IOC,False,False,58.496,TAKER,169.25,0.0,['3.96017920 USDT'],NO_TRIGGER,FILLED,NO_CONTINGENCY,,,,,,,,eb009f64-befd-448f-b8bc-9188bbcbb884,1579046400000000000,1579046400000000000
BACKTESTER-001,QuantBT-001-001,ETHUSDT-PERP.BINANCE,BINANCE-1-015,ETHUSDT-PERP.BINANCE-QuantBT-001-001,BINANCE-001,T-70418276bb8290d6-1563,MARKET,SELL,55.941,IOC,False,False,55.941,TAKER,171.23,0.0,['3.83151097 USDT'],NO_TRIGGER,FILLED,NO_CONTINGENCY,,,,,,,,be0b9765-8fb8-464b-ac3a-4c9340517313,1579244400000000000,1579244400000000000
BACKTESTER-001,QuantBT-001-001,ETHUSDT-PERP.BINANCE,BINANCE-1-016,ETHUSDT-PERP.BINANCE-QuantBT-001-001,BINANCE-001,T-d507caa590937499-1568,MARKET,BUY,55.941,IOC,False,False,55.941,TAKER,171.8,0.0,['3.84426552 USDT'],NO_TRIGGER,FILLED,NO_CONTINGENCY,,,,,,,,ca61886a-7dbd-41cf-b009-2204c8bfe5d6,1579248000000000000,1579248000000000000
BACKTESTER-001,QuantBT-001-001,ETHUSDT-PERP.BINANCE,BINANCE-1-017,ETHUSDT-PERP.BINANCE-QuantBT-001-001,BINANCE-001,T-6fabce6006f3cb38-1700,MARKET,SELL,54.620,IOC,False,False,54.620,TAKER,175.01,0.0,['3.82361848 USDT'],NO_TRIGGER,FILLED,NO_CONTINGENCY,,,,,,,,b4cf5272-7d5a-4a93-8875-a752b5302b97,1579366800000000000,1579366800000000000
BACKTESTER-001,QuantBT-001-001,ETHUSDT-PERP.BINANCE,BINANCE-1-018,ETHUSDT-PERP.BINANCE-QuantBT-001-001,BINANCE-001,T-7f564d6a13c5f6b6-1721,MARKET,BUY,54.620,IOC,False,False,54.620,TAKER,177.18,0.0,['3.87102864 USDT'],NO_TRIGGER,FILLED,NO_CONTINGENCY,,,,,,,,2261e263-f266-4069-a95d-2a7e4246c974,1579384800000000000,1579384800000000000
BACKTESTER-001,QuantBT-001-001,ETHUSDT-PERP.BINANCE,BINANCE-1-019,ETHUSDT-PERP.BINANCE-QuantBT-001-001,BINANCE-001,T-a2fddcc562935d57-2008,MARKET,BUY,56.050,IOC,False,False,56.050,TAKER,169.42,0.0,['3.79839640 USDT'],NO_TRIGGER,FILLED,NO_CONTINGENCY,,,,,,,,e964968d-61ec-47d5-8edc-be5cb7bf72ba,1579644000000000000,1579644000000000000
BACKTESTER-001,QuantBT-001-001,ETHUSDT-PERP.BINANCE,BINANCE-1-020,ETHUSDT-PERP.BINANCE-QuantBT-001-001,BINANCE-001,T-99a33e841142eb5e-2053,MARKET,SELL,56.050,IOC,False,False,56.050,TAKER,169.11,0.0,['3.79144620 USDT'],NO_TRIGGER,FILLED,NO_CONTINGENCY,,,,,,,,1927258c-515d-4057-aef0-bbdcfc10bcd2,1579683600000000000,1579683600000000000
BACKTESTER-001,QuantBT-001-001,ETHUSDT-PERP.BINANCE,BINANCE-1-021,ETHUSDT-PERP.BINANCE-QuantBT-001-001,BINANCE-001,T-f9ecced698065acc-2220,MARKET,SELL,59.592,IOC,False,False,59.592,TAKER,159.14,0.0,['3.79338835 USDT'],NO_TRIGGER,FILLED,NO_CONTINGENCY,,,,,,,,66f0cf65-0f74-4f5a-bb36-4b1eae863ef5,1579834800000000000,1579834800000000000
BACKTESTER-001,QuantBT-001-001,ETHUSDT-PERP.BINANCE,BINANCE-1-022,ETHUSDT-PERP.BINANCE-QuantBT-001-001,BINANCE-001,T-dfd81af6456f774c-2256,MARKET,BUY,59.592,IOC,False,False,59.592,TAKER,161.49,0.0,['3.84940483 USDT'],NO_TRIGGER,FILLED,NO_CONTINGENCY,,,,,,,,26453017-1eda-45f1-94cf-f6f9c5874670,1579867200000000000,1579867200000000000
BACKTESTER-001,QuantBT-001-001,ETHUSDT-PERP.BINANCE,BINANCE-1-023,ETHUSDT-PERP.BINANCE-QuantBT-001-001,BINANCE-001,T-da3fecaf982dd094-2261,MARKET,BUY,58.152,IOC,False,False,58.152,TAKER,161.81,0.0,['3.76383005 USDT'],NO_TRIGGER,FILLED,NO_CONTINGENCY,,,,,,,,1e797f8a-1f30-4e79-a23a-8874bbbbf539,1579870800000000000,1579870800000000000
BACKTESTER-001,QuantBT-001-001,ETHUSDT-PERP.BINANCE,BINANCE-1-024,ETHUSDT-PERP.BINANCE-QuantBT-001-001,BINANCE-001,T-65ad423705b3638e-2309,MARKET,SELL,58.152,IOC,False,False,58.152,TAKER,158.74,0.0,['3.69241939 USDT'],NO_TRIGGER,FILLED,NO_CONTINGENCY,,,,,,,,a0899cfa-8d4d-4c1f-919f-b4e3a8e516be,1579914000000000000,1579914000000000000
BACKTESTER-001,QuantBT-001-001,ETHUSDT-PERP.BINANCE,BINANCE-1-025,ETHUSDT-PERP.BINANCE-QuantBT-001-001,BINANCE-001,T-417b7c9625eb1a50-2500,MARKET,SELL,55.344,IOC,False,False,55.344,TAKER,168.34,0.0,['3.72664358 USDT'],NO_TRIGGER,FILLED,NO_CONTINGENCY,,,,,,,,a7ab0d9b-c686-4f1b-851f-bd3f608e033b,1580086800000000000,1580086800000000000
BACKTESTER-001,QuantBT-001-001,ETHUSDT-PERP.BINANCE,BINANCE-1-026,ETHUSDT-PERP.BINANCE-QuantBT-001-001,BINANCE-001,T-702c6fec5770f053-2548,MARKET,BUY,55.344,IOC,False,False,55.344,TAKER,169.25,0.0,['3.74678880 USDT'],NO_TRIGGER,FILLED,NO_CONTINGENCY,,,,,,,,cb46295a-8a55-4036-9ba7-11028608a35d,1580130000000000000,1580130000000000000
BACKTESTER-001,QuantBT-001-001,ETHUSDT-PERP.BINANCE,BINANCE-1-027,ETHUSDT-PERP.BINANCE-QuantBT-001-001,BINANCE-001,T-0dbc587c706dce3c-2849,MARKET,SELL,51.653,IOC,False,False,51.653,TAKER,179.81,0.0,['3.71509037 USDT'],NO_TRIGGER,FILLED,NO_CONTINGENCY,,,,,,,,7291136b-bcf3-4916-bfd2-5dad104e00b0,1580403600000000000,1580403600000000000
BACKTESTER-001,QuantBT-001-001,ETHUSDT-PERP.BINANCE,BINANCE-1-028,ETHUSDT-PERP.BINANCE-QuantBT-001-001,BINANCE-001,T-c5ff5690ce8e954d-2854,MARKET,BUY,51.653,IOC,False,False,51.653,TAKER,181.32,0.0,['3.74628878 USDT'],NO_TRIGGER,FILLED,NO_CONTINGENCY,,,,,,,,e3e522c6-0d16-44cb-a37b-52cd0668566a,1580407200000000000,1580407200000000000
BACKTESTER-001,QuantBT-001-001,ETHUSDT-PERP.BINANCE,BINANCE-1-029,ETHUSDT-PERP.BINANCE-QuantBT-001-001,BINANCE-001,T-b3cd9ab43f6bdfd8-3097,MARKET,BUY,49.349,IOC,False,False,49.349,TAKER,187.34,0.0,['3.69801666 USDT'],NO_TRIGGER,FILLED,NO_CONTINGENCY,,,,,,,,807dc85d-c9bd-48d7-8caf-058e9bda7270,1580626800000000000,1580626800000000000
BACKTESTER-001,QuantBT-001-001,ETHUSDT-PERP.BINANCE,BINANCE-1-030,ETHUSDT-PERP.BINANCE-QuantBT-001-001,BINANCE-001,T-dbf583c3b18bd5e9-5121,MARKET,SELL,49.349,IOC,False,False,49.349,TAKER,268.51,0.0,['5.30028000 USDT'],NO_TRIGGER,FILLED,NO_CONTINGENCY,,,,,,,,3404b41d-5622-4636-8921-487ccec6f8b8,1582455600000000000,1582455600000000000
BACKTESTER-001,QuantBT-001-001,ETHUSDT-PERP.BINANCE,BINANCE-1-031,ETHUSDT-PERP.BINANCE-QuantBT-001-001,BINANCE-001,T-583822cd53d26557-5317,MARKET,BUY,42.995,IOC,False,False,42.995,TAKER,261.5,0.0,['4.49727700 USDT'],NO_TRIGGER,FILLED,NO_CONTINGENCY,,,,,,,,aa0e1de9-2936-44cd-b33d-149ec8b56743,1582632000000000000,1582632000000000000
BACKTESTER-001,QuantBT-001-001,ETHUSDT-PERP.BINANCE,BINANCE-1-032,ETHUSDT-PERP.BINANCE-QuantBT-001-001,BINANCE-001,T-48d97302d974bdf3-5326,MARKET,SELL,42.995,IOC,False,False,42.995,TAKER,253.93,0.0,['4.36708814 USDT'],NO_TRIGGER,FILLED,NO_CONTINGENCY,,,,,,,,badae279-4b53-4140-9440-4ae42809dc51,1582639200000000000,1582639200000000000
BACKTESTER-001,QuantBT-001-001,ETHUSDT-PERP.BINANCE,BINANCE-1-033,ETHUSDT-PERP.BINANCE-QuantBT-001-001,BINANCE-001,T-ba54b2086a22e0b3-5331,MARKET,SELL,43.836,IOC,False,False,43.836,TAKER,252.67,0.0,['4.43041685 USDT'],NO_TRIGGER,FILLED,NO_CONTINGENCY,,,,,,,,211ed18b-6ec3-4799-84cd-ac0544acfa1a,1582642800000000000,1582642800000000000
BACKTESTER-001,QuantBT-001-001,ETHUSDT-PERP.BINANCE,BINANCE-1-034,ETHUSDT-PERP.BINANCE-QuantBT-001-001,BINANCE-001,T-769845604d348f86-5755,MARKET,BUY,43.836,IOC,False,False,43.836,TAKER,223.6,0.0,['3.92069184 USDT'],NO_TRIGGER,FILLED,NO_CONTINGENCY,,,,,,,,0018bee7-1489-4484-bcb9-605b981d9561,1583028000000000000,1583028000000000000
BACKTESTER-001,QuantBT-001-001,ETHUSDT-PERP.BINANCE,BINANCE-1-035,ETHUSDT-PERP.BINANCE-QuantBT-001-001,BINANCE-001,T-566a02b61077774f-5800,MARKET,SELL,52.639,IOC,False,False,52.639,TAKER,222.44,0.0,['4.68360766 USDT'],NO_TRIGGER,FILLED,NO_CONTINGENCY,,,,,,,,474b8c30-9570-4d9a-b9e1-6ad49ba75cf3,1583067600000000000,1583067600000000000
BACKTESTER-001,QuantBT-001-001,ETHUSDT-PERP.BINANCE,BINANCE-1-036,ETHUSDT-PERP.BINANCE-QuantBT-001-001,BINANCE-001,T-84446d529e3bd5d2-5889,MARKET,BUY,52.639,IOC,False,False,52.639,TAKER,224.84,0.0,['4.73414110 USDT'],NO_TRIGGER,FILLED,NO_CONTINGENCY,,,,,,,,c7ae75ac-1d02-4442-a1a8-4baad15b837a,1583146800000000000,1583146800000000000
BACKTESTER-001,QuantBT-001-001,ETHUSDT-PERP.BINANCE,BINANCE-1-037,ETHUSDT-PERP.BINANCE-QuantBT-001-001,BINANCE-001,T-f07cc737d84ff733-6251,MARKET,BUY,49.415,IOC,False,False,49.415,TAKER,235.58,0.0,['4.65647428 USDT'],NO_TRIGGER,FILLED,NO_CONTINGENCY,,,,,,,,0910cfe9-bac4-4e58-9366-42afac2abe00,1583478000000000000,1583478000000000000
BACKTESTER-001,QuantBT-001-001,ETHUSDT-PERP.BINANCE,BINANCE-1-038,ETHUSDT-PERP.BINANCE-QuantBT-001-001,BINANCE-001,T-ec5b96d6a5c63f87-6387,MARKET,SELL,49.415,IOC,False,False,49.415,TAKER,239.13,0.0,['4.72664358 USDT'],NO_TRIGGER,FILLED,NO_CONTINGENCY,,,,,,,,fd6c06db-f793-49a1-a6b3-b6a75c46b9b4,1583600400000000000,1583600400000000000
BACKTESTER-001,QuantBT-001-001,ETHUSDT-PERP.BINANCE,BINANCE-1-039,ETHUSDT-PERP.BINANCE-QuantBT-001-001,BINANCE-001,T-e02993750bccc1b4-7170,MARKET,BUY,94.604,IOC,False,False,94.604,TAKER,123.93,0.0,['4.68970949 USDT'],NO_TRIGGER,FILLED,NO_CONTINGENCY,,,,,,,,848d5bbc-9f35-4cb7-ae93-296a3901d5e7,1584309600000000000,1584309600000000000
BACKTESTER-001,QuantBT-001-001,ETHUSDT-PERP.BINANCE,BINANCE-1-040,ETHUSDT-PERP.BINANCE-QuantBT-001-001,BINANCE-001,T-f120415eda79a9e1-7175,MARKET,SELL,94.604,IOC,False,False,94.604,TAKER,123.89,0.0,['4.68819582 USDT'],NO_TRIGGER,FILLED,NO_CONTINGENCY,,,,,,,,7e626fb7-0ad5-4813-afe9-db477fab5fb6,1584313200000000000,1584313200000000000
BACKTESTER-001,QuantBT-001-001,ETHUSDT-PERP.BINANCE,BINANCE-1-041,ETHUSDT-PERP.BINANCE-QuantBT-001-001,BINANCE-001,T-58508974ffc760bc-7240,MARKET,BUY,102.204,IOC,False,False,102.204,TAKER,114.65,0.0,['4.68707544 USDT'],NO_TRIGGER,FILLED,NO_CONTINGENCY,,,,,,,,4a43fb14-7341-4d0b-b77e-4a56066c019a,1584370800000000000,1584370800000000000
BACKTESTER-001,QuantBT-001-001,ETHUSDT-PERP.BINANCE,BINANCE-1-042,ETHUSDT-PERP.BINANCE-QuantBT-001-001,BINANCE-001,T-bfb2d1cd98567ce5-7261,MARKET,SELL,102.204,IOC,False,False,102.204,TAKER,109.27,0.0,['4.46713243 USDT'],NO_TRIGGER,FILLED,NO_CONTINGENCY,,,,,,,,6d721c7e-762d-41de-ba99-96e1b4332a17,1584388800000000000,1584388800000000000
BACKTESTER-001,QuantBT-001-001,ETHUSDT-PERP.BINANCE,BINANCE-1-043,ETHUSDT-PERP.BINANCE-QuantBT-001-001,BINANCE-001,T-8b27f8652d419096-7525,MARKET,SELL,90.707,IOC,False,False,90.707,TAKER,126.1,0.0,['4.57526108 USDT'],NO_TRIGGER,FILLED,NO_CONTINGENCY,,,,,,,,83dbcd8c-307e-4a8c-80c0-f021d44fa482,1584626400000000000,1584626400000000000
BACKTESTER-001,QuantBT-001-001,ETHUSDT-PERP.BINANCE,BINANCE-1-044,ETHUSDT-PERP.BINANCE-QuantBT-001-001,BINANCE-001,T-75e96223299255f5-7534,MARKET,BUY,90.707,IOC,False,False,90.707,TAKER,135.2,0.0,['4.90543456 USDT'],NO_TRIGGER,FILLED,NO_CONTINGENCY,,,,,,,,b1916d7d-6bca-4eba-b87a-1d597a4f0c96,1584633600000000000,1584633600000000000
BACKTESTER-001,QuantBT-001-001,ETHUSDT-PERP.BINANCE,BINANCE-1-045,ETHUSDT-PERP.BINANCE-QuantBT-001-001,BINANCE-001,T-608bc3af17a7bfff-7857,MARKET,BUY,89.396,IOC,False,False,89.396,TAKER,123.28,0.0,['4.40829555 USDT'],NO_TRIGGER,FILLED,NO_CONTINGENCY,,,,,,,,b3d9834c-b449-4445-83f3-14b9f53a2674,1584925200000000000,1584925200000000000
BACKTESTER-001,QuantBT-001-001,ETHUSDT-PERP.BINANCE,BINANCE-1-046,ETHUSDT-PERP.BINANCE-QuantBT-001-001,BINANCE-001,T-7e1de38156a7e042-7862,MARKET,SELL,89.396,IOC,False,False,89.396,TAKER,124.13,0.0,['4.43869019 USDT'],NO_TRIGGER,FILLED,NO_CONTINGENCY,,,,,,,,14378859-44ce-47f5-b4f7-3ab4fba8beba,1584928800000000000,1584928800000000000
BACKTESTER-001,QuantBT-001-001,ETHUSDT-PERP.BINANCE,BINANCE-1-047,ETHUSDT-PERP.BINANCE-QuantBT-001-001,BINANCE-001,T-e6f794e3ce729672-8793,MARKET,BUY,83.999,IOC,False,False,83.999,TAKER,131.6,0.0,['4.42170736 USDT'],NO_TRIGGER,FILLED,NO_CONTINGENCY,,,,,,,,148c7790-895a-4872-9419-aa27e1d9b2bd,1585774800000000000,1585774800000000000
BACKTESTER-001,QuantBT-001-001,ETHUSDT-PERP.BINANCE,BINANCE-1-048,ETHUSDT-PERP.BINANCE-QuantBT-001-001,BINANCE-001,T-e089a4519eca0560-8882,MARKET,SELL,83.999,IOC,False,False,83.999,TAKER,140.87,0.0,['4.73317565 USDT'],NO_TRIGGER,FILLED,NO_CONTINGENCY,,,,,,,,e502bc9c-bb57-4ce6-beb5-cc5e64e6f2a8,1585854000000000000,1585854000000000000
BACKTESTER-001,QuantBT-001-001,ETHUSDT-PERP.BINANCE,BINANCE-1-049,ETHUSDT-PERP.BINANCE-QuantBT-001-001,BINANCE-001,T-84a0cd23fc69263f-9243,MARKET,SELL,73.374,IOC,False,False,73.374,TAKER,155.9,0.0,['4.57560264 USDT'],NO_TRIGGER,FILLED,NO_CONTINGENCY,,,,,,,,d85511a3-3b93-4369-81e0-0547e03f683f,1586181600000000000,1586181600000000000
BACKTESTER-001,QuantBT-001-001,ETHUSDT-PERP.BINANCE,BINANCE-1-050,ETHUSDT-PERP.BINANCE-QuantBT-001-001,BINANCE-001,T-1f7243e2b2a59fc6-9252,MARKET,BUY,73.374,IOC,False,False,73.374,TAKER,163.32,0.0,['4.79337667 USDT'],NO_TRIGGER,FILLED,NO_CONTINGENCY,,,,,,,,4a2385c4-bb07-4614-9d6a-ca5c1b2b04b7,1586188800000000000,1586188800000000000
BACKTESTER-001,QuantBT-001-001,ETHUSDT-PERP.BINANCE,BINANCE-1-051,ETHUSDT-PERP.BINANCE-QuantBT-001-001,BINANCE-001,T-9098432bbd696264-10376,MARKET,BUY,60.859,IOC,False,False,60.859,TAKER,183.41,0.0,['4.46485968 USDT'],NO_TRIGGER,FILLED,NO_CONTINGENCY,,,,,,,,7722c334-e283-4fe0-8ed9-5b48d93cf3ce,1587214800000000000,1587214800000000000
BACKTESTER-001,QuantBT-001-001,ETHUSDT-PERP.BINANCE,BINANCE-1-052,ETHUSDT-PERP.BINANCE-QuantBT-001-001,BINANCE-001,T-69e4dbdeadba3151-10393,MARKET,SELL,60.859,IOC,False,False,60.859,TAKER,182.43,0.0,['4.44100295 USDT'],NO_TRIGGER,FILLED,NO_CONTINGENCY,,,,,,,,bf6313b2-bad6-4ff8-8241-771b2f41b257,1587229200000000000,1587229200000000000
BACKTESTER-001,QuantBT-001-001,ETHUSDT-PERP.BINANCE,BINANCE-1-053,ETHUSDT-PERP.BINANCE-QuantBT-001-001,BINANCE-001,T-97f6f9f8f3ccd7b4-10865,MARKET,BUY,58.769,IOC,False,False,58.769,TAKER,189.35,0.0,['4.45116406 USDT'],NO_TRIGGER,FILLED,NO_CONTINGENCY,,,,,,,,be53c3ff-e0e6-4625-bf04-317851a6cbbe,1587654000000000000,1587654000000000000
BACKTESTER-001,QuantBT-001-001,ETHUSDT-PERP.BINANCE,BINANCE-1-054,ETHUSDT-PERP.BINANCE-QuantBT-001-001,BINANCE-001,T-d0f52bea7c71120a-10902,MARKET,SELL,58.769,IOC,False,False,58.769,TAKER,186.27,0.0,['4.37876065 USDT'],NO_TRIGGER,FILLED,NO_CONTINGENCY,,,,,,,,e3f4d8d0-e7a8-4f00-a0f4-cec64e5dbde8,1587686400000000000,1587686400000000000
BACKTESTER-001,QuantBT-001-001,ETHUSDT-PERP.BINANCE,BINANCE-1-055,ETHUSDT-PERP.BINANCE-QuantBT-001-001,BINANCE-001,T-156a36a0fdc7952a-11047,MARKET,SELL,56.789,IOC,False,False,56.789,TAKER,194.28,0.0,['4.41318677 USDT'],NO_TRIGGER,FILLED,NO_CONTINGENCY,,,,,,,,72f28da4-dc1b-4a99-8dad-4153a9141799,1587816000000000000,1587816000000000000
BACKTESTER-001,QuantBT-001-001,ETHUSDT-PERP.BINANCE,BINANCE-1-056,ETHUSDT-PERP.BINANCE-QuantBT-001-001,BINANCE-001,T-cc1d631001411f0b-11056,MARKET,BUY,56.789,IOC,False,False,56.789,TAKER,195.56,0.0,['4.44226274 USDT'],NO_TRIGGER,FILLED,NO_CONTINGENCY,,,,,,,,4b3f9f68-6be6-4ab0-9421-ee3ac7570440,1587823200000000000,1587823200000000000
BACKTESTER-001,QuantBT-001-001,ETHUSDT-PERP.BINANCE,BINANCE-1-057,ETHUSDT-PERP.BINANCE-QuantBT-001-001,BINANCE-001,T-b638fd3df66f9fee-11156,MARKET,SELL,56.646,IOC,False,False,56.646,TAKER,194.05,0.0,['4.39686252 USDT'],NO_TRIGGER,FILLED,NO_CONTINGENCY,,,,,,,,defbdce0-0eaa-4ea2-852a-04cfea1288e7,1587913200000000000,1587913200000000000
BACKTESTER-001,QuantBT-001-001,ETHUSDT-PERP.BINANCE,BINANCE-1-058,ETHUSDT-PERP.BINANCE-QuantBT-001-001,BINANCE-001,T-8cd158be5893d7f3-11249,MARKET,BUY,56.646,IOC,False,False,56.646,TAKER,191.89,0.0,['4.34792038 USDT'],NO_TRIGGER,FILLED,NO_CONTINGENCY,,,,,,,,57ce32f5-4db9-445a-b9f3-d81b37be09a1,1587996000000000000,1587996000000000000
BACKTESTER-001,QuantBT-001-001,ETHUSDT-PERP.BINANCE,BINANCE-1-059,ETHUSDT-PERP.BINANCE-QuantBT-001-001,BINANCE-001,T-8a44b2c54c8b0c78-11442,MARKET,SELL,52.752,IOC,False,False,52.752,TAKER,209.45,0.0,['4.41956256 USDT'],NO_TRIGGER,FILLED,NO_CONTINGENCY,,,,,,,,b64b2521-b93c-4c45-9bba-f6216252c930,1588168800000000000,1588168800000000000
BACKTESTER-001,QuantBT-001-001,ETHUSDT-PERP.BINANCE,BINANCE-1-060,ETHUSDT-PERP.BINANCE-QuantBT-001-001,BINANCE-001,T-d40615c86e751f20-11455,MARKET,BUY,52.752,IOC,False,False,52.752,TAKER,215.29,0.0,['4.54279123 USDT'],NO_TRIGGER,FILLED,NO_CONTINGENCY,,,,,,,,73537533-1323-4429-b609-0c52ec72c363,1588179600000000000,1588179600000000000
BACKTESTER-001,QuantBT-001-001,ETHUSDT-PERP.BINANCE,BINANCE-1-061,ETHUSDT-PERP.BINANCE-QuantBT-001-001,BINANCE-001,T-b3f51d0afde8d0bc-11460,MARKET,SELL,50.715,IOC,False,False,50.715,TAKER,214.74,0.0,['4.35621564 USDT'],NO_TRIGGER,FILLED,NO_CONTINGENCY,,,,,,,,c6ada92d-f184-4744-9900-6d043491117a,1588183200000000000,1588183200000000000
BACKTESTER-001,QuantBT-001-001,ETHUSDT-PERP.BINANCE,BINANCE-1-062,ETHUSDT-PERP.BINANCE-QuantBT-001-001,BINANCE-001,T-5c1ac27743f0f103-11493,MARKET,BUY,50.715,IOC,False,False,50.715,TAKER,218.5,0.0,['4.43249100 USDT'],NO_TRIGGER,FILLED,NO_CONTINGENCY,,,,,,,,7c6320bc-eeb2-4a4d-a93a-f646be6edc11,1588212000000000000,1588212000000000000
BACKTESTER-001,QuantBT-001-001,ETHUSDT-PERP.BINANCE,BINANCE-1-063,ETHUSDT-PERP.BINANCE-QuantBT-001-001,BINANCE-001,T-2415863a51f08fa6-13350,MARKET,SELL,51.136,IOC,False,False,51.136,TAKER,211.02,0.0,['4.31628749 USDT'],NO_TRIGGER,FILLED,NO_CONTINGENCY,,,,,,,,f3528e9c-0554-4df9-b907-1448c2d8d49d,1589889600000000000,1589889600000000000
BACKTESTER-001,QuantBT-001-001,ETHUSDT-PERP.BINANCE,BINANCE-1-064,ETHUSDT-PERP.BINANCE-QuantBT-001-001,BINANCE-001,T-830e163329f2c971-13427,MARKET,BUY,51.136,IOC,False,False,51.136,TAKER,213.4,0.0,['4.36496896 USDT'],NO_TRIGGER,FILLED,NO_CONTINGENCY,,,,,,,,a9eee987-d92d-42b0-943b-46d69f4d1bec,1589958000000000000,1589958000000000000
BACKTESTER-001,QuantBT-001-001,ETHUSDT-PERP.BINANCE,BINANCE-1-065,ETHUSDT-PERP.BINANCE-QuantBT-001-001,BINANCE-001,T-9da90a8658becf23-13464,MARKET,SELL,51.282,IOC,False,False,51.282,TAKER,209.15,0.0,['4.29025212 USDT'],NO_TRIGGER,FILLED,NO_CONTINGENCY,,,,,,,,25abec5c-f947-4b81-a075-b5f8ed7e949c,1589990400000000000,1589990400000000000
BACKTESTER-001,QuantBT-001-001,ETHUSDT-PERP.BINANCE,BINANCE-1-066,ETHUSDT-PERP.BINANCE-QuantBT-001-001,BINANCE-001,T-c6185fe433797329-13489,MARKET,BUY,51.282,IOC,False,False,51.282,TAKER,210.1,0.0,['4.30973928 USDT'],NO_TRIGGER,FILLED,NO_CONTINGENCY,,,,,,,,f35218a8-5bd5-4bd9-b241-c389e92c5ab8,1590012000000000000,1590012000000000000
BACKTESTER-001,QuantBT-001-001,ETHUSDT-PERP.BINANCE,BINANCE-1-067,ETHUSDT-PERP.BINANCE-QuantBT-001-001,BINANCE-001,T-e5fb1cb7b9171f47-14222,MARKET,BUY,51.118,IOC,False,False,51.118,TAKER,209.26,0.0,['4.27878107 USDT'],NO_TRIGGER,FILLED,NO_CONTINGENCY,,,,,,,,ae0a28c7-fca5-4884-bbc5-6e82199037fe,1590670800000000000,1590670800000000000
BACKTESTER-001,QuantBT-001-001,ETHUSDT-PERP.BINANCE,BINANCE-1-068,ETHUSDT-PERP.BINANCE-QuantBT-001-001,BINANCE-001,T-f225eee1682777ca-14980,MARKET,SELL,51.118,IOC,False,False,51.118,TAKER,243.3,0.0,['4.97480376 USDT'],NO_TRIGGER,FILLED,NO_CONTINGENCY,,,,,,,,75980255-2bab-4ed3-be2f-d48dfe1fa867,1591354800000000000,1591354800000000000
BACKTESTER-001,QuantBT-001-001,ETHUSDT-PERP.BINANCE,BINANCE-1-069,ETHUSDT-PERP.BINANCE-QuantBT-001-001,BINANCE-001,T-cf0441d702726190-15208,MARKET,BUY,47.668,IOC,False,False,47.668,TAKER,242.56,0.0,['4.62494003 USDT'],NO_TRIGGER,FILLED,NO_CONTINGENCY,,,,,,,,f8c1e2d8-2631-4866-ad7a-5ab331e7b8ff,1591560000000000000,1591560000000000000
BACKTESTER-001,QuantBT-001-001,ETHUSDT-PERP.BINANCE,BINANCE-1-070,ETHUSDT-PERP.BINANCE-QuantBT-001-001,BINANCE-001,T-3d25bc0f5969e6f7-15325,MARKET,SELL,47.668,IOC,False,False,47.668,TAKER,243.96,0.0,['4.65163411 USDT'],NO_TRIGGER,FILLED,NO_CONTINGENCY,,,,,,,,4b3895de-f032-4a8e-8583-57f916271ddf,1591664400000000000,1591664400000000000
BACKTESTER-001,QuantBT-001-001,ETHUSDT-PERP.BINANCE,BINANCE-1-071,ETHUSDT-PERP.BINANCE-QuantBT-001-001,BINANCE-001,T-792e84a9db268e49-15494,MARKET,BUY,46.933,IOC,False,False,46.933,TAKER,246.97,0.0,['4.63641720 USDT'],NO_TRIGGER,FILLED,NO_CONTINGENCY,,,,,,,,7d5985ee-53ea-42ae-a79b-bad6d6cc854f,1591815600000000000,1591815600000000000
BACKTESTER-001,QuantBT-001-001,ETHUSDT-PERP.BINANCE,BINANCE-1-072,ETHUSDT-PERP.BINANCE-QuantBT-001-001,BINANCE-001,T-3cf382aedaae2896-15570,MARKET,SELL,46.933,IOC,False,False,46.933,TAKER,241.11,0.0,['4.52640625 USDT'],NO_TRIGGER,FILLED,NO_CONTINGENCY,,,,,,,,5c6fa897-2c26-4a4e-91ff-20c274e1ca2b,1591884000000000000,1591884000000000000
BACKTESTER-001,QuantBT-001-001,ETHUSDT-PERP.BINANCE,BINANCE-1-073,ETHUSDT-PERP.BINANCE-QuantBT-001-001,BINANCE-001,T-afac2d6a6262e71c-16577,MARKET,BUY,48.871,IOC,False,False,48.871,TAKER,234.27,0.0,['4.57960367 USDT'],NO_TRIGGER,FILLED,NO_CONTINGENCY,,,,,,,,f6ad6153-8c8b-4f45-b854-d0a98522319c,1592794800000000000,1592794800000000000
BACKTESTER-001,QuantBT-001-001,ETHUSDT-PERP.BINANCE,BINANCE-1-074,ETHUSDT-PERP.BINANCE-QuantBT-001-001,BINANCE-001,T-afc0454e2ca4fd52-16788,MARKET,SELL,48.871,IOC,False,False,48.871,TAKER,243.03,0.0,['4.75084765 USDT'],NO_TRIGGER,FILLED,NO_CONTINGENCY,,,,,,,,f0b5ebd9-95f7-40c2-b73d-7170d9a6efd7,1592985600000000000,1592985600000000000
BACKTESTER-001,QuantBT-001-001,ETHUSDT-PERP.BINANCE,BINANCE-1-075,ETHUSDT-PERP.BINANCE-QuantBT-001-001,BINANCE-001,T-3116234505dcccd0-18115,MARKET,SELL,48.739,IOC,False,False,48.739,TAKER,239.2,0.0,['4.66334752 USDT'],NO_TRIGGER,FILLED,NO_CONTINGENCY,,,,,,,,240c0faf-fb3b-49ec-84a1-6a24f776ee96,1594184400000000000,1594184400000000000
BACKTESTER-001,QuantBT-001-001,ETHUSDT-PERP.BINANCE,BINANCE-1-076,ETHUSDT-PERP.BINANCE-QuantBT-001-001,BINANCE-001,T-3fbf4eef4de6b934-18140,MARKET,BUY,48.739,IOC,False,False,48.739,TAKER,244.13,0.0,['4.75946083 USDT'],NO_TRIGGER,FILLED,NO_CONTINGENCY,,,,,,,,118a82f1-3c32-4116-847c-3664e4f839cd,1594206000000000000,1594206000000000000
BACKTESTER-001,QuantBT-001-001,ETHUSDT-PERP.BINANCE,BINANCE-1-077,ETHUSDT-PERP.BINANCE-QuantBT-001-001,BINANCE-001,T-83fec18bd2ba36f7-18149,MARKET,SELL,46.806,IOC,False,False,46.806,TAKER,246.41,0.0,['4.61338658 USDT'],NO_TRIGGER,FILLED,NO_CONTINGENCY,,,,,,,,6f5d4a7f-61e3-4a76-b270-87e38dc4985a,1594213200000000000,1594213200000000000
BACKTESTER-001,QuantBT-001-001,ETHUSDT-PERP.BINANCE,BINANCE-1-078,ETHUSDT-PERP.BINANCE-QuantBT-001-001,BINANCE-001,T-2a388a232df9f72c-18154,MARKET,BUY,46.806,IOC,False,False,46.806,TAKER,245.84,0.0,['4.60271482 USDT'],NO_TRIGGER,FILLED,NO_CONTINGENCY,,,,,,,,f660a462-f642-4e0b-b0c2-1dfabf21632d,1594216800000000000,1594216800000000000
BACKTESTER-001,QuantBT-001-001,ETHUSDT-PERP.BINANCE,BINANCE-1-079,ETHUSDT-PERP.BINANCE-QuantBT-001-001,BINANCE-001,T-7f474b32ffa66ea2-18572,MARKET,BUY,47.534,IOC,False,False,47.534,TAKER,242.82,0.0,['4.61688235 USDT'],NO_TRIGGER,FILLED,NO_CONTINGENCY,,,,,,,,5035e0b4-2af7-4bbd-94b9-eb8aab833fac,1594594800000000000,1594594800000000000
BACKTESTER-001,QuantBT-001-001,ETHUSDT-PERP.BINANCE,BINANCE-1-080,ETHUSDT-PERP.BINANCE-QuantBT-001-001,BINANCE-001,T-830a68fb59b39627-18655,MARKET,SELL,47.534,IOC,False,False,47.534,TAKER,239.14,0.0,['4.54691230 USDT'],NO_TRIGGER,FILLED,NO_CONTINGENCY,,,,,,,,a457c68b-cf5f-47c4-aee3-72401a55fddc,1594670400000000000,1594670400000000000
BACKTESTER-001,QuantBT-001-001,ETHUSDT-PERP.BINANCE,BINANCE-1-081,ETHUSDT-PERP.BINANCE-QuantBT-001-001,BINANCE-001,T-aad9d52a6a56b7d6-18891,MARKET,SELL,49.237,IOC,False,False,49.237,TAKER,232.55,0.0,['4.58002574 USDT'],NO_TRIGGER,FILLED,NO_CONTINGENCY,,,,,,,,d6d498b4-2e83-41a2-ba50-9de9a34c6199,1594882800000000000,1594882800000000000
BACKTESTER-001,QuantBT-001-001,ETHUSDT-PERP.BINANCE,BINANCE-1-082,ETHUSDT-PERP.BINANCE-QuantBT-001-001,BINANCE-001,T-850c67b532034b7e-19241,MARKET,BUY,49.237,IOC,False,False,49.237,TAKER,239.19,0.0,['4.71079921 USDT'],NO_TRIGGER,FILLED,NO_CONTINGENCY,,,,,,,,f609d845-e0bc-4dee-b8e0-02fc8a20dea7,1595199600000000000,1595199600000000000
BACKTESTER-001,QuantBT-001-001,ETHUSDT-PERP.BINANCE,BINANCE-1-083,ETHUSDT-PERP.BINANCE-QuantBT-001-001,BINANCE-001,T-7e3afca7b715f2bc-19788,MARKET,BUY,37.998,IOC,False,False,37.998,TAKER,296.91,0.0,['4.51279447 USDT'],NO_TRIGGER,FILLED,NO_CONTINGENCY,,,,,,,,f79d1801-cd07-40d8-a3f6-bc6885d9ae34,1595696400000000000,1595696400000000000
BACKTESTER-001,QuantBT-001-001,ETHUSDT-PERP.BINANCE,BINANCE-1-084,ETHUSDT-PERP.BINANCE-QuantBT-001-001,BINANCE-001,T-6b9488ebef6306c5-20436,MARKET,SELL,37.998,IOC,False,False,37.998,TAKER,356.67,0.0,['5.42109866 USDT'],NO_TRIGGER,FILLED,NO_CONTINGENCY,,,,,,,,1557b7f6-a3d5-447f-933e-f55645d8a806,1596279600000000000,1596279600000000000
BACKTESTER-001,QuantBT-001-001,ETHUSDT-PERP.BINANCE,BINANCE-1-085,ETHUSDT-PERP.BINANCE-QuantBT-001-001,BINANCE-001,T-4bd892db4cf6543d-20508,MARKET,SELL,33.497,IOC,False,False,33.497,TAKER,370.55,0.0,['4.96492534 USDT'],NO_TRIGGER,FILLED,NO_CONTINGENCY,,,,,,,,c997ba24-aebf-4cab-819a-347dffc314d2,1596344400000000000,1596344400000000000
BACKTESTER-001,QuantBT-001-001,ETHUSDT-PERP.BINANCE,BINANCE-1-086,ETHUSDT-PERP.BINANCE-QuantBT-001-001,BINANCE-001,T-43b2f030b14b1343-20513,MARKET,BUY,33.497,IOC,False,False,33.497,TAKER,373.96,0.0,['5.01061525 USDT'],NO_TRIGGER,FILLED,NO_CONTINGENCY,,,,,,,,e220bdd2-2c78-46d8-bbfe-7ddf3a9ec032,1596348000000000000,1596348000000000000
BACKTESTER-001,QuantBT-001-001,ETHUSDT-PERP.BINANCE,BINANCE-1-087,ETHUSDT-PERP.BINANCE-QuantBT-001-001,BINANCE-001,T-65e4305a13f2d62f-20870,MARKET,SELL,30.803,IOC,False,False,30.803,TAKER,400.95,0.0,['4.94018514 USDT'],NO_TRIGGER,FILLED,NO_CONTINGENCY,,,,,,,,8a036173-bd4a-43d2-baa4-545cfba79150,1596668400000000000,1596668400000000000
BACKTESTER-001,QuantBT-001-001,ETHUSDT-PERP.BINANCE,BINANCE-1-088,ETHUSDT-PERP.BINANCE-QuantBT-001-001,BINANCE-001,T-14a38edb165ebc7d-20875,MARKET,BUY,30.803,IOC,False,False,30.803,TAKER,399.85,0.0,['4.92663182 USDT'],NO_TRIGGER,FILLED,NO_CONTINGENCY,,,,,,,,8c121b6b-2ff5-4440-a8a5-52e31e103a02,1596672000000000000,1596672000000000000
BACKTESTER-001,QuantBT-001-001,ETHUSDT-PERP.BINANCE,BINANCE-1-089,ETHUSDT-PERP.BINANCE-QuantBT-001-001,BINANCE-001,T-14026e1c427b0914-21993,MARKET,BUY,28.038,IOC,False,False,28.038,TAKER,440.92,0.0,['4.94500598 USDT'],NO_TRIGGER,FILLED,NO_CONTINGENCY,,,,,,,,7b72d1c7-9099-488e-a483-918af0f54dcc,1597680000000000000,1597680000000000000
BACKTESTER-001,QuantBT-001-001,ETHUSDT-PERP.BINANCE,BINANCE-1-090,ETHUSDT-PERP.BINANCE-QuantBT-001-001,BINANCE-001,T-1a752569fa1cd748-22006,MARKET,SELL,28.038,IOC,False,False,28.038,TAKER,438.39,0.0,['4.91663153 USDT'],NO_TRIGGER,FILLED,NO_CONTINGENCY,,,,,,,,9afa71bc-81b8-4f0a-9911-85e15b7bfdb1,1597690800000000000,1597690800000000000
BACKTESTER-001,QuantBT-001-001,ETHUSDT-PERP.BINANCE,BINANCE-1-091,ETHUSDT-PERP.BINANCE-QuantBT-001-001,BINANCE-001,T-d590c832ac9f7c7a-22561,MARKET,BUY,31.601,IOC,False,False,31.601,TAKER,389.92,0.0,['4.92874477 USDT'],NO_TRIGGER,FILLED,NO_CONTINGENCY,,,,,,,,39e56a38-cbd5-477b-9ecc-a3940a746778,1598191200000000000,1598191200000000000
BACKTESTER-001,QuantBT-001-001,ETHUSDT-PERP.BINANCE,BINANCE-1-092,ETHUSDT-PERP.BINANCE-QuantBT-001-001,BINANCE-001,T-8b79bb90997cac53-22755,MARKET,SELL,31.601,IOC,False,False,31.601,TAKER,385.76,0.0,['4.87616070 USDT'],NO_TRIGGER,FILLED,NO_CONTINGENCY,,,,,,,,047c3de4-891b-465e-b88d-c82600595850,1598367600000000000,1598367600000000000
BACKTESTER-001,QuantBT-001-001,ETHUSDT-PERP.BINANCE,BINANCE-1-093,ETHUSDT-PERP.BINANCE-QuantBT-001-001,BINANCE-001,T-1b1f78696d6ffde7-22772,MARKET,BUY,32.268,IOC,False,False,32.268,TAKER,379.67,0.0,['4.90047662 USDT'],NO_TRIGGER,FILLED,NO_CONTINGENCY,,,,,,,,c2dd7767-356b-4a74-8cd0-0d7637cd2d11,1598382000000000000,1598382000000000000
BACKTESTER-001,QuantBT-001-001,ETHUSDT-PERP.BINANCE,BINANCE-1-094,ETHUSDT-PERP.BINANCE-QuantBT-001-001,BINANCE-001,T-42e06b28e0272a21-22960,MARKET,SELL,32.268,IOC,False,False,32.268,TAKER,380.55,0.0,['4.91183496 USDT'],NO_TRIGGER,FILLED,NO_CONTINGENCY,,,,,,,,5857a351-b31c-4a9b-bb51-64758b8d178b,1598551200000000000,1598551200000000000
BACKTESTER-001,QuantBT-001-001,ETHUSDT-PERP.BINANCE,BINANCE-1-095,ETHUSDT-PERP.BINANCE-QuantBT-001-001,BINANCE-001,T-3fc5991094e64b74-23125,MARKET,SELL,30.814,IOC,False,False,30.814,TAKER,397.89,0.0,['4.90423298 USDT'],NO_TRIGGER,FILLED,NO_CONTINGENCY,,,,,,,,3cfcb9ac-8885-41f0-a634-f3b5edaf4946,1598698800000000000,1598698800000000000
BACKTESTER-001,QuantBT-001-001,ETHUSDT-PERP.BINANCE,BINANCE-1-096,ETHUSDT-PERP.BINANCE-QuantBT-001-001,BINANCE-001,T-13dbd27ee116db5b-23146,MARKET,BUY,30.814,IOC,False,False,30.814,TAKER,402.64,0.0,['4.96277958 USDT'],NO_TRIGGER,FILLED,NO_CONTINGENCY,,,,,,,,adae0ebd-edb1-472c-b667-faa29ab17957,1598716800000000000,1598716800000000000
BACKTESTER-001,QuantBT-001-001,ETHUSDT-PERP.BINANCE,BINANCE-1-097,ETHUSDT-PERP.BINANCE-QuantBT-001-001,BINANCE-001,T-dcd9e11df74fd2d9-23435,MARKET,BUY,25.433,IOC,False,False,25.433,TAKER,479.01,0.0,['4.87306453 USDT'],NO_TRIGGER,FILLED,NO_CONTINGENCY,,,,,,,,473effff-5576-4f14-a836-f57d3f2cb945,1598976000000000000,1598976000000000000
BACKTESTER-001,QuantBT-001-001,ETHUSDT-PERP.BINANCE,BINANCE-1-098,ETHUSDT-PERP.BINANCE-QuantBT-001-001,BINANCE-001,T-c938e42e63556d7d-23440,MARKET,SELL,25.433,IOC,False,False,25.433,TAKER,475.63,0.0,['4.83867912 USDT'],NO_TRIGGER,FILLED,NO_CONTINGENCY,,,,,,,,813d4a85-2f02-4f73-b3de-17c3ca95a34c,1598979600000000000,1598979600000000000
BACKTESTER-001,QuantBT-001-001,ETHUSDT-PERP.BINANCE,BINANCE-1-099,ETHUSDT-PERP.BINANCE-QuantBT-001-001,BINANCE-001,T-112aaaa62b580ec8-23719,MARKET,SELL,31.578,IOC,False,False,31.578,TAKER,384.28,0.0,['4.85391754 USDT'],NO_TRIGGER,FILLED,NO_CONTINGENCY,,,,,,,,cb799396-2ba5-4e77-b131-8484a797fadb,1599231600000000000,1599231600000000000
BACKTESTER-001,QuantBT-001-001,ETHUSDT-PERP.BINANCE,BINANCE-1-100,ETHUSDT-PERP.BINANCE-QuantBT-001-001,BINANCE-001,T-8e5b14bc0d1ee65f-23740,MARKET,BUY,31.578,IOC,False,False,31.578,TAKER,391.28,0.0,['4.94233594 USDT'],NO_TRIGGER,FILLED,NO_CONTINGENCY,,,,,,,,3c5589e7-0642-433a-a706-3c3b309a09fe,1599249600000000000,1599249600000000000
BACKTESTER-001,QuantBT-001-001,ETHUSDT-PERP.BINANCE,BINANCE-1-101,ETHUSDT-PERP.BINANCE-QuantBT-001-001,BINANCE-001,T-6b191fdefc118ffd-24911,MARKET,BUY,31.623,IOC,False,False,31.623,TAKER,380.08,0.0,['4.80770794 USDT'],NO_TRIGGER,FILLED,NO_CONTINGENCY,,,,,,,,cc500986-d7d3-4796-90bd-91c9d44bc3ac,1600308000000000000,1600308000000000000
BACKTESTER-001,QuantBT-001-001,ETHUSDT-PERP.BINANCE,BINANCE-1-102,ETHUSDT-PERP.BINANCE-QuantBT-001-001,BINANCE-001,T-e3c96793dcbbc666-24948,MARKET,SELL,31.623,IOC,False,False,31.623,TAKER,382.79,0.0,['4.84198727 USDT'],NO_TRIGGER,FILLED,NO_CONTINGENCY,,,,,,,,c21a94be-213c-4a8d-85c7-c7e442c18ca1,1600340400000000000,1600340400000000000
BACKTESTER-001,QuantBT-001-001,ETHUSDT-PERP.BINANCE,BINANCE-1-103,ETHUSDT-PERP.BINANCE-QuantBT-001-001,BINANCE-001,T-411903e4747870a7-26955,MARKET,BUY,35.064,IOC,False,False,35.064,TAKER,343.86,0.0,['4.82284282 USDT'],NO_TRIGGER,FILLED,NO_CONTINGENCY,,,,,,,,287f8ced-2aec-48e6-b72a-b10f79204b34,1602162000000000000,1602162000000000000
BACKTESTER-001,QuantBT-001-001,ETHUSDT-PERP.BINANCE,BINANCE-1-104,ETHUSDT-PERP.BINANCE-QuantBT-001-001,BINANCE-001,T-17fbb45c51412dae-27537,MARKET,SELL,35.064,IOC,False,False,35.064,TAKER,375.92,0.0,['5.27250355 USDT'],NO_TRIGGER,FILLED,NO_CONTINGENCY,,,,,,,,0b83da7e-b9c8-48a7-af37-c415943ce990,1602687600000000000,1602687600000000000
BACKTESTER-001,QuantBT-001-001,ETHUSDT-PERP.BINANCE,BINANCE-1-105,ETHUSDT-PERP.BINANCE-QuantBT-001-001,BINANCE-001,T-e40ecc083804bb37-27625,MARKET,BUY,33.461,IOC,False,False,33.461,TAKER,376.99,0.0,['5.04578496 USDT'],NO_TRIGGER,FILLED,NO_CONTINGENCY,,,,,,,,22738e85-45bc-4b5c-a335-3b5902b867f2,1602766800000000000,1602766800000000000
BACKTESTER-001,QuantBT-001-001,ETHUSDT-PERP.BINANCE,BINANCE-1-106,ETHUSDT-PERP.BINANCE-QuantBT-001-001,BINANCE-001,T-895ff677d202ebb9-27690,MARKET,SELL,33.461,IOC,False,False,33.461,TAKER,370.0,0.0,['4.95222800 USDT'],NO_TRIGGER,FILLED,NO_CONTINGENCY,,,,,,,,e79543e1-e760-4a5b-aa4e-db84aff6166d,1602824400000000000,1602824400000000000
BACKTESTER-001,QuantBT-001-001,ETHUSDT-PERP.BINANCE,BINANCE-1-107,ETHUSDT-PERP.BINANCE-QuantBT-001-001,BINANCE-001,T-50f07e211512019a-28288,MARKET,BUY,30.047,IOC,False,False,30.047,TAKER,415.76,0.0,['4.99693629 USDT'],NO_TRIGGER,FILLED,NO_CONTINGENCY,,,,,,,,45725f5d-8b3f-4665-a724-0a312e0df173,1603364400000000000,1603364400000000000
BACKTESTER-001,QuantBT-001-001,ETHUSDT-PERP.BINANCE,BINANCE-1-108,ETHUSDT-PERP.BINANCE-QuantBT-001-001,BINANCE-001,T-f833ae11eebe058c-28408,MARKET,SELL,30.047,IOC,False,False,30.047,TAKER,405.56,0.0,['4.87434453 USDT'],NO_TRIGGER,FILLED,NO_CONTINGENCY,,,,,,,,ba3f060c-94d7-45cc-a1a1-c831201a719a,1603472400000000000,1603472400000000000
BACKTESTER-001,QuantBT-001-001,ETHUSDT-PERP.BINANCE,BINANCE-1-109,ETHUSDT-PERP.BINANCE-QuantBT-001-001,BINANCE-001,T-dee878a53b58e1f8-29149,MARKET,SELL,31.595,IOC,False,False,31.595,TAKER,390.38,0.0,['4.93362244 USDT'],NO_TRIGGER,FILLED,NO_CONTINGENCY,,,,,,,,2ed9fe2b-5cc9-449d-ad29-9b476916793d,1604142000000000000,1604142000000000000
BACKTESTER-001,QuantBT-001-001,ETHUSDT-PERP.BINANCE,BINANCE-1-110,ETHUSDT-PERP.BINANCE-QuantBT-001-001,BINANCE-001,T-2eceafbe9d82f1b9-29285,MARKET,BUY,31.595,IOC,False,False,31.595,TAKER,396.93,0.0,['5.01640134 USDT'],NO_TRIGGER,FILLED,NO_CONTINGENCY,,,,,,,,4e7affea-7096-4c78-9ff9-60e13692db75,1604264400000000000,1604264400000000000
BACKTESTER-001,QuantBT-001-001,ETHUSDT-PERP.BINANCE,BINANCE-1-111,ETHUSDT-PERP.BINANCE-QuantBT-001-001,BINANCE-001,T-fea107a34c24c8b7-29558,MARKET,BUY,30.508,IOC,False,False,30.508,TAKER,400.74,0.0,['4.89031037 USDT'],NO_TRIGGER,FILLED,NO_CONTINGENCY,,,,,,,,eeb2fd8e-7bcb-43d2-88ff-8689f53014fd,1604509200000000000,1604509200000000000
BACKTESTER-001,QuantBT-001-001,ETHUSDT-PERP.BINANCE,BINANCE-1-112,ETHUSDT-PERP.BINANCE-QuantBT-001-001,BINANCE-001,T-3f4929483b37d247-29623,MARKET,SELL,30.508,IOC,False,False,30.508,TAKER,398.37,0.0,['4.86138878 USDT'],NO_TRIGGER,FILLED,NO_CONTINGENCY,,,,,,,,a5c2d33f-5e59-46fe-9ff9-1b2d9782000f,1604566800000000000,1604566800000000000
BACKTESTER-001,QuantBT-001-001,ETHUSDT-PERP.BINANCE,BINANCE-1-113,ETHUSDT-PERP.BINANCE-QuantBT-001-001,BINANCE-001,T-b1572055296f4462-30517,MARKET,BUY,26.480,IOC,False,False,26.480,TAKER,460.14,0.0,['4.87380288 USDT'],NO_TRIGGER,FILLED,NO_CONTINGENCY,,,,,,,,5fa608e5-6445-4679-b983-0be5824a7ccc,1605376800000000000,1605376800000000000
BACKTESTER-001,QuantBT-001-001,ETHUSDT-PERP.BINANCE,BINANCE-1-114,ETHUSDT-PERP.BINANCE-QuantBT-001-001,BINANCE-001,T-92548c96ae46c706-30610,MARKET,SELL,26.480,IOC,False,False,26.480,TAKER,445.66,0.0,['4.72043072 USDT'],NO_TRIGGER,FILLED,NO_CONTINGENCY,,,,,,,,14e56aa9-b2ee-4b7c-a298-016b3e0c32a9,1605459600000000000,1605459600000000000
BACKTESTER-001,QuantBT-001-001,ETHUSDT-PERP.BINANCE,BINANCE-1-115,ETHUSDT-PERP.BINANCE-QuantBT-001-001,BINANCE-001,T-b1b36332be12804b-30707,MARKET,SELL,25.920,IOC,False,False,25.920,TAKER,462.5,0.0,['4.79520000 USDT'],NO_TRIGGER,FILLED,NO_CONTINGENCY,,,,,,,,f18a15c7-eadb-4131-a789-ce508a12a202,1605546000000000000,1605546000000000000
BACKTESTER-001,QuantBT-001-001,ETHUSDT-PERP.BINANCE,BINANCE-1-116,ETHUSDT-PERP.BINANCE-QuantBT-001-001,BINANCE-001,T-b9e1100637e632b4-30740,MARKET,BUY,25.920,IOC,False,False,25.920,TAKER,465.54,0.0,['4.82671872 USDT'],NO_TRIGGER,FILLED,NO_CONTINGENCY,,,,,,,,2cc676d0-1f9c-46a9-b8d9-5842d241041d,1605574800000000000,1605574800000000000
BACKTESTER-001,QuantBT-001-001,ETHUSDT-PERP.BINANCE,BINANCE-1-117,ETHUSDT-PERP.BINANCE-QuantBT-001-001,BINANCE-001,T-3a12c5e559f109f6-31064,MARKET,SELL,23.581,IOC,False,False,23.581,TAKER,506.5,0.0,['4.77751060 USDT'],NO_TRIGGER,FILLED,NO_CONTINGENCY,,,,,,,,c8aa0b19-2264-4309-8756-0d0d129d3d6d,1605866400000000000,1605866400000000000
BACKTESTER-001,QuantBT-001-001,ETHUSDT-PERP.BINANCE,BINANCE-1-118,ETHUSDT-PERP.BINANCE-QuantBT-001-001,BINANCE-001,T-2de17d217cebd45b-31069,MARKET,BUY,23.581,IOC,False,False,23.581,TAKER,506.19,0.0,['4.77458656 USDT'],NO_TRIGGER,FILLED,NO_CONTINGENCY,,,,,,,,b72b43b5-49d0-4b34-a150-842497b93f9d,1605870000000000000,1605870000000000000
BACKTESTER-001,QuantBT-001-001,ETHUSDT-PERP.BINANCE,BINANCE-1-119,ETHUSDT-PERP.BINANCE-QuantBT-001-001,BINANCE-001,T-d2c3dd2a8c132bbd-31221,MARKET,SELL,21.979,IOC,False,False,21.979,TAKER,543.37,0.0,['4.77709169 USDT'],NO_TRIGGER,FILLED,NO_CONTINGENCY,,,,,,,,f47bb989-35e4-4f49-92a0-ff61b2b9e01c,1606006800000000000,1606006800000000000
BACKTESTER-001,QuantBT-001-001,ETHUSDT-PERP.BINANCE,BINANCE-1-120,ETHUSDT-PERP.BINANCE-QuantBT-001-001,BINANCE-001,T-a4b628bad6bbce34-31293,MARKET,BUY,21.979,IOC,False,False,21.979,TAKER,574.79,0.0,['5.05332376 USDT'],NO_TRIGGER,FILLED,NO_CONTINGENCY,,,,,,,,e21f0228-c2a6-4daa-904c-b1f63a298761,1606071600000000000,1606071600000000000
BACKTESTER-001,QuantBT-001-001,ETHUSDT-PERP.BINANCE,BINANCE-1-121,ETHUSDT-PERP.BINANCE-QuantBT-001-001,BINANCE-001,T-234b63c87f5134cd-32340,MARKET,SELL,18.908,IOC,False,False,18.908,TAKER,613.11,0.0,['4.63707355 USDT'],NO_TRIGGER,FILLED,NO_CONTINGENCY,,,,,,,,86ae803f-7a71-4d68-b593-c7959181f2ee,1607014800000000000,1607014800000000000
BACKTESTER-001,QuantBT-001-001,ETHUSDT-PERP.BINANCE,BINANCE-1-122,ETHUSDT-PERP.BINANCE-QuantBT-001-001,BINANCE-001,T-6255a066f591796e-32421,MARKET,BUY,18.908,IOC,False,False,18.908,TAKER,591.15,0.0,['4.47098568 USDT'],NO_TRIGGER,FILLED,NO_CONTINGENCY,,,,,,,,c28e2b2b-fba1-4e42-9847-eecc8ade1f94,1607086800000000000,1607086800000000000
BACKTESTER-001,QuantBT-001-001,ETHUSDT-PERP.BINANCE,BINANCE-1-123,ETHUSDT-PERP.BINANCE-QuantBT-001-001,BINANCE-001,T-fbfa724f6e8aa095-33046,MARKET,SELL,21.587,IOC,False,False,21.587,TAKER,546.43,0.0,['4.71831376 USDT'],NO_TRIGGER,FILLED,NO_CONTINGENCY,,,,,,,,48be05a1-0a63-4c6d-9b89-5cb280643a81,1607648400000000000,1607648400000000000
BACKTESTER-001,QuantBT-001-001,ETHUSDT-PERP.BINANCE,BINANCE-1-124,ETHUSDT-PERP.BINANCE-QuantBT-001-001,BINANCE-001,T-058951e9f66e55dc-33079,MARKET,BUY,21.587,IOC,False,False,21.587,TAKER,541.68,0.0,['4.67729846 USDT'],NO_TRIGGER,FILLED,NO_CONTINGENCY,,,,,,,,f3d4bda7-cae5-44b5-89f1-454cc1d3ef50,1607677200000000000,1607677200000000000
BACKTESTER-001,QuantBT-001-001,ETHUSDT-PERP.BINANCE,BINANCE-1-125,ETHUSDT-PERP.BINANCE-QuantBT-001-001,BINANCE-001,T-31a9ac383c79f1f6-33447,MARKET,SELL,20.320,IOC,False,False,20.320,TAKER,582.78,0.0,['4.73683584 USDT'],NO_TRIGGER,FILLED,NO_CONTINGENCY,,,,,,,,e74dfeaf-4667-481f-9ab7-1dd8e2a7188d,1608008400000000000,1608008400000000000
BACKTESTER-001,QuantBT-001-001,ETHUSDT-PERP.BINANCE,BINANCE-1-126,ETHUSDT-PERP.BINANCE-QuantBT-001-001,BINANCE-001,T-32a750516b53d018-33508,MARKET,BUY,20.320,IOC,False,False,20.320,TAKER,591.04,0.0,['4.80397312 USDT'],NO_TRIGGER,FILLED,NO_CONTINGENCY,,,,,,,,b0917b50-5319-44b4-b9be-9c9ea6ca44ac,1608062400000000000,1608062400000000000
BACKTESTER-001,QuantBT-001-001,ETHUSDT-PERP.BINANCE,BINANCE-1-127,ETHUSDT-PERP.BINANCE-QuantBT-001-001,BINANCE-001,T-028629036c1c5e91-33884,MARKET,SELL,17.812,IOC,False,False,17.812,TAKER,659.87,0.0,['4.70144178 USDT'],NO_TRIGGER,FILLED,NO_CONTINGENCY,,,,,,,,fc391843-a07f-492b-89fa-b02b1bd6ca38,1608400800000000000,1608400800000000000
BACKTESTER-001,QuantBT-001-001,ETHUSDT-PERP.BINANCE,BINANCE-1-128,ETHUSDT-PERP.BINANCE-QuantBT-001-001,BINANCE-001,T-8125b71ae6899dad-34247,MARKET,BUY,17.812,IOC,False,False,17.812,TAKER,608.44,0.0,['4.33501331 USDT'],NO_TRIGGER,FILLED,NO_CONTINGENCY,,,,,,,,3ac2abfd-ad00-4eef-a578-a6a2e9454809,1608728400000000000,1608728400000000000
BACKTESTER-001,QuantBT-001-001,ETHUSDT-PERP.BINANCE,BINANCE-1-129,ETHUSDT-PERP.BINANCE-QuantBT-001-001,BINANCE-001,T-bcefa7fc12a206f6-34544,MARKET,BUY,19.414,IOC,False,False,19.414,TAKER,628.77,0.0,['4.88277631 USDT'],NO_TRIGGER,FILLED,NO_CONTINGENCY,,,,,,,,e87f7bf0-23be-4549-9cf9-987e30c74967,1608994800000000000,1608994800000000000
BACKTESTER-001,QuantBT-001-001,ETHUSDT-PERP.BINANCE,BINANCE-1-130,ETHUSDT-PERP.BINANCE-QuantBT-001-001,BINANCE-001,T-4d52e2f0ffc2fa62-34973,MARKET,SELL,19.414,IOC,False,False,19.414,TAKER,739.08,0.0,['5.73939965 USDT'],NO_TRIGGER,FILLED,NO_CONTINGENCY,,,,,,,,efdec6c5-b5d4-4a90-b426-6f3ef33aafe4,1609380000000000000,1609380000000000000
BACKTESTER-001,QuantBT-001-001,ETHUSDT-PERP.BINANCE,BINANCE-1-131,ETHUSDT-PERP.BINANCE-QuantBT-001-001,BINANCE-001,T-d52673dd8a6edd4a-35166,MARKET,BUY,18.164,IOC,False,False,18.164,TAKER,730.69,0.0,['5.30890126 USDT'],NO_TRIGGER,FILLED,NO_CONTINGENCY,,,,,,,,54e02864-1a34-4662-b38f-e5dd19f1bb35,1609552800000000000,1609552800000000000
BACKTESTER-001,QuantBT-001-001,ETHUSDT-PERP.BINANCE,BINANCE-1-132,ETHUSDT-PERP.BINANCE-QuantBT-001-001,BINANCE-001,T-eb7ce5c1d130c1ab-35715,MARKET,SELL,18.164,IOC,False,False,18.164,TAKER,1236.5,0.0,['8.98391440 USDT'],NO_TRIGGER,FILLED,NO_CONTINGENCY,,,,,,,,335a2894-ed81-4d11-a780-f112a8c9ddfc,1610046000000000000,1610046000000000000
BACKTESTER-001,QuantBT-001-001,ETHUSDT-PERP.BINANCE,BINANCE-1-133,ETHUSDT-PERP.BINANCE-QuantBT-001-001,BINANCE-001,T-6286391f785120f5-36828,MARKET,SELL,12.904,IOC,False,False,12.904,TAKER,1383.97,0.0,['7.14349955 USDT'],NO_TRIGGER,FILLED,NO_CONTINGENCY,,,,,,,,ec984f57-63a5-464e-ba34-dc4c4b136f01,1611046800000000000,1611046800000000000
BACKTESTER-001,QuantBT-001-001,ETHUSDT-PERP.BINANCE,BINANCE-1-134,ETHUSDT-PERP.BINANCE-QuantBT-001-001,BINANCE-001,T-7a1f6a873c976d7e-36833,MARKET,BUY,12.904,IOC,False,False,12.904,TAKER,1389.15,0.0,['7.17023664 USDT'],NO_TRIGGER,FILLED,NO_CONTINGENCY,,,,,,,,42a54831-9057-4eac-9d89-50b469bd5e18,1611050400000000000,1611050400000000000
BACKTESTER-001,QuantBT-001-001,ETHUSDT-PERP.BINANCE,BINANCE-1-135,ETHUSDT-PERP.BINANCE-QuantBT-001-001,BINANCE-001,T-44e84c6130b3f145-36846,MARKET,SELL,12.549,IOC,False,False,12.549,TAKER,1419.96,0.0,['7.12763122 USDT'],NO_TRIGGER,FILLED,NO_CONTINGENCY,,,,,,,,177ed977-8091-4577-a85a-2a8999693437,1611061200000000000,1611061200000000000
BACKTESTER-001,QuantBT-001-001,ETHUSDT-PERP.BINANCE,BINANCE-1-136,ETHUSDT-PERP.BINANCE-QuantBT-001-001,BINANCE-001,T-5d8045d14e272fd9-36851,MARKET,BUY,12.549,IOC,False,False,12.549,TAKER,1408.92,0.0,['7.07221483 USDT'],NO_TRIGGER,FILLED,NO_CONTINGENCY,,,,,,,,18a2f930-6354-438d-8c32-c8a0dc62a090,1611064800000000000,1611064800000000000
BACKTESTER-001,QuantBT-001-001,ETHUSDT-PERP.BINANCE,BINANCE-1-137,ETHUSDT-PERP.BINANCE-QuantBT-001-001,BINANCE-001,T-48054b192ea159a0-36944,MARKET,BUY,13.634,IOC,False,False,13.634,TAKER,1311.5,0.0,['7.15239640 USDT'],NO_TRIGGER,FILLED,NO_CONTINGENCY,,,,,,,,248ce940-48a4-4d8f-95f0-dde5fed2904b,1611147600000000000,1611147600000000000
BACKTESTER-001,QuantBT-001-001,ETHUSDT-PERP.BINANCE,BINANCE-1-138,ETHUSDT-PERP.BINANCE-QuantBT-001-001,BINANCE-001,T-658841ccc4a4bb2c-36949,MARKET,SELL,13.634,IOC,False,False,13.634,TAKER,1305.06,0.0,['7.11727522 USDT'],NO_TRIGGER,FILLED,NO_CONTINGENCY,,,,,,,,41570578-9e02-438b-b687-5d171f3a5832,1611151200000000000,1611151200000000000
BACKTESTER-001,QuantBT-001-001,ETHUSDT-PERP.BINANCE,BINANCE-1-139,ETHUSDT-PERP.BINANCE-QuantBT-001-001,BINANCE-001,T-8e5914aa4bf6c03d-38145,MARKET,BUY,12.872,IOC,False,False,12.872,TAKER,1385.11,0.0,['7.13165437 USDT'],NO_TRIGGER,FILLED,NO_CONTINGENCY,,,,,,,,c82a6a73-f037-4a3a-8225-d550bf26b9f9,1612227600000000000,1612227600000000000
BACKTESTER-001,QuantBT-001-001,ETHUSDT-PERP.BINANCE,BINANCE-1-140,ETHUSDT-PERP.BINANCE-QuantBT-001-001,BINANCE-001,T-1b16e94b233e0956-38158,MARKET,SELL,12.872,IOC,False,False,12.872,TAKER,1382.75,0.0,['7.11950320 USDT'],NO_TRIGGER,FILLED,NO_CONTINGENCY,,,,,,,,24976198-547b-40ad-8ba3-dd0c9da367a6,1612238400000000000,1612238400000000000
BACKTESTER-001,QuantBT-001-001,ETHUSDT-PERP.BINANCE,BINANCE-1-141,ETHUSDT-PERP.BINANCE-QuantBT-001-001,BINANCE-001,T-18d7949eac56115e-38183,MARKET,SELL,12.342,IOC,False,False,12.342,TAKER,1442.87,0.0,['7.12316062 USDT'],NO_TRIGGER,FILLED,NO_CONTINGENCY,,,,,,,,3db77e2e-9076-41ea-b1b9-8346eb2a727c,1612260000000000000,1612260000000000000
BACKTESTER-001,QuantBT-001-001,ETHUSDT-PERP.BINANCE,BINANCE-1-142,ETHUSDT-PERP.BINANCE-QuantBT-001-001,BINANCE-001,T-243c1aaa036e2f65-38212,MARKET,BUY,12.342,IOC,False,False,12.342,TAKER,1475.99,0.0,['7.28666743 USDT'],NO_TRIGGER,FILLED,NO_CONTINGENCY,,,,,,,,e9c842d9-8778-4cb8-b32a-c8ff1643abbd,1612285200000000000,1612285200000000000
BACKTESTER-001,QuantBT-001-001,ETHUSDT-PERP.BINANCE,BINANCE-1-143,ETHUSDT-PERP.BINANCE-QuantBT-001-001,BINANCE-001,T-108cd44f05605f75-38305,MARKET,BUY,10.925,IOC,False,False,10.925,TAKER,1610.59,0.0,['7.03827830 USDT'],NO_TRIGGER,FILLED,NO_CONTINGENCY,,,,,,,,a94b7550-d97e-4bdb-8370-3e01961238bd,1612368000000000000,1612368000000000000
BACKTESTER-001,QuantBT-001-001,ETHUSDT-PERP.BINANCE,BINANCE-1-144,ETHUSDT-PERP.BINANCE-QuantBT-001-001,BINANCE-001,T-b7136f094433deb5-38378,MARKET,SELL,10.925,IOC,False,False,10.925,TAKER,1645.05,0.0,['7.18886850 USDT'],NO_TRIGGER,FILLED,NO_CONTINGENCY,,,,,,,,48b036fc-1b3c-4462-b280-3c659289f186,1612432800000000000,1612432800000000000
BACKTESTER-001,QuantBT-001-001,ETHUSDT-PERP.BINANCE,BINANCE-1-145,ETHUSDT-PERP.BINANCE-QuantBT-001-001,BINANCE-001,T-f14507e06af96f8d-38787,MARKET,SELL,10.335,IOC,False,False,10.335,TAKER,1720.11,0.0,['7.11093474 USDT'],NO_TRIGGER,FILLED,NO_CONTINGENCY,,,,,,,,12a8b1b1-3b1d-474e-9d7d-23f1bea5c62d,1612800000000000000,1612800000000000000
BACKTESTER-001,QuantBT-001-001,ETHUSDT-PERP.BINANCE,BINANCE-1-146,ETHUSDT-PERP.BINANCE-QuantBT-001-001,BINANCE-001,T-76c0d7d2e7c1bf91-38792,MARKET,BUY,10.335,IOC,False,False,10.335,TAKER,1713.52,0.0,['7.08369168 USDT'],NO_TRIGGER,FILLED,NO_CONTINGENCY,,,,,,,,8f161262-93b2-4412-a0cb-c8ccaa73435a,1612803600000000000,1612803600000000000
BACKTESTER-001,QuantBT-001-001,ETHUSDT-PERP.BINANCE,BINANCE-1-147,ETHUSDT-PERP.BINANCE-QuantBT-001-001,BINANCE-001,T-30b5a71b7405ba69-39875,MARKET,SELL,9.111,IOC,False,False,9.111,TAKER,1954.09,0.0,['7.12148560 USDT'],NO_TRIGGER,FILLED,NO_CONTINGENCY,,,,,,,,2e51b23d-8e37-4df3-a705-f3e1ca0462f6,1613782800000000000,1613782800000000000
BACKTESTER-001,QuantBT-001-001,ETHUSDT-PERP.BINANCE,BINANCE-1-148,ETHUSDT-PERP.BINANCE-QuantBT-001-001,BINANCE-001,T-c2b7723afe3e293b-39884,MARKET,BUY,9.111,IOC,False,False,9.111,TAKER,2024.88,0.0,['7.37947267 USDT'],NO_TRIGGER,FILLED,NO_CONTINGENCY,,,,,,,,334a1351-0d35-45c9-b3f4-271d5123bebc,1613790000000000000,1613790000000000000
BACKTESTER-001,QuantBT-001-001,ETHUSDT-PERP.BINANCE,BINANCE-1-149,ETHUSDT-PERP.BINANCE-QuantBT-001-001,BINANCE-001,T-aa3f58c760e487da-40982,MARKET,SELL,10.971,IOC,False,False,10.971,TAKER,1592.71,0.0,['6.98944856 USDT'],NO_TRIGGER,FILLED,NO_CONTINGENCY,,,,,,,,7dd07352-56ee-44be-8dda-60107e2383b4,1614780000000000000,1614780000000000000
BACKTESTER-001,QuantBT-001-001,ETHUSDT-PERP.BINANCE,BINANCE-1-150,ETHUSDT-PERP.BINANCE-QuantBT-001-001,BINANCE-001,T-d948590e7681cef3-41282,MARKET,BUY,10.971,IOC,False,False,10.971,TAKER,1602.4,0.0,['7.03197216 USDT'],NO_TRIGGER,FILLED,NO_CONTINGENCY,,,,,,,,a75246d2-c8e2-4ed5-8b67-7ba47eb89975,1615050000000000000,1615050000000000000
BACKTESTER-001,QuantBT-001-001,ETHUSDT-PERP.BINANCE,BINANCE-1-151,ETHUSDT-PERP.BINANCE-QuantBT-001-001,BINANCE-001,T-b38f351165a7c8f8-41682,MARKET,SELL,9.581,IOC,False,False,9.581,TAKER,1817.49,0.0,['6.96534868 USDT'],NO_TRIGGER,FILLED,NO_CONTINGENCY,,,,,,,,816f2889-a49b-4375-ac9d-1091d71a2924,1615410000000000000,1615410000000000000
BACKTESTER-001,QuantBT-001-001,ETHUSDT-PERP.BINANCE,BINANCE-1-152,ETHUSDT-PERP.BINANCE-QuantBT-001-001,BINANCE-001,T-f5072ed49018a0b4-41691,MARKET,BUY,9.581,IOC,False,False,9.581,TAKER,1796.8,0.0,['6.88605632 USDT'],NO_TRIGGER,FILLED,NO_CONTINGENCY,,,,,,,,81a785a3-96ec-4a97-a20e-8699cda14f35,1615417200000000000,1615417200000000000
BACKTESTER-001,QuantBT-001-001,ETHUSDT-PERP.BINANCE,BINANCE-1-153,ETHUSDT-PERP.BINANCE-QuantBT-001-001,BINANCE-001,T-40c30dac0488b212-43481,MARKET,SELL,9.679,IOC,False,False,9.679,TAKER,1808.68,0.0,['7.00248549 USDT'],NO_TRIGGER,FILLED,NO_CONTINGENCY,,,,,,,,9bdcc2d5-4331-4d2e-9f97-28fa71a4489b,1617033600000000000,1617033600000000000
BACKTESTER-001,QuantBT-001-001,ETHUSDT-PERP.BINANCE,BINANCE-1-154,ETHUSDT-PERP.BINANCE-QuantBT-001-001,BINANCE-001,T-d5f2ba3b876157cf-43490,MARKET,BUY,9.679,IOC,False,False,9.679,TAKER,1830.1,0.0,['7.08541516 USDT'],NO_TRIGGER,FILLED,NO_CONTINGENCY,,,,,,,,77e982cf-ca22-4b33-b21a-9c92ede4072b,1617040800000000000,1617040800000000000
BACKTESTER-001,QuantBT-001-001,ETHUSDT-PERP.BINANCE,BINANCE-1-155,ETHUSDT-PERP.BINANCE-QuantBT-001-001,BINANCE-001,T-5fb37c6b4908ed17-43861,MARKET,BUY,8.374,IOC,False,False,8.374,TAKER,2077.2,0.0,['6.95778912 USDT'],NO_TRIGGER,FILLED,NO_CONTINGENCY,,,,,,,,c416fdbe-6964-4fc2-8620-358a6872a60c,1617375600000000000,1617375600000000000
BACKTESTER-001,QuantBT-001-001,ETHUSDT-PERP.BINANCE,BINANCE-1-156,ETHUSDT-PERP.BINANCE-QuantBT-001-001,BINANCE-001,T-e4f491bc0e460d14-43874,MARKET,SELL,8.374,IOC,False,False,8.374,TAKER,2057.15,0.0,['6.89062964 USDT'],NO_TRIGGER,FILLED,NO_CONTINGENCY,,,,,,,,28610b20-b178-4eb4-a5f4-087300148932,1617386400000000000,1617386400000000000
BACKTESTER-001,QuantBT-001-001,ETHUSDT-PERP.BINANCE,BINANCE-1-157,ETHUSDT-PERP.BINANCE-QuantBT-001-001,BINANCE-001,T-2656aa4bd470184f-44785,MARKET,BUY,7.914,IOC,False,False,7.914,TAKER,2186.61,0.0,['6.92193262 USDT'],NO_TRIGGER,FILLED,NO_CONTINGENCY,,,,,,,,94bc4eb3-11b0-4dd5-88b5-97e6ce2ca2ab,1618210800000000000,1618210800000000000
BACKTESTER-001,QuantBT-001-001,ETHUSDT-PERP.BINANCE,BINANCE-1-158,ETHUSDT-PERP.BINANCE-QuantBT-001-001,BINANCE-001,T-b114ffd248ba3c8e-44798,MARKET,SELL,7.914,IOC,False,False,7.914,TAKER,2141.0,0.0,['6.77754960 USDT'],NO_TRIGGER,FILLED,NO_CONTINGENCY,,,,,,,,1deee15c-151a-4d46-a725-e7cc96dd8246,1618221600000000000,1618221600000000000
BACKTESTER-001,QuantBT-001-001,ETHUSDT-PERP.BINANCE,BINANCE-1-159,ETHUSDT-PERP.BINANCE-QuantBT-001-001,BINANCE-001,T-c23d1a6c02dec5a3-44931,MARKET,SELL,7.437,IOC,False,False,7.437,TAKER,2301.61,0.0,['6.84682943 USDT'],NO_TRIGGER,FILLED,NO_CONTINGENCY,,,,,,,,f2eb15d6-56c6-425d-bd98-60714e1a02dc,1618340400000000000,1618340400000000000
BACKTESTER-001,QuantBT-001-001,ETHUSDT-PERP.BINANCE,BINANCE-1-160,ETHUSDT-PERP.BINANCE-QuantBT-001-001,BINANCE-001,T-a2aea91367c267e3-44936,MARKET,BUY,7.437,IOC,False,False,7.437,TAKER,2306.05,0.0,['6.86003754 USDT'],NO_TRIGGER,FILLED,NO_CONTINGENCY,,,,,,,,92a9b631-e408-4f32-b74f-5e7f05909551,1618344000000000000,1618344000000000000
BACKTESTER-001,QuantBT-001-001,ETHUSDT-PERP.BINANCE,BINANCE-1-161,ETHUSDT-PERP.BINANCE-QuantBT-001-001,BINANCE-001,T-b767e2dbf911257f-45085,MARKET,SELL,6.964,IOC,False,False,6.964,TAKER,2454.52,0.0,['6.83731091 USDT'],NO_TRIGGER,FILLED,NO_CONTINGENCY,,,,,,,,f22eeab8-d5c3-42fc-b21d-82f57cfecfff,1618477200000000000,1618477200000000000
BACKTESTER-001,QuantBT-001-001,ETHUSDT-PERP.BINANCE,BINANCE-1-162,ETHUSDT-PERP.BINANCE-QuantBT-001-001,BINANCE-001,T-114bb4744b60ee65-45106,MARKET,BUY,6.964,IOC,False,False,6.964,TAKER,2465.4,0.0,['6.86761824 USDT'],NO_TRIGGER,FILLED,NO_CONTINGENCY,,,,,,,,a5eec094-be2b-4dc2-9980-03d4ec7ff25c,1618495200000000000,1618495200000000000
BACKTESTER-001,QuantBT-001-001,ETHUSDT-PERP.BINANCE,BINANCE-1-163,ETHUSDT-PERP.BINANCE-QuantBT-001-001,BINANCE-001,T-91cbbb262e5f5952-45167,MARKET,SELL,7.028,IOC,False,False,7.028,TAKER,2426.0,0.0,['6.81997120 USDT'],NO_TRIGGER,FILLED,NO_CONTINGENCY,,,,,,,,9e7bb232-9d64-49ba-b209-976cac26b2cd,1618549200000000000,1618549200000000000
BACKTESTER-001,QuantBT-001-001,ETHUSDT-PERP.BINANCE,BINANCE-1-164,ETHUSDT-PERP.BINANCE-QuantBT-001-001,BINANCE-001,T-0b05d418cc6d382a-45232,MARKET,BUY,7.028,IOC,False,False,7.028,TAKER,2447.12,0.0,['6.87934374 USDT'],NO_TRIGGER,FILLED,NO_CONTINGENCY,,,,,,,,50820716-c8b9-45e2-95d6-c7a31b8d107d,1618606800000000000,1618606800000000000
BACKTESTER-001,QuantBT-001-001,ETHUSDT-PERP.BINANCE,BINANCE-1-165,ETHUSDT-PERP.BINANCE-QuantBT-001-001,BINANCE-001,T-cddbd8ddf147b005-45633,MARKET,SELL,7.307,IOC,False,False,7.307,TAKER,2322.32,0.0,['6.78767690 USDT'],NO_TRIGGER,FILLED,NO_CONTINGENCY,,,,,,,,94f8b03f-0a15-4545-b904-7d403403dca0,1618966800000000000,1618966800000000000
BACKTESTER-001,QuantBT-001-001,ETHUSDT-PERP.BINANCE,BINANCE-1-166,ETHUSDT-PERP.BINANCE-QuantBT-001-001,BINANCE-001,T-9204f218b4080cf2-45638,MARKET,BUY,7.307,IOC,False,False,7.307,TAKER,2328.08,0.0,['6.80451222 USDT'],NO_TRIGGER,FILLED,NO_CONTINGENCY,,,,,,,,9bbe603a-a150-4848-a67c-b8f34a98a5aa,1618970400000000000,1618970400000000000
BACKTESTER-001,QuantBT-001-001,ETHUSDT-PERP.BINANCE,BINANCE-1-167,ETHUSDT-PERP.BINANCE-QuantBT-001-001,BINANCE-001,T-e0633f95399a0062-45691,MARKET,BUY,6.937,IOC,False,False,6.937,TAKER,2442.08,0.0,['6.77628358 USDT'],NO_TRIGGER,FILLED,NO_CONTINGENCY,,,,,,,,66050198-77d6-4f8f-af7d-f45c985bcb47,1619017200000000000,1619017200000000000
BACKTESTER-001,QuantBT-001-001,ETHUSDT-PERP.BINANCE,BINANCE-1-168,ETHUSDT-PERP.BINANCE-QuantBT-001-001,BINANCE-001,T-133685576642da3c-45696,MARKET,SELL,6.937,IOC,False,False,6.937,TAKER,2427.3,0.0,['6.73527204 USDT'],NO_TRIGGER,FILLED,NO_CONTINGENCY,,,,,,,,aadf1034-e7b2-432d-8f0c-c92684f3bfed,1619020800000000000,1619020800000000000
BACKTESTER-001,QuantBT-001-001,ETHUSDT-PERP.BINANCE,BINANCE-1-169,ETHUSDT-PERP.BINANCE-QuantBT-001-001,BINANCE-001,T-85404cef726853b2-45777,MARKET,BUY,6.614,IOC,False,False,6.614,TAKER,2552.53,0.0,['6.75297337 USDT'],NO_TRIGGER,FILLED,NO_CONTINGENCY,,,,,,,,abdfd80d-0a9f-49d6-935e-42ee4e2f4163,1619092800000000000,1619092800000000000
BACKTESTER-001,QuantBT-001-001,ETHUSDT-PERP.BINANCE,BINANCE-1-170,ETHUSDT-PERP.BINANCE-QuantBT-001-001,BINANCE-001,T-4b1d617d1c1d9358-45806,MARKET,SELL,6.614,IOC,False,False,6.614,TAKER,2539.48,0.0,['6.71844829 USDT'],NO_TRIGGER,FILLED,NO_CONTINGENCY,,,,,,,,ce1a9f7e-43d7-45cc-8b25-2674584a3689,1619118000000000000,1619118000000000000
BACKTESTER-001,QuantBT-001-001,ETHUSDT-PERP.BINANCE,BINANCE-1-171,ETHUSDT-PERP.BINANCE-QuantBT-001-001,BINANCE-001,T-be800067412d9f21-45814,MARKET,SELL,6.963,IOC,False,False,6.963,TAKER,2417.53,0.0,['6.73330456 USDT'],NO_TRIGGER,FILLED,NO_CONTINGENCY,,,,,,,,e7db8f34-6c15-401d-8202-5c393f48dbe2,1619125200000000000,1619125200000000000
BACKTESTER-001,QuantBT-001-001,ETHUSDT-PERP.BINANCE,BINANCE-1-172,ETHUSDT-PERP.BINANCE-QuantBT-001-001,BINANCE-001,T-91d9b81eec69962d-45823,MARKET,BUY,6.963,IOC,False,False,6.963,TAKER,2398.94,0.0,['6.68152769 USDT'],NO_TRIGGER,FILLED,NO_CONTINGENCY,,,,,,,,43596c77-868b-4411-9a65-330e44317fda,1619132400000000000,1619132400000000000
BACKTESTER-001,QuantBT-001-001,ETHUSDT-PERP.BINANCE,BINANCE-1-173,ETHUSDT-PERP.BINANCE-QuantBT-001-001,BINANCE-001,T-1e9e7e68c74d6f70-46357,MARKET,BUY,6.241,IOC,False,False,6.241,TAKER,2706.46,0.0,['6.75640674 USDT'],NO_TRIGGER,FILLED,NO_CONTINGENCY,,,,,,,,c7d468f9-37a9-4a55-a8dd-ef4e98b26242,1619614800000000000,1619614800000000000
BACKTESTER-001,QuantBT-001-001,ETHUSDT-PERP.BINANCE,BINANCE-1-174,ETHUSDT-PERP.BINANCE-QuantBT-001-001,BINANCE-001,T-647010ec83593e92-46362,MARKET,SELL,6.241,IOC,False,False,6.241,TAKER,2709.04,0.0,['6.76284746 USDT'],NO_TRIGGER,FILLED,NO_CONTINGENCY,,,,,,,,b60aadfc-49e7-47e3-b39a-d13832882e7a,1619618400000000000,1619618400000000000
BACKTESTER-001,QuantBT-001-001,ETHUSDT-PERP.BINANCE,BINANCE-1-175,ETHUSDT-PERP.BINANCE-QuantBT-001-001,BINANCE-001,T-937da504f555fe6e-46826,MARKET,SELL,5.353,IOC,False,False,5.353,TAKER,3155.69,0.0,['6.75696343 USDT'],NO_TRIGGER,FILLED,NO_CONTINGENCY,,,,,,,,7b23b2bd-e858-43b5-9bf7-abafbbeba1f4,1620036000000000000,1620036000000000000
BACKTESTER-001,QuantBT-001-001,ETHUSDT-PERP.BINANCE,BINANCE-1-176,ETHUSDT-PERP.BINANCE-QuantBT-001-001,BINANCE-001,T-6494fe5e155f927d-46855,MARKET,BUY,5.353,IOC,False,False,5.353,TAKER,3285.33,0.0,['7.03454860 USDT'],NO_TRIGGER,FILLED,NO_CONTINGENCY,,,,,,,,4321a228-f311-49ee-badc-84b976b4a61c,1620061200000000000,1620061200000000000
BACKTESTER-001,QuantBT-001-001,ETHUSDT-PERP.BINANCE,BINANCE-1-177,ETHUSDT-PERP.BINANCE-QuantBT-001-001,BINANCE-001,T-1364b092f2376170-47150,MARKET,SELL,4.748,IOC,False,False,4.748,TAKER,3483.25,0.0,['6.61538840 USDT'],NO_TRIGGER,FILLED,NO_CONTINGENCY,,,,,,,,65e92d3f-2f8d-4c4a-8688-8f086f394dd8,1620327600000000000,1620327600000000000
BACKTESTER-001,QuantBT-001-001,ETHUSDT-PERP.BINANCE,BINANCE-1-178,ETHUSDT-PERP.BINANCE-QuantBT-001-001,BINANCE-001,T-b01439a5d04c9ce0-47163,MARKET,BUY,4.748,IOC,False,False,4.748,TAKER,3531.56,0.0,['6.70713875 USDT'],NO_TRIGGER,FILLED,NO_CONTINGENCY,,,,,,,,f2160ac9-4f31-413a-bf1b-b8d423d3a9a1,1620338400000000000,1620338400000000000
BACKTESTER-001,QuantBT-001-001,ETHUSDT-PERP.BINANCE,BINANCE-1-179,ETHUSDT-PERP.BINANCE-QuantBT-001-001,BINANCE-001,T-940887e01bbed922-47324,MARKET,BUY,4.472,IOC,False,False,4.472,TAKER,3671.0,0.0,['6.56668480 USDT'],NO_TRIGGER,FILLED,NO_CONTINGENCY,,,,,,,,90088cb9-3653-4508-be69-c86d2107175c,1620482400000000000,1620482400000000000
BACKTESTER-001,QuantBT-001-001,ETHUSDT-PERP.BINANCE,BINANCE-1-180,ETHUSDT-PERP.BINANCE-QuantBT-001-001,BINANCE-001,T-a06adfcf611a33c5-47361,MARKET,SELL,4.472,IOC,False,False,4.472,TAKER,3914.47,0.0,['7.00220394 USDT'],NO_TRIGGER,FILLED,NO_CONTINGENCY,,,,,,,,7ac78898-ecb7-41e6-ae43-c45b5f9d85c3,1620514800000000000,1620514800000000000
BACKTESTER-001,QuantBT-001-001,ETHUSDT-PERP.BINANCE,BINANCE-1-181,ETHUSDT-PERP.BINANCE-QuantBT-001-001,BINANCE-001,T-9d1164d0111b7d42-48149,MARKET,BUY,5.067,IOC,False,False,5.067,TAKER,3346.2,0.0,['6.78207816 USDT'],NO_TRIGGER,FILLED,NO_CONTINGENCY,,,,,,,,f51880bc-4df0-45cb-844a-cf8109e6f480,1621227600000000000,1621227600000000000
BACKTESTER-001,QuantBT-001-001,ETHUSDT-PERP.BINANCE,BINANCE-1-182,ETHUSDT-PERP.BINANCE-QuantBT-001-001,BINANCE-001,T-acbecaca6084deec-48154,MARKET,SELL,5.067,IOC,False,False,5.067,TAKER,3402.76,0.0,['6.89671397 USDT'],NO_TRIGGER,FILLED,NO_CONTINGENCY,,,,,,,,5fb2c60a-07a9-48e7-9e35-30c4c2d72c81,1621231200000000000,1621231200000000000
BACKTESTER-001,QuantBT-001-001,ETHUSDT-PERP.BINANCE,BINANCE-1-183,ETHUSDT-PERP.BINANCE-QuantBT-001-001,BINANCE-001,T-e81fdab73e040ca3-49507,MARKET,BUY,6.869,IOC,False,False,6.869,TAKER,2487.91,0.0,['6.83578152 USDT'],NO_TRIGGER,FILLED,NO_CONTINGENCY,,,,,,,,3a422624-ba67-4ab7-89d1-14497644a975,1622451600000000000,1622451600000000000
BACKTESTER-001,QuantBT-001-001,ETHUSDT-PERP.BINANCE,BINANCE-1-184,ETHUSDT-PERP.BINANCE-QuantBT-001-001,BINANCE-001,T-21a2bf310f8c2064-49807,MARKET,SELL,6.869,IOC,False,False,6.869,TAKER,2827.07,0.0,['7.76765753 USDT'],NO_TRIGGER,FILLED,NO_CONTINGENCY,,,,,,,,f499a0da-a03b-478e-a4b0-9287082e2cba,1622721600000000000,1622721600000000000
BACKTESTER-001,QuantBT-001-001,ETHUSDT-PERP.BINANCE,BINANCE-1-185,ETHUSDT-PERP.BINANCE-QuantBT-001-001,BINANCE-001,T-fe4c52ad97e7e901-49816,MARKET,SELL,6.532,IOC,False,False,6.532,TAKER,2793.45,0.0,['7.29872616 USDT'],NO_TRIGGER,FILLED,NO_CONTINGENCY,,,,,,,,1415f851-c930-4541-bcd0-632afeca53ef,1622728800000000000,1622728800000000000
BACKTESTER-001,QuantBT-001-001,ETHUSDT-PERP.BINANCE,BINANCE-1-186,ETHUSDT-PERP.BINANCE-QuantBT-001-001,BINANCE-001,T-d6823c8b1a5d14ba-49825,MARKET,BUY,6.532,IOC,False,False,6.532,TAKER,2833.34,0.0,['7.40295075 USDT'],NO_TRIGGER,FILLED,NO_CONTINGENCY,,,,,,,,e8c0ebba-2f38-46fb-bda0-6fe8b9458b65,1622736000000000000,1622736000000000000
BACKTESTER-001,QuantBT-001-001,ETHUSDT-PERP.BINANCE,BINANCE-1-187,ETHUSDT-PERP.BINANCE-QuantBT-001-001,BINANCE-001,T-568715c7ff2d86fd-50202,MARKET,SELL,6.521,IOC,False,False,6.521,TAKER,2777.11,0.0,['7.24381372 USDT'],NO_TRIGGER,FILLED,NO_CONTINGENCY,,,,,,,,ae6d2384-7a2c-4134-9d2d-56af480f3c86,1623074400000000000,1623074400000000000
BACKTESTER-001,QuantBT-001-001,ETHUSDT-PERP.BINANCE,BINANCE-1-188,ETHUSDT-PERP.BINANCE-QuantBT-001-001,BINANCE-001,T-f6fbac865066af84-50258,MARKET,BUY,6.521,IOC,False,False,6.521,TAKER,2498.2,0.0,['6.51630488 USDT'],NO_TRIGGER,FILLED,NO_CONTINGENCY,,,,,,,,d3cf107a-357b-4f1b-b614-2ccf8e6e0fdd,1623124800000000000,1623124800000000000
BACKTESTER-001,QuantBT-001-001,ETHUSDT-PERP.BINANCE,BINANCE-1-189,ETHUSDT-PERP.BINANCE-QuantBT-001-001,BINANCE-001,T-01bbe3241ab983b6-51243,MARKET,SELL,8.164,IOC,False,False,8.164,TAKER,2328.99,0.0,['7.60554974 USDT'],NO_TRIGGER,FILLED,NO_CONTINGENCY,,,,,,,,90e81ef3-39cb-4244-8d0f-65fb5b0e59f7,1624010400000000000,1624010400000000000
BACKTESTER-001,QuantBT-001-001,ETHUSDT-PERP.BINANCE,BINANCE-1-190,ETHUSDT-PERP.BINANCE-QuantBT-001-001,BINANCE-001,T-9c7badd6814495cd-51248,MARKET,BUY,8.164,IOC,False,False,8.164,TAKER,2318.88,0.0,['7.57253453 USDT'],NO_TRIGGER,FILLED,NO_CONTINGENCY,,,,,,,,df441737-1e61-490e-807c-1489c2c80ab0,1624014000000000000,1624014000000000000
BACKTESTER-001,QuantBT-001-001,ETHUSDT-PERP.BINANCE,BINANCE-1-191,ETHUSDT-PERP.BINANCE-QuantBT-001-001,BINANCE-001,T-2bd60fe011b3be1f-51257,MARKET,SELL,8.362,IOC,False,False,8.362,TAKER,2277.8,0.0,['7.61878544 USDT'],NO_TRIGGER,FILLED,NO_CONTINGENCY,,,,,,,,fb1f50ab-b51a-41ba-8734-bfa370bcfc33,1624021200000000000,1624021200000000000
BACKTESTER-001,QuantBT-001-001,ETHUSDT-PERP.BINANCE,BINANCE-1-192,ETHUSDT-PERP.BINANCE-QuantBT-001-001,BINANCE-001,T-2c95f4d25e676a91-51653,MARKET,BUY,8.362,IOC,False,False,8.362,TAKER,1910.71,0.0,['6.39094281 USDT'],NO_TRIGGER,FILLED,NO_CONTINGENCY,,,,,,,,0db61d91-6470-4852-ae63-abe133852cd4,1624377600000000000,1624377600000000000
BACKTESTER-001,QuantBT-001-001,ETHUSDT-PERP.BINANCE,BINANCE-1-193,ETHUSDT-PERP.BINANCE-QuantBT-001-001,BINANCE-001,T-c8ddd09c41a3745b-52004,MARKET,SELL,11.883,IOC,False,False,11.883,TAKER,1731.36,0.0,['8.22950035 USDT'],NO_TRIGGER,FILLED,NO_CONTINGENCY,,,,,,,,a54e7c23-ebb5-4b77-ae17-da8154dacdc5,1624694400000000000,1624694400000000000
BACKTESTER-001,QuantBT-001-001,ETHUSDT-PERP.BINANCE,BINANCE-1-194,ETHUSDT-PERP.BINANCE-QuantBT-001-001,BINANCE-001,T-7e56ec992a3acfee-52013,MARKET,BUY,11.883,IOC,False,False,11.883,TAKER,1763.45,0.0,['8.38203054 USDT'],NO_TRIGGER,FILLED,NO_CONTINGENCY,,,,,,,,3b4b0293-2db9-4b09-b786-dad140fbe278,1624701600000000000,1624701600000000000
BACKTESTER-001,QuantBT-001-001,ETHUSDT-PERP.BINANCE,BINANCE-1-195,ETHUSDT-PERP.BINANCE-QuantBT-001-001,BINANCE-001,T-92310cb455cb4651-52161,MARKET,BUY,10.286,IOC,False,False,10.286,TAKER,1980.83,0.0,['8.14992695 USDT'],NO_TRIGGER,FILLED,NO_CONTINGENCY,,,,,,,,7544ca71-3de2-4b70-b841-6217ea991019,1624834800000000000,1624834800000000000
BACKTESTER-001,QuantBT-001-001,ETHUSDT-PERP.BINANCE,BINANCE-1-196,ETHUSDT-PERP.BINANCE-QuantBT-001-001,BINANCE-001,T-ebbf6598a2cf0119-52971,MARKET,SELL,10.286,IOC,False,False,10.286,TAKER,2268.71,0.0,['9.33438042 USDT'],NO_TRIGGER,FILLED,NO_CONTINGENCY,,,,,,,,e18f2863-303e-4c44-8859-1447cf0370ba,1625565600000000000,1625565600000000000
BACKTESTER-001,QuantBT-001-001,ETHUSDT-PERP.BINANCE,BINANCE-1-197,ETHUSDT-PERP.BINANCE-QuantBT-001-001,BINANCE-001,T-5ca37c1e55d2fef0-53048,MARKET,BUY,9.164,IOC,False,False,9.164,TAKER,2384.0,0.0,['8.73879040 USDT'],NO_TRIGGER,FILLED,NO_CONTINGENCY,,,,,,,,e4a8585e-4301-4ac8-a172-88ae0f4b4b94,1625634000000000000,1625634000000000000
BACKTESTER-001,QuantBT-001-001,ETHUSDT-PERP.BINANCE,BINANCE-1-198,ETHUSDT-PERP.BINANCE-QuantBT-001-001,BINANCE-001,T-6949e3b0e49aac81-53061,MARKET,SELL,9.164,IOC,False,False,9.164,TAKER,2381.68,0.0,['8.73028621 USDT'],NO_TRIGGER,FILLED,NO_CONTINGENCY,,,,,,,,54481d73-5d28-4660-859e-c1eeae0f2a9c,1625644800000000000,1625644800000000000
BACKTESTER-001,QuantBT-001-001,ETHUSDT-PERP.BINANCE,BINANCE-1-199,ETHUSDT-PERP.BINANCE-QuantBT-001-001,BINANCE-001,T-5f0e91343b22b770-53173,MARKET,BUY,10.107,IOC,False,False,10.107,TAKER,2159.62,0.0,['8.73091174 USDT'],NO_TRIGGER,FILLED,NO_CONTINGENCY,,,,,,,,3effa264-9226-4a35-bd9c-7072f552b557,1625745600000000000,1625745600000000000
BACKTESTER-001,QuantBT-001-001,ETHUSDT-PERP.BINANCE,BINANCE-1-200,ETHUSDT-PERP.BINANCE-QuantBT-001-001,BINANCE-001,T-8afc9de77e7f97cc-53182,MARKET,SELL,10.107,IOC,False,False,10.107,TAKER,2156.99,0.0,['8.72027917 USDT'],NO_TRIGGER,FILLED,NO_CONTINGENCY,,,,,,,,9a9bb2d2-8bb3-4720-9a80-6f25636e1eec,1625752800000000000,1625752800000000000
BACKTESTER-001,QuantBT-001-001,ETHUSDT-PERP.BINANCE,BINANCE-1-201,ETHUSDT-PERP.BINANCE-QuantBT-001-001,BINANCE-001,T-1c8f2847f9f37b48-53283,MARKET,BUY,10.040,IOC,False,False,10.040,TAKER,2171.8,0.0,['8.72194880 USDT'],NO_TRIGGER,FILLED,NO_CONTINGENCY,,,,,,,,65086822-f40b-46cf-b346-81458bc66d04,1625842800000000000,1625842800000000000
BACKTESTER-001,QuantBT-001-001,ETHUSDT-PERP.BINANCE,BINANCE-1-202,ETHUSDT-PERP.BINANCE-QuantBT-001-001,BINANCE-001,T-514b2b161a2cb827-53296,MARKET,SELL,10.040,IOC,False,False,10.040,TAKER,2131.92,0.0,['8.56179072 USDT'],NO_TRIGGER,FILLED,NO_CONTINGENCY,,,,,,,,82d9e0bf-9b09-4498-9aef-7eb372473afa,1625853600000000000,1625853600000000000
BACKTESTER-001,QuantBT-001-001,ETHUSDT-PERP.BINANCE,BINANCE-1-203,ETHUSDT-PERP.BINANCE-QuantBT-001-001,BINANCE-001,T-822fc15a5624f740-53661,MARKET,SELL,10.921,IOC,False,False,10.921,TAKER,1977.5,0.0,['8.63851100 USDT'],NO_TRIGGER,FILLED,NO_CONTINGENCY,,,,,,,,ea051ea9-a23c-41c5-a4e8-78d403a914d6,1626181200000000000,1626181200000000000
BACKTESTER-001,QuantBT-001-001,ETHUSDT-PERP.BINANCE,BINANCE-1-204,ETHUSDT-PERP.BINANCE-QuantBT-001-001,BINANCE-001,T-2a0e45a7e73e283b-53674,MARKET,BUY,10.921,IOC,False,False,10.921,TAKER,1991.14,0.0,['8.69809598 USDT'],NO_TRIGGER,FILLED,NO_CONTINGENCY,,,,,,,,7c52ffc9-77f5-4be4-b6e7-deaa4f2d8786,1626192000000000000,1626192000000000000
BACKTESTER-001,QuantBT-001-001,ETHUSDT-PERP.BINANCE,BINANCE-1-205,ETHUSDT-PERP.BINANCE-QuantBT-001-001,BINANCE-001,T-07fce67135b83320-53746,MARKET,BUY,11.081,IOC,False,False,11.081,TAKER,1941.48,0.0,['8.60541595 USDT'],NO_TRIGGER,FILLED,NO_CONTINGENCY,,,,,,,,ada0e570-a742-4fa4-ad4b-7dc52f90f686,1626256800000000000,1626256800000000000
BACKTESTER-001,QuantBT-001-001,ETHUSDT-PERP.BINANCE,BINANCE-1-206,ETHUSDT-PERP.BINANCE-QuantBT-001-001,BINANCE-001,T-c0bb7d6330863b1a-53847,MARKET,SELL,11.081,IOC,False,False,11.081,TAKER,1912.84,0.0,['8.47847202 USDT'],NO_TRIGGER,FILLED,NO_CONTINGENCY,,,,,,,,b66d692b-e4b1-4fab-bfaa-4a99022b22c4,1626346800000000000,1626346800000000000
BACKTESTER-001,QuantBT-001-001,ETHUSDT-PERP.BINANCE,BINANCE-1-207,ETHUSDT-PERP.BINANCE-QuantBT-001-001,BINANCE-001,T-eba1e9e549de36ef-54064,MARKET,BUY,11.274,IOC,False,False,11.274,TAKER,1893.41,0.0,['8.53852174 USDT'],NO_TRIGGER,FILLED,NO_CONTINGENCY,,,,,,,,f21d173a-ffa8-4200-be5c-330c078cda1b,1626541200000000000,1626541200000000000
BACKTESTER-001,QuantBT-001-001,ETHUSDT-PERP.BINANCE,BINANCE-1-208,ETHUSDT-PERP.BINANCE-QuantBT-001-001,BINANCE-001,T-7bfb4ec8fb891c29-54196,MARKET,SELL,11.274,IOC,False,False,11.274,TAKER,1877.62,0.0,['8.46731515 USDT'],NO_TRIGGER,FILLED,NO_CONTINGENCY,,,,,,,,7dd41007-7413-4dd2-ac7c-e9e1057a1cb6,1626660000000000000,1626660000000000000
BACKTESTER-001,QuantBT-001-001,ETHUSDT-PERP.BINANCE,BINANCE-1-209,ETHUSDT-PERP.BINANCE-QuantBT-001-001,BINANCE-001,T-8350fc3757a73335-54449,MARKET,BUY,10.776,IOC,False,False,10.776,TAKER,1971.89,0.0,['8.49963466 USDT'],NO_TRIGGER,FILLED,NO_CONTINGENCY,,,,,,,,775495a8-9321-4b65-8418-3b1f0687f039,1626886800000000000,1626886800000000000
BACKTESTER-001,QuantBT-001-001,ETHUSDT-PERP.BINANCE,BINANCE-1-210,ETHUSDT-PERP.BINANCE-QuantBT-001-001,BINANCE-001,T-c3945a58a93537d8-54458,MARKET,SELL,10.776,IOC,False,False,10.776,TAKER,1937.27,0.0,['8.35040861 USDT'],NO_TRIGGER,FILLED,NO_CONTINGENCY,,,,,,,,1c1d7189-6284-40cf-a260-6a412c540135,1626894000000000000,1626894000000000000
BACKTESTER-001,QuantBT-001-001,ETHUSDT-PERP.BINANCE,BINANCE-1-211,ETHUSDT-PERP.BINANCE-QuantBT-001-001,BINANCE-001,T-8727afaf540fd6ac-54531,MARKET,BUY,10.580,IOC,False,False,10.580,TAKER,1990.02,0.0,['8.42176464 USDT'],NO_TRIGGER,FILLED,NO_CONTINGENCY,,,,,,,,fbf84c85-53fe-46d6-9735-488cea2dd613,1626958800000000000,1626958800000000000
BACKTESTER-001,QuantBT-001-001,ETHUSDT-PERP.BINANCE,BINANCE-1-212,ETHUSDT-PERP.BINANCE-QuantBT-001-001,BINANCE-001,T-87d03b2fdc4fed1c-54540,MARKET,SELL,10.580,IOC,False,False,10.580,TAKER,2033.07,0.0,['8.60395224 USDT'],NO_TRIGGER,FILLED,NO_CONTINGENCY,,,,,,,,3e3d8d6a-6b6d-4e35-845c-4727679e69a7,1626966000000000000,1626966000000000000
BACKTESTER-001,QuantBT-001-001,ETHUSDT-PERP.BINANCE,BINANCE-1-213,ETHUSDT-PERP.BINANCE-QuantBT-001-001,BINANCE-001,T-37f5ffe0fd9d155b-54669,MARKET,BUY,10.014,IOC,False,False,10.014,TAKER,2124.33,0.0,['8.50921625 USDT'],NO_TRIGGER,FILLED,NO_CONTINGENCY,,,,,,,,e7d9ccaf-b064-4bb5-a20b-6ed4bf7a2f04,1627081200000000000,1627081200000000000
BACKTESTER-001,QuantBT-001-001,ETHUSDT-PERP.BINANCE,BINANCE-1-214,ETHUSDT-PERP.BINANCE-QuantBT-001-001,BINANCE-001,T-35f553e30c92e7a0-55130,MARKET,SELL,10.014,IOC,False,False,10.014,TAKER,2320.08,0.0,['9.29331245 USDT'],NO_TRIGGER,FILLED,NO_CONTINGENCY,,,,,,,,61f96bc3-cd42-4503-854c-65d2b0e6d33a,1627495200000000000,1627495200000000000
BACKTESTER-001,QuantBT-001-001,ETHUSDT-PERP.BINANCE,BINANCE-1-215,ETHUSDT-PERP.BINANCE-QuantBT-001-001,BINANCE-001,T-3c9d34b595a23a84-55334,MARKET,BUY,9.112,IOC,False,False,9.112,TAKER,2441.19,0.0,['8.89764931 USDT'],NO_TRIGGER,FILLED,NO_CONTINGENCY,,,,,,,,cd9f0859-d722-421d-8b80-b35b27dbd88e,1627678800000000000,1627678800000000000
BACKTESTER-001,QuantBT-001-001,ETHUSDT-PERP.BINANCE,BINANCE-1-216,ETHUSDT-PERP.BINANCE-QuantBT-001-001,BINANCE-001,T-fceb680428090c94-56069,MARKET,SELL,9.112,IOC,False,False,9.112,TAKER,3058.34,0.0,['11.14703763 USDT'],NO_TRIGGER,FILLED,NO_CONTINGENCY,,,,,,,,e76dbd79-a995-4a0b-bb91-c0abbed445a0,1628341200000000000,1628341200000000000
BACKTESTER-001,QuantBT-001-001,ETHUSDT-PERP.BINANCE,BINANCE-1-217,ETHUSDT-PERP.BINANCE-QuantBT-001-001,BINANCE-001,T-5086644a38b949de-56362,MARKET,BUY,7.993,IOC,False,False,7.993,TAKER,3133.41,0.0,['10.01813845 USDT'],NO_TRIGGER,FILLED,NO_CONTINGENCY,,,,,,,,d77a9219-4179-4f50-a348-72aea2e35b37,1628604000000000000,1628604000000000000
BACKTESTER-001,QuantBT-001-001,ETHUSDT-PERP.BINANCE,BINANCE-1-218,ETHUSDT-PERP.BINANCE-QuantBT-001-001,BINANCE-001,T-c765178e359f958f-56367,MARKET,SELL,7.993,IOC,False,False,7.993,TAKER,3123.24,0.0,['9.98562293 USDT'],NO_TRIGGER,FILLED,NO_CONTINGENCY,,,,,,,,e156bad9-b495-406a-a5c6-b17f80877fa8,1628607600000000000,1628607600000000000
BACKTESTER-001,QuantBT-001-001,ETHUSDT-PERP.BINANCE,BINANCE-1-219,ETHUSDT-PERP.BINANCE-QuantBT-001-001,BINANCE-001,T-75f1222cbe140dc4-57777,MARKET,SELL,8.067,IOC,False,False,8.067,TAKER,3098.33,0.0,['9.99769124 USDT'],NO_TRIGGER,FILLED,NO_CONTINGENCY,,,,,,,,0b78e352-5694-4572-bf10-c30a7ebd6e77,1629882000000000000,1629882000000000000
BACKTESTER-001,QuantBT-001-001,ETHUSDT-PERP.BINANCE,BINANCE-1-220,ETHUSDT-PERP.BINANCE-QuantBT-001-001,BINANCE-001,T-e6731eb933b5cbcb-57790,MARKET,BUY,8.067,IOC,False,False,8.067,TAKER,3149.67,0.0,['10.16335516 USDT'],NO_TRIGGER,FILLED,NO_CONTINGENCY,,,,,,,,a734290b-198a-4391-8e4c-3e076abdb43b,1629892800000000000,1629892800000000000
BACKTESTER-001,QuantBT-001-001,ETHUSDT-PERP.BINANCE,BINANCE-1-221,ETHUSDT-PERP.BINANCE-QuantBT-001-001,BINANCE-001,T-a3e32160152f2526-57995,MARKET,BUY,7.647,IOC,False,False,7.647,TAKER,3240.32,0.0,['9.91149082 USDT'],NO_TRIGGER,FILLED,NO_CONTINGENCY,,,,,,,,a9bcef56-f0d8-4817-afab-62099e09a6ba,1630076400000000000,1630076400000000000
BACKTESTER-001,QuantBT-001-001,ETHUSDT-PERP.BINANCE,BINANCE-1-222,ETHUSDT-PERP.BINANCE-QuantBT-001-001,BINANCE-001,T-20b66425f58c14e9-58137,MARKET,SELL,7.647,IOC,False,False,7.647,TAKER,3180.74,0.0,['9.72924751 USDT'],NO_TRIGGER,FILLED,NO_CONTINGENCY,,,,,,,,f51de6b2-3799-433a-9ff6-686b8877804d,1630206000000000000,1630206000000000000
BACKTESTER-001,QuantBT-001-001,ETHUSDT-PERP.BINANCE,BINANCE-1-223,ETHUSDT-PERP.BINANCE-QuantBT-001-001,BINANCE-001,T-8c58e72168a12e7b-58226,MARKET,SELL,7.652,IOC,False,False,7.652,TAKER,3206.97,0.0,['9.81589378 USDT'],NO_TRIGGER,FILLED,NO_CONTINGENCY,,,,,,,,ba7ec67c-3b95-4231-a625-f80654eaa042,1630285200000000000,1630285200000000000
BACKTESTER-001,QuantBT-001-001,ETHUSDT-PERP.BINANCE,BINANCE-1-224,ETHUSDT-PERP.BINANCE-QuantBT-001-001,BINANCE-001,T-ba5993cf55aa2284-58291,MARKET,BUY,7.652,IOC,False,False,7.652,TAKER,3295.14,0.0,['10.08576451 USDT'],NO_TRIGGER,FILLED,NO_CONTINGENCY,,,,,,,,55f6e870-6135-4a62-bf15-5fc6f09ba202,1630342800000000000,1630342800000000000
BACKTESTER-001,QuantBT-001-001,ETHUSDT-PERP.BINANCE,BINANCE-1-225,ETHUSDT-PERP.BINANCE-QuantBT-001-001,BINANCE-001,T-ff1909e053a34a44-58320,MARKET,SELL,7.527,IOC,False,False,7.527,TAKER,3214.21,0.0,['9.67734347 USDT'],NO_TRIGGER,FILLED,NO_CONTINGENCY,,,,,,,,bed629e7-3d54-4de0-87d7-a50ec0c4cbdc,1630368000000000000,1630368000000000000
BACKTESTER-001,QuantBT-001-001,ETHUSDT-PERP.BINANCE,BINANCE-1-226,ETHUSDT-PERP.BINANCE-QuantBT-001-001,BINANCE-001,T-ea1a460e8f0ae078-58353,MARKET,BUY,7.527,IOC,False,False,7.527,TAKER,3349.77,0.0,['10.08548752 USDT'],NO_TRIGGER,FILLED,NO_CONTINGENCY,,,,,,,,757e938d-982c-4955-a5bc-03705cda0f74,1630396800000000000,1630396800000000000
BACKTESTER-001,QuantBT-001-001,ETHUSDT-PERP.BINANCE,BINANCE-1-227,ETHUSDT-PERP.BINANCE-QuantBT-001-001,BINANCE-001,T-a4e408bc0cae4e67-58382,MARKET,SELL,6.981,IOC,False,False,6.981,TAKER,3391.05,0.0,['9.46916802 USDT'],NO_TRIGGER,FILLED,NO_CONTINGENCY,,,,,,,,d17253cf-8b03-41b6-8d5a-b7556da36487,1630422000000000000,1630422000000000000
BACKTESTER-001,QuantBT-001-001,ETHUSDT-PERP.BINANCE,BINANCE-1-228,ETHUSDT-PERP.BINANCE-QuantBT-001-001,BINANCE-001,T-26039cf0edc1fa1f-58403,MARKET,BUY,6.981,IOC,False,False,6.981,TAKER,3392.78,0.0,['9.47399887 USDT'],NO_TRIGGER,FILLED,NO_CONTINGENCY,,,,,,,,932ca774-75a0-424d-a91d-7fb78d5277d4,1630440000000000000,1630440000000000000
BACKTESTER-001,QuantBT-001-001,ETHUSDT-PERP.BINANCE,BINANCE-1-229,ETHUSDT-PERP.BINANCE-QuantBT-001-001,BINANCE-001,T-c6ae05818b0966ae-58647,MARKET,BUY,5.958,IOC,False,False,5.958,TAKER,3971.06,0.0,['9.46383019 USDT'],NO_TRIGGER,FILLED,NO_CONTINGENCY,,,,,,,,7ce7e462-f2e9-4037-a30e-5adcf13701cf,1630659600000000000,1630659600000000000
BACKTESTER-001,QuantBT-001-001,ETHUSDT-PERP.BINANCE,BINANCE-1-230,ETHUSDT-PERP.BINANCE-QuantBT-001-001,BINANCE-001,T-e976810c2966cc4f-58779,MARKET,SELL,5.958,IOC,False,False,5.958,TAKER,3865.13,0.0,['9.21137782 USDT'],NO_TRIGGER,FILLED,NO_CONTINGENCY,,,,,,,,22f9d10c-ba64-4b83-a12c-fc8df14055f1,1630778400000000000,1630778400000000000
BACKTESTER-001,QuantBT-001-001,ETHUSDT-PERP.BINANCE,BINANCE-1-231,ETHUSDT-PERP.BINANCE-QuantBT-001-001,BINANCE-001,T-8b9ca4f30b6d690a-60194,MARKET,SELL,6.985,IOC,False,False,6.985,TAKER,3340.38,0.0,['9.33302172 USDT'],NO_TRIGGER,FILLED,NO_CONTINGENCY,,,,,,,,31e5a5d1-47fd-4b60-99c4-df50aba3ad9a,1632052800000000000,1632052800000000000
BACKTESTER-001,QuantBT-001-001,ETHUSDT-PERP.BINANCE,BINANCE-1-232,ETHUSDT-PERP.BINANCE-QuantBT-001-001,BINANCE-001,T-1a0ffb5b97837d52-60211,MARKET,BUY,6.985,IOC,False,False,6.985,TAKER,3356.72,0.0,['9.37867568 USDT'],NO_TRIGGER,FILLED,NO_CONTINGENCY,,,,,,,,51bd3ba4-8e2e-4425-bd10-21c0ea258a7d,1632067200000000000,1632067200000000000
BACKTESTER-001,QuantBT-001-001,ETHUSDT-PERP.BINANCE,BINANCE-1-233,ETHUSDT-PERP.BINANCE-QuantBT-001-001,BINANCE-001,T-deae8b56b8e04bbe-60344,MARKET,SELL,7.773,IOC,False,False,7.773,TAKER,2993.3,0.0,['9.30676836 USDT'],NO_TRIGGER,FILLED,NO_CONTINGENCY,,,,,,,,e2510514-0e02-4d02-934f-5d37c619912c,1632186000000000000,1632186000000000000
BACKTESTER-001,QuantBT-001-001,ETHUSDT-PERP.BINANCE,BINANCE-1-234,ETHUSDT-PERP.BINANCE-QuantBT-001-001,BINANCE-001,T-29d9bb24f0b61516-60349,MARKET,BUY,7.773,IOC,False,False,7.773,TAKER,3017.24,0.0,['9.38120261 USDT'],NO_TRIGGER,FILLED,NO_CONTINGENCY,,,,,,,,532ee459-a48c-41ca-86a9-425b2d876103,1632189600000000000,1632189600000000000
BACKTESTER-001,QuantBT-001-001,ETHUSDT-PERP.BINANCE,BINANCE-1-235,ETHUSDT-PERP.BINANCE-QuantBT-001-001,BINANCE-001,T-6f7c3d29c13e63d6-60864,MARKET,BUY,7.792,IOC,False,False,7.792,TAKER,2973.02,0.0,['9.26630874 USDT'],NO_TRIGGER,FILLED,NO_CONTINGENCY,,,,,,,,c51bafca-8e10-440e-bec6-64bd7bc19eef,1632654000000000000,1632654000000000000
BACKTESTER-001,QuantBT-001-001,ETHUSDT-PERP.BINANCE,BINANCE-1-236,ETHUSDT-PERP.BINANCE-QuantBT-001-001,BINANCE-001,T-a8892e8e66f12c50-61016,MARKET,SELL,7.792,IOC,False,False,7.792,TAKER,2935.15,0.0,['9.14827552 USDT'],NO_TRIGGER,FILLED,NO_CONTINGENCY,,,,,,,,23c784b2-17f5-498b-ba58-dbe734743bc8,1632790800000000000,1632790800000000000
BACKTESTER-001,QuantBT-001-001,ETHUSDT-PERP.BINANCE,BINANCE-1-237,ETHUSDT-PERP.BINANCE-QuantBT-001-001,BINANCE-001,T-477ba87e8ff8d324-61213,MARKET,BUY,7.694,IOC,False,False,7.694,TAKER,2990.47,0.0,['9.20347047 USDT'],NO_TRIGGER,FILLED,NO_CONTINGENCY,,,,,,,,869aeb3d-5195-4e20-8119-8a7edf17ce69,1632967200000000000,1632967200000000000
BACKTESTER-001,QuantBT-001-001,ETHUSDT-PERP.BINANCE,BINANCE-1-238,ETHUSDT-PERP.BINANCE-QuantBT-001-001,BINANCE-001,T-b87070e306f0ce67-61582,MARKET,SELL,7.694,IOC,False,False,7.694,TAKER,3409.03,0.0,['10.49163073 USDT'],NO_TRIGGER,FILLED,NO_CONTINGENCY,,,,,,,,65b707e8-30fe-4622-83f4-f1101c1d09c1,1633298400000000000,1633298400000000000
BACKTESTER-001,QuantBT-001-001,ETHUSDT-PERP.BINANCE,BINANCE-1-239,ETHUSDT-PERP.BINANCE-QuantBT-001-001,BINANCE-001,T-5ec6962744dc24df-62015,MARKET,BUY,6.778,IOC,False,False,6.778,TAKER,3630.56,0.0,['9.84317427 USDT'],NO_TRIGGER,FILLED,NO_CONTINGENCY,,,,,,,,ed0de42a-4691-4645-bbc2-7a37e17352cf,1633687200000000000,1633687200000000000
BACKTESTER-001,QuantBT-001-001,ETHUSDT-PERP.BINANCE,BINANCE-1-240,ETHUSDT-PERP.BINANCE-QuantBT-001-001,BINANCE-001,T-62ce378ecff852fb-62028,MARKET,SELL,6.778,IOC,False,False,6.778,TAKER,3599.0,0.0,['9.75760880 USDT'],NO_TRIGGER,FILLED,NO_CONTINGENCY,,,,,,,,436d0c7c-f2c4-4908-86b3-ef8a57e2e5ab,1633698000000000000,1633698000000000000
BACKTESTER-001,QuantBT-001-001,ETHUSDT-PERP.BINANCE,BINANCE-1-241,ETHUSDT-PERP.BINANCE-QuantBT-001-001,BINANCE-001,T-322a369f2fa63d55-62779,MARKET,BUY,6.215,IOC,False,False,6.215,TAKER,3940.81,0.0,['9.79685366 USDT'],NO_TRIGGER,FILLED,NO_CONTINGENCY,,,,,,,,42a8ffb1-d3b4-4e02-a6a9-33310ec8b95e,1634374800000000000,1634374800000000000
BACKTESTER-001,QuantBT-001-001,ETHUSDT-PERP.BINANCE,BINANCE-1-242,ETHUSDT-PERP.BINANCE-QuantBT-001-001,BINANCE-001,T-7a929e960678452b-62796,MARKET,SELL,6.215,IOC,False,False,6.215,TAKER,3922.32,0.0,['9.75088752 USDT'],NO_TRIGGER,FILLED,NO_CONTINGENCY,,,,,,,,4117615c-c9aa-4dc5-a595-c928f29b3f88,1634389200000000000,1634389200000000000
BACKTESTER-001,QuantBT-001-001,ETHUSDT-PERP.BINANCE,BINANCE-1-243,ETHUSDT-PERP.BINANCE-QuantBT-001-001,BINANCE-001,T-7167c922f692c92b-62904,MARKET,SELL,6.404,IOC,False,False,6.404,TAKER,3813.88,0.0,['9.76963501 USDT'],NO_TRIGGER,FILLED,NO_CONTINGENCY,,,,,,,,6494ac49-7f99-4454-928c-3159d570dc3f,1634486400000000000,1634486400000000000
BACKTESTER-001,QuantBT-001-001,ETHUSDT-PERP.BINANCE,BINANCE-1-244,ETHUSDT-PERP.BINANCE-QuantBT-001-001,BINANCE-001,T-af2d4dd1e59b0c7e-62932,MARKET,BUY,6.404,IOC,False,False,6.404,TAKER,3851.01,0.0,['9.86474722 USDT'],NO_TRIGGER,FILLED,NO_CONTINGENCY,,,,,,,,c0550a4e-ba2e-415b-a1c8-67cf30dc2ea3,1634511600000000000,1634511600000000000
BACKTESTER-001,QuantBT-001-001,ETHUSDT-PERP.BINANCE,BINANCE-1-245,ETHUSDT-PERP.BINANCE-QuantBT-001-001,BINANCE-001,T-693c628b027dad71-63180,MARKET,BUY,6.054,IOC,False,False,6.054,TAKER,4012.86,0.0,['9.71754178 USDT'],NO_TRIGGER,FILLED,NO_CONTINGENCY,,,,,,,,d9a03a93-ba99-467d-96ef-285d1cdd4ed4,1634734800000000000,1634734800000000000
BACKTESTER-001,QuantBT-001-001,ETHUSDT-PERP.BINANCE,BINANCE-1-246,ETHUSDT-PERP.BINANCE-QuantBT-001-001,BINANCE-001,T-b3ec6536686ec6b4-63485,MARKET,SELL,6.054,IOC,False,False,6.054,TAKER,4107.89,0.0,['9.94766642 USDT'],NO_TRIGGER,FILLED,NO_CONTINGENCY,,,,,,,,e8499d3f-5e57-4073-801e-9febebf7e7a1,1635008400000000000,1635008400000000000
BACKTESTER-001,QuantBT-001-001,ETHUSDT-PERP.BINANCE,BINANCE-1-247,ETHUSDT-PERP.BINANCE-QuantBT-001-001,BINANCE-001,T-bbcfd6c4404342c0-64055,MARKET,BUY,5.548,IOC,False,False,5.548,TAKER,4429.25,0.0,['9.82939160 USDT'],NO_TRIGGER,FILLED,NO_CONTINGENCY,,,,,,,,52557ffd-7ee9-4465-a99e-41e7dd195564,1635523200000000000,1635523200000000000
BACKTESTER-001,QuantBT-001-001,ETHUSDT-PERP.BINANCE,BINANCE-1-248,ETHUSDT-PERP.BINANCE-QuantBT-001-001,BINANCE-001,T-f828804129a2d748-64068,MARKET,SELL,5.548,IOC,False,False,5.548,TAKER,4406.52,0.0,['9.77894918 USDT'],NO_TRIGGER,FILLED,NO_CONTINGENCY,,,,,,,,6e74387f-5c8e-44e0-980e-1d64f1430add,1635534000000000000,1635534000000000000
BACKTESTER-001,QuantBT-001-001,ETHUSDT-PERP.BINANCE,BINANCE-1-249,ETHUSDT-PERP.BINANCE-QuantBT-001-001,BINANCE-001,T-4e886fb6bf0f8e68-64293,MARKET,SELL,5.844,IOC,False,False,5.844,TAKER,4192.61,0.0,['9.80064514 USDT'],NO_TRIGGER,FILLED,NO_CONTINGENCY,,,,,,,,8490a0b3-826c-42bb-b63d-4cefdaf81f75,1635735600000000000,1635735600000000000
BACKTESTER-001,QuantBT-001-001,ETHUSDT-PERP.BINANCE,BINANCE-1-250,ETHUSDT-PERP.BINANCE-QuantBT-001-001,BINANCE-001,T-684631cf9144fad8-64314,MARKET,BUY,5.844,IOC,False,False,5.844,TAKER,4315.67,0.0,['10.08831019 USDT'],NO_TRIGGER,FILLED,NO_CONTINGENCY,,,,,,,,72ad2120-ff72-4ffe-9c63-e5895a2805b1,1635753600000000000,1635753600000000000
BACKTESTER-001,QuantBT-001-001,ETHUSDT-PERP.BINANCE,BINANCE-1-251,ETHUSDT-PERP.BINANCE-QuantBT-001-001,BINANCE-001,T-4b3bd98b37482538-64423,MARKET,BUY,5.462,IOC,False,False,5.462,TAKER,4417.84,0.0,['9.65209683 USDT'],NO_TRIGGER,FILLED,NO_CONTINGENCY,,,,,,,,d0dfeca1-e176-4653-83b9-8875dda5491b,1635850800000000000,1635850800000000000
BACKTESTER-001,QuantBT-001-001,ETHUSDT-PERP.BINANCE,BINANCE-1-252,ETHUSDT-PERP.BINANCE-QuantBT-001-001,BINANCE-001,T-ce9a656daf9a192a-64807,MARKET,SELL,5.462,IOC,False,False,5.462,TAKER,4372.0,0.0,['9.55194560 USDT'],NO_TRIGGER,FILLED,NO_CONTINGENCY,,,,,,,,b53e3519-b5df-4805-9544-03310a8ab6cb,1636196400000000000,1636196400000000000
BACKTESTER-001,QuantBT-001-001,ETHUSDT-PERP.BINANCE,BINANCE-1-253,ETHUSDT-PERP.BINANCE-QuantBT-001-001,BINANCE-001,T-4267568336ddaec1-66268,MARKET,BUY,5.486,IOC,False,False,5.486,TAKER,4374.1,0.0,['9.59852504 USDT'],NO_TRIGGER,FILLED,NO_CONTINGENCY,,,,,,,,1285649b-a694-496e-b909-f1db0b98559f,1637514000000000000,1637514000000000000
BACKTESTER-001,QuantBT-001-001,ETHUSDT-PERP.BINANCE,BINANCE-1-254,ETHUSDT-PERP.BINANCE-QuantBT-001-001,BINANCE-001,T-4319f882522d1628-66281,MARKET,SELL,5.486,IOC,False,False,5.486,TAKER,4384.17,0.0,['9.62062265 USDT'],NO_TRIGGER,FILLED,NO_CONTINGENCY,,,,,,,,0bb4d9d6-f549-428b-9796-c76a90182940,1637524800000000000,1637524800000000000
BACKTESTER-001,QuantBT-001-001,ETHUSDT-PERP.BINANCE,BINANCE-1-255,ETHUSDT-PERP.BINANCE-QuantBT-001-001,BINANCE-001,T-b8981b50165d6799-66306,MARKET,BUY,5.731,IOC,False,False,5.731,TAKER,4189.91,0.0,['9.60494968 USDT'],NO_TRIGGER,FILLED,NO_CONTINGENCY,,,,,,,,8808b749-e700-4f22-ad57-1488c6194dca,1637546400000000000,1637546400000000000
BACKTESTER-001,QuantBT-001-001,ETHUSDT-PERP.BINANCE,BINANCE-1-256,ETHUSDT-PERP.BINANCE-QuantBT-001-001,BINANCE-001,T-b728f332c68ab51a-66315,MARKET,SELL,5.731,IOC,False,False,5.731,TAKER,4155.62,0.0,['9.52634329 USDT'],NO_TRIGGER,FILLED,NO_CONTINGENCY,,,,,,,,78f4308f-268d-46b0-8c1f-23149dd83f1d,1637553600000000000,1637553600000000000
BACKTESTER-001,QuantBT-001-001,ETHUSDT-PERP.BINANCE,BINANCE-1-257,ETHUSDT-PERP.BINANCE-QuantBT-001-001,BINANCE-001,T-9ff6f1c070a57c07-66380,MARKET,SELL,5.888,IOC,False,False,5.888,TAKER,4060.0,0.0,['9.56211200 USDT'],NO_TRIGGER,FILLED,NO_CONTINGENCY,,,,,,,,616b92e8-f0f7-4d60-b291-b8b6f8effd26,1637611200000000000,1637611200000000000
BACKTESTER-001,QuantBT-001-001,ETHUSDT-PERP.BINANCE,BINANCE-1-258,ETHUSDT-PERP.BINANCE-QuantBT-001-001,BINANCE-001,T-5da34c23d2bc9fca-66401,MARKET,BUY,5.888,IOC,False,False,5.888,TAKER,4139.94,0.0,['9.75038669 USDT'],NO_TRIGGER,FILLED,NO_CONTINGENCY,,,,,,,,466538fb-7844-4d66-a56f-f50103a01799,1637629200000000000,1637629200000000000
BACKTESTER-001,QuantBT-001-001,ETHUSDT-PERP.BINANCE,BINANCE-1-259,ETHUSDT-PERP.BINANCE-QuantBT-001-001,BINANCE-001,T-881cbf5ae58d660b-67117,MARKET,BUY,5.155,IOC,False,False,5.155,TAKER,4590.01,0.0,['9.46460062 USDT'],NO_TRIGGER,FILLED,NO_CONTINGENCY,,,,,,,,09dfb4aa-4223-4392-8a19-c75ccb80465e,1638273600000000000,1638273600000000000
BACKTESTER-001,QuantBT-001-001,ETHUSDT-PERP.BINANCE,BINANCE-1-260,ETHUSDT-PERP.BINANCE-QuantBT-001-001,BINANCE-001,T-8cac3d08b49a116d-67134,MARKET,SELL,5.155,IOC,False,False,5.155,TAKER,4563.84,0.0,['9.41063808 USDT'],NO_TRIGGER,FILLED,NO_CONTINGENCY,,,,,,,,a2077488-2d4c-4d03-8ddb-19c64e045286,1638288000000000000,1638288000000000000
BACKTESTER-001,QuantBT-001-001,ETHUSDT-PERP.BINANCE,BINANCE-1-261,ETHUSDT-PERP.BINANCE-QuantBT-001-001,BINANCE-001,T-6164918f357dc293-67419,MARKET,SELL,5.278,IOC,False,False,5.278,TAKER,4468.8,0.0,['9.43453056 USDT'],NO_TRIGGER,FILLED,NO_CONTINGENCY,,,,,,,,2223e935-8b86-447e-a6fc-6baaaae86437,1638543600000000000,1638543600000000000
BACKTESTER-001,QuantBT-001-001,ETHUSDT-PERP.BINANCE,BINANCE-1-262,ETHUSDT-PERP.BINANCE-QuantBT-001-001,BINANCE-001,T-7f9e12dd471c63b8-67695,MARKET,BUY,5.278,IOC,False,False,5.278,TAKER,4050.95,0.0,['8.55236564 USDT'],NO_TRIGGER,FILLED,NO_CONTINGENCY,,,,,,,,75e08301-b1bb-43ee-94bb-6082b12fbf66,1638792000000000000,1638792000000000000
BACKTESTER-001,QuantBT-001-001,ETHUSDT-PERP.BINANCE,BINANCE-1-263,ETHUSDT-PERP.BINANCE-QuantBT-001-001,BINANCE-001,T-58b60fa6999c0c1e-68092,MARKET,SELL,6.139,IOC,False,False,6.139,TAKER,4020.1,0.0,['9.87175756 USDT'],NO_TRIGGER,FILLED,NO_CONTINGENCY,,,,,,,,d0d10c6c-d778-4fa3-904d-526448e9313d,1639148400000000000,1639148400000000000
BACKTESTER-001,QuantBT-001-001,ETHUSDT-PERP.BINANCE,BINANCE-1-264,ETHUSDT-PERP.BINANCE-QuantBT-001-001,BINANCE-001,T-8d23b0d6bc3264e9-68097,MARKET,BUY,6.139,IOC,False,False,6.139,TAKER,3975.18,0.0,['9.76145201 USDT'],NO_TRIGGER,FILLED,NO_CONTINGENCY,,,,,,,,21dcf8ef-4529-4148-8b72-b3b4ae6606b9,1639152000000000000,1639152000000000000
BACKTESTER-001,QuantBT-001-001,ETHUSDT-PERP.BINANCE,BINANCE-1-265,ETHUSDT-PERP.BINANCE-QuantBT-001-001,BINANCE-001,T-37a420ee2ffa89b0-68596,MARKET,BUY,6.106,IOC,False,False,6.106,TAKER,4062.49,0.0,['9.92222558 USDT'],NO_TRIGGER,FILLED,NO_CONTINGENCY,,,,,,,,eeb9258c-565d-454c-91fb-d83ee40b47a3,1639602000000000000,1639602000000000000
BACKTESTER-001,QuantBT-001-001,ETHUSDT-PERP.BINANCE,BINANCE-1-266,ETHUSDT-PERP.BINANCE-QuantBT-001-001,BINANCE-001,T-4c0e4cf8dab88875-68605,MARKET,SELL,6.106,IOC,False,False,6.106,TAKER,4019.01,0.0,['9.81603002 USDT'],NO_TRIGGER,FILLED,NO_CONTINGENCY,,,,,,,,0a09cab5-72e0-4f64-8905-873407c217af,1639609200000000000,1639609200000000000
BACKTESTER-001,QuantBT-001-001,ETHUSDT-PERP.BINANCE,BINANCE-1-267,ETHUSDT-PERP.BINANCE-QuantBT-001-001,BINANCE-001,T-74941f3f7923a0dc-68770,MARKET,BUY,6.310,IOC,False,False,6.310,TAKER,3908.7,0.0,['9.86555880 USDT'],NO_TRIGGER,FILLED,NO_CONTINGENCY,,,,,,,,a364bd66-3b91-4f30-86cf-6580047a73e0,1639756800000000000,1639756800000000000
BACKTESTER-001,QuantBT-001-001,ETHUSDT-PERP.BINANCE,BINANCE-1-268,ETHUSDT-PERP.BINANCE-QuantBT-001-001,BINANCE-001,T-15f7fbde9453cad1-68811,MARKET,SELL,6.310,IOC,False,False,6.310,TAKER,3787.47,0.0,['9.55957428 USDT'],NO_TRIGGER,FILLED,NO_CONTINGENCY,,,,,,,,d843524e-1ffa-4ff2-bccc-f8f4ce984e88,1639792800000000000,1639792800000000000
BACKTESTER-001,QuantBT-001-001,ETHUSDT-PERP.BINANCE,BINANCE-1-269,ETHUSDT-PERP.BINANCE-QuantBT-001-001,BINANCE-001,T-5be554a51d7b130b-69295,MARKET,BUY,6.130,IOC,False,False,6.130,TAKER,3959.44,0.0,['9.70854688 USDT'],NO_TRIGGER,FILLED,NO_CONTINGENCY,,,,,,,,4b442f57-a1d0-4581-8c64-87c908e92b40,1640228400000000000,1640228400000000000
BACKTESTER-001,QuantBT-001-001,ETHUSDT-PERP.BINANCE,BINANCE-1-270,ETHUSDT-PERP.BINANCE-QuantBT-001-001,BINANCE-001,T-a1b51eb12729a4d8-69316,MARKET,SELL,6.130,IOC,False,False,6.130,TAKER,3928.26,0.0,['9.63209352 USDT'],NO_TRIGGER,FILLED,NO_CONTINGENCY,,,,,,,,9bd45a72-85c9-4577-b2f9-d70f332063d5,1640246400000000000,1640246400000000000
BACKTESTER-001,QuantBT-001-001,ETHUSDT-PERP.BINANCE,BINANCE-1-271,ETHUSDT-PERP.BINANCE-QuantBT-001-001,BINANCE-001,T-7029ad3713a5d231-70308,MARKET,BUY,6.320,IOC,False,False,6.320,TAKER,3823.47,0.0,['9.66573216 USDT'],NO_TRIGGER,FILLED,NO_CONTINGENCY,,,,,,,,76aff3fa-614e-4040-ada7-b57144d15d84,1641142800000000000,1641142800000000000
BACKTESTER-001,QuantBT-001-001,ETHUSDT-PERP.BINANCE,BINANCE-1-272,ETHUSDT-PERP.BINANCE-QuantBT-001-001,BINANCE-001,T-f551431a8bdd55bf-70317,MARKET,SELL,6.320,IOC,False,False,6.320,TAKER,3797.01,0.0,['9.59884128 USDT'],NO_TRIGGER,FILLED,NO_CONTINGENCY,,,,,,,,77f2af6f-1c6d-4591-991a-607ed77588c5,1641150000000000000,1641150000000000000
BACKTESTER-001,QuantBT-001-001,ETHUSDT-PERP.BINANCE,BINANCE-1-273,ETHUSDT-PERP.BINANCE-QuantBT-001-001,BINANCE-001,T-64c727eb7d75061c-70606,MARKET,SELL,6.589,IOC,False,False,6.589,TAKER,3653.62,0.0,['9.62948087 USDT'],NO_TRIGGER,FILLED,NO_CONTINGENCY,,,,,,,,91ff672d-d8e9-470f-8ab0-81399ba18fef,1641409200000000000,1641409200000000000
BACKTESTER-001,QuantBT-001-001,ETHUSDT-PERP.BINANCE,BINANCE-1-274,ETHUSDT-PERP.BINANCE-QuantBT-001-001,BINANCE-001,T-0e77962e225a1147-71079,MARKET,BUY,6.589,IOC,False,False,6.589,TAKER,3010.45,0.0,['7.93434202 USDT'],NO_TRIGGER,FILLED,NO_CONTINGENCY,,,,,,,,76abfd50-0420-4a2f-9d2b-2f2704bd89b7,1641834000000000000,1641834000000000000
BACKTESTER-001,QuantBT-001-001,ETHUSDT-PERP.BINANCE,BINANCE-1-275,ETHUSDT-PERP.BINANCE-QuantBT-001-001,BINANCE-001,T-ec3fea5645f378d9-71180,MARKET,SELL,8.103,IOC,False,False,8.103,TAKER,3231.29,0.0,['10.47325715 USDT'],NO_TRIGGER,FILLED,NO_CONTINGENCY,,,,,,,,47c0316d-a6b6-44c2-aae6-f9d462fc0201,1641924000000000000,1641924000000000000
BACKTESTER-001,QuantBT-001-001,ETHUSDT-PERP.BINANCE,BINANCE-1-276,ETHUSDT-PERP.BINANCE-QuantBT-001-001,BINANCE-001,T-75518754dda05503-71245,MARKET,BUY,8.103,IOC,False,False,8.103,TAKER,3246.39,0.0,['10.52219927 USDT'],NO_TRIGGER,FILLED,NO_CONTINGENCY,,,,,,,,9d8cdccb-d0e9-40c3-b0ae-3d8e17f8af4d,1641981600000000000,1641981600000000000
BACKTESTER-001,QuantBT-001-001,ETHUSDT-PERP.BINANCE,BINANCE-1-277,ETHUSDT-PERP.BINANCE-QuantBT-001-001,BINANCE-001,T-d85f47f171e2cf9b-71266,MARKET,BUY,7.771,IOC,False,False,7.771,TAKER,3360.27,0.0,['10.44506327 USDT'],NO_TRIGGER,FILLED,NO_CONTINGENCY,,,,,,,,e9354e9a-b4c9-4345-b933-8503fa62c900,1641999600000000000,1641999600000000000
BACKTESTER-001,QuantBT-001-001,ETHUSDT-PERP.BINANCE,BINANCE-1-278,ETHUSDT-PERP.BINANCE-QuantBT-001-001,BINANCE-001,T-03d3cda8ec87c5d2-71319,MARKET,SELL,7.771,IOC,False,False,7.771,TAKER,3335.54,0.0,['10.36819254 USDT'],NO_TRIGGER,FILLED,NO_CONTINGENCY,,,,,,,,20a1fd8e-d587-4a83-b673-b933ec81155b,1642046400000000000,1642046400000000000
BACKTESTER-001,QuantBT-001-001,ETHUSDT-PERP.BINANCE,BINANCE-1-279,ETHUSDT-PERP.BINANCE-QuantBT-001-001,BINANCE-001,T-6b699a91b56d62a7-71641,MARKET,BUY,7.789,IOC,False,False,7.789,TAKER,3338.73,0.0,['10.40214719 USDT'],NO_TRIGGER,FILLED,NO_CONTINGENCY,,,,,,,,6ce9b51c-a58d-43c7-a5f6-96a35cb7416b,1642338000000000000,1642338000000000000
BACKTESTER-001,QuantBT-001-001,ETHUSDT-PERP.BINANCE,BINANCE-1-280,ETHUSDT-PERP.BINANCE-QuantBT-001-001,BINANCE-001,T-d145ce879b660c8a-71646,MARKET,SELL,7.789,IOC,False,False,7.789,TAKER,3350.12,0.0,['10.43763387 USDT'],NO_TRIGGER,FILLED,NO_CONTINGENCY,,,,,,,,4a91da51-bf83-4c51-9e8c-7590d6dbc99a,1642341600000000000,1642341600000000000
BACKTESTER-001,QuantBT-001-001,ETHUSDT-PERP.BINANCE,BINANCE-1-281,ETHUSDT-PERP.BINANCE-QuantBT-001-001,BINANCE-001,T-99b23c03b50a65f7-71839,MARKET,SELL,8.350,IOC,False,False,8.350,TAKER,3118.38,0.0,['10.41538920 USDT'],NO_TRIGGER,FILLED,NO_CONTINGENCY,,,,,,,,da19d19a-61cd-4d16-8f1d-4ca9c20816bc,1642514400000000000,1642514400000000000
BACKTESTER-001,QuantBT-001-001,ETHUSDT-PERP.BINANCE,BINANCE-1-282,ETHUSDT-PERP.BINANCE-QuantBT-001-001,BINANCE-001,T-39ec3e41fd216ffc-71876,MARKET,BUY,8.350,IOC,False,False,8.350,TAKER,3159.32,0.0,['10.55212880 USDT'],NO_TRIGGER,FILLED,NO_CONTINGENCY,,,,,,,,1bfc413b-de1f-4c98-9020-8e251c717d5e,1642546800000000000,1642546800000000000
BACKTESTER-001,QuantBT-001-001,ETHUSDT-PERP.BINANCE,BINANCE-1-283,ETHUSDT-PERP.BINANCE-QuantBT-001-001,BINANCE-001,T-0a62fa06c56f72fc-71897,MARKET,SELL,8.342,IOC,False,False,8.342,TAKER,3099.56,0.0,['10.34261181 USDT'],NO_TRIGGER,FILLED,NO_CONTINGENCY,,,,,,,,1ef621a3-c588-4a93-b63a-21a9800eacef,1642564800000000000,1642564800000000000
BACKTESTER-001,QuantBT-001-001,ETHUSDT-PERP.BINANCE,BINANCE-1-284,ETHUSDT-PERP.BINANCE-QuantBT-001-001,BINANCE-001,T-6b7c341ab93d565c-71929,MARKET,BUY,8.342,IOC,False,False,8.342,TAKER,3118.5,0.0,['10.40581080 USDT'],NO_TRIGGER,FILLED,NO_CONTINGENCY,,,,,,,,2b110d7a-732f-4455-a9fb-f81b0f2343ad,1642593600000000000,1642593600000000000
BACKTESTER-001,QuantBT-001-001,ETHUSDT-PERP.BINANCE,BINANCE-1-285,ETHUSDT-PERP.BINANCE-QuantBT-001-001,BINANCE-001,T-a6ad56594e53f6f4-72166,MARKET,SELL,10.038,IOC,False,False,10.038,TAKER,2566.91,0.0,['10.30665703 USDT'],NO_TRIGGER,FILLED,NO_CONTINGENCY,,,,,,,,50fe31f6-1cd9-470f-b44c-6f7d85635cb6,1642806000000000000,1642806000000000000
BACKTESTER-001,QuantBT-001-001,ETHUSDT-PERP.BINANCE,BINANCE-1-286,ETHUSDT-PERP.BINANCE-QuantBT-001-001,BINANCE-001,T-542b46993121e9cd-72171,MARKET,BUY,10.038,IOC,False,False,10.038,TAKER,2590.68,0.0,['10.40209834 USDT'],NO_TRIGGER,FILLED,NO_CONTINGENCY,,,,,,,,7e36db2c-d67d-4da9-902c-37a324800086,1642809600000000000,1642809600000000000
BACKTESTER-001,QuantBT-001-001,ETHUSDT-PERP.BINANCE,BINANCE-1-287,ETHUSDT-PERP.BINANCE-QuantBT-001-001,BINANCE-001,T-9b5c61eda24f8a77-73705,MARKET,BUY,8.523,IOC,False,False,8.523,TAKER,3008.12,0.0,['10.25528270 USDT'],NO_TRIGGER,FILLED,NO_CONTINGENCY,,,,,,,,fe4c7065-0541-461e-869b-d1f575ffdc5f,1644192000000000000,1644192000000000000
BACKTESTER-001,QuantBT-001-001,ETHUSDT-PERP.BINANCE,BINANCE-1-288,ETHUSDT-PERP.BINANCE-QuantBT-001-001,BINANCE-001,T-6cdde11a177540aa-73710,MARKET,SELL,8.523,IOC,False,False,8.523,TAKER,3018.29,0.0,['10.28995427 USDT'],NO_TRIGGER,FILLED,NO_CONTINGENCY,,,,,,,,68427bbd-99fb-41b5-9289-892868836a70,1644195600000000000,1644195600000000000
BACKTESTER-001,QuantBT-001-001,ETHUSDT-PERP.BINANCE,BINANCE-1-289,ETHUSDT-PERP.BINANCE-QuantBT-001-001,BINANCE-001,T-19486dfce1cc4112-73954,MARKET,SELL,8.054,IOC,False,False,8.054,TAKER,3187.51,0.0,['10.26888222 USDT'],NO_TRIGGER,FILLED,NO_CONTINGENCY,,,,,,,,0b566504-725b-4dd3-83a7-82a9d0f7a3db,1644415200000000000,1644415200000000000
BACKTESTER-001,QuantBT-001-001,ETHUSDT-PERP.BINANCE,BINANCE-1-290,ETHUSDT-PERP.BINANCE-QuantBT-001-001,BINANCE-001,T-08cadadabb1c9fd1-73979,MARKET,BUY,8.054,IOC,False,False,8.054,TAKER,3256.82,0.0,['10.49217131 USDT'],NO_TRIGGER,FILLED,NO_CONTINGENCY,,,,,,,,6acd62ac-674c-4811-a49d-43f6952183bf,1644436800000000000,1644436800000000000
BACKTESTER-001,QuantBT-001-001,ETHUSDT-PERP.BINANCE,BINANCE-1-291,ETHUSDT-PERP.BINANCE-QuantBT-001-001,BINANCE-001,T-64b275909d0999e1-74649,MARKET,BUY,8.065,IOC,False,False,8.065,TAKER,3147.2,0.0,['10.15286720 USDT'],NO_TRIGGER,FILLED,NO_CONTINGENCY,,,,,,,,4d171b3a-d9ff-4975-a575-8bc795e75905,1645041600000000000,1645041600000000000
BACKTESTER-001,QuantBT-001-001,ETHUSDT-PERP.BINANCE,BINANCE-1-292,ETHUSDT-PERP.BINANCE-QuantBT-001-001,BINANCE-001,T-bd760f38a0b50a49-74658,MARKET,SELL,8.065,IOC,False,False,8.065,TAKER,3135.25,0.0,['10.11431650 USDT'],NO_TRIGGER,FILLED,NO_CONTINGENCY,,,,,,,,a5c4b09f-53c9-41c4-84cc-fd5db9584c5d,1645048800000000000,1645048800000000000
BACKTESTER-001,QuantBT-001-001,ETHUSDT-PERP.BINANCE,BINANCE-1-293,ETHUSDT-PERP.BINANCE-QuantBT-001-001,BINANCE-001,T-b848a8a6cf713700-74823,MARKET,SELL,9.049,IOC,False,False,9.049,TAKER,2798.58,0.0,['10.12974017 USDT'],NO_TRIGGER,FILLED,NO_CONTINGENCY,,,,,,,,c14badb1-ce97-4010-9235-d2af0ab24847,1645196400000000000,1645196400000000000
BACKTESTER-001,QuantBT-001-001,ETHUSDT-PERP.BINANCE,BINANCE-1-294,ETHUSDT-PERP.BINANCE-QuantBT-001-001,BINANCE-001,T-13d3e6e54627c9c7-75370,MARKET,BUY,9.049,IOC,False,False,9.049,TAKER,2380.09,0.0,['8.61497376 USDT'],NO_TRIGGER,FILLED,NO_CONTINGENCY,,,,,,,,82a0317f-17c5-4f29-8f38-27e1b4ae9425,1645689600000000000,1645689600000000000
BACKTESTER-001,QuantBT-001-001,ETHUSDT-PERP.BINANCE,BINANCE-1-295,ETHUSDT-PERP.BINANCE-QuantBT-001-001,BINANCE-001,T-9695ea3de64f081b-75979,MARKET,SELL,9.182,IOC,False,False,9.182,TAKER,2963.2,0.0,['10.88324096 USDT'],NO_TRIGGER,FILLED,NO_CONTINGENCY,,,,,,,,5cc34d86-f59b-4ae5-96fc-4e4d385da7ac,1646236800000000000,1646236800000000000
BACKTESTER-001,QuantBT-001-001,ETHUSDT-PERP.BINANCE,BINANCE-1-296,ETHUSDT-PERP.BINANCE-QuantBT-001-001,BINANCE-001,T-bb08299ba40b9e9e-76431,MARKET,BUY,9.182,IOC,False,False,9.182,TAKER,2529.5,0.0,['9.29034760 USDT'],NO_TRIGGER,FILLED,NO_CONTINGENCY,,,,,,,,82567443-c0c9-47b4-aa5b-14d31319eb54,1646643600000000000,1646643600000000000
BACKTESTER-001,QuantBT-001-001,ETHUSDT-PERP.BINANCE,BINANCE-1-297,ETHUSDT-PERP.BINANCE-QuantBT-001-001,BINANCE-001,T-ecf029a434594203-76475,MARKET,SELL,11.836,IOC,False,False,11.836,TAKER,2466.17,0.0,['11.67583525 USDT'],NO_TRIGGER,FILLED,NO_CONTINGENCY,,,,,,,,cd3ce65b-1ead-4b0d-8a93-18c8fccfe07e,1646683200000000000,1646683200000000000
BACKTESTER-001,QuantBT-001-001,ETHUSDT-PERP.BINANCE,BINANCE-1-298,ETHUSDT-PERP.BINANCE-QuantBT-001-001,BINANCE-001,T-a39c96353fe8b8ef-76484,MARKET,BUY,11.836,IOC,False,False,11.836,TAKER,2503.17,0.0,['11.85100805 USDT'],NO_TRIGGER,FILLED,NO_CONTINGENCY,,,,,,,,f2f7dd87-95ec-4265-afac-299e97d1777d,1646690400000000000,1646690400000000000
BACKTESTER-001,QuantBT-001-001,ETHUSDT-PERP.BINANCE,BINANCE-1-299,ETHUSDT-PERP.BINANCE-QuantBT-001-001,BINANCE-001,T-a8a5e5feb903f83e-76561,MARKET,SELL,11.173,IOC,False,False,11.173,TAKER,2591.78,0.0,['11.58318318 USDT'],NO_TRIGGER,FILLED,NO_CONTINGENCY,,,,,,,,8cf85d11-d4d6-4814-9de3-92ce96e71ea1,1646758800000000000,1646758800000000000
BACKTESTER-001,QuantBT-001-001,ETHUSDT-PERP.BINANCE,BINANCE-1-300,ETHUSDT-PERP.BINANCE-QuantBT-001-001,BINANCE-001,T-cc0df5277d1ad519-76566,MARKET,BUY,11.173,IOC,False,False,11.173,TAKER,2568.97,0.0,['11.48124072 USDT'],NO_TRIGGER,FILLED,NO_CONTINGENCY,,,,,,,,7092843d-4764-473d-b212-b8c52f351c3a,1646762400000000000,1646762400000000000
BACKTESTER-001,QuantBT-001-001,ETHUSDT-PERP.BINANCE,BINANCE-1-301,ETHUSDT-PERP.BINANCE-QuantBT-001-001,BINANCE-001,T-7df6d66021f90917-76607,MARKET,BUY,10.697,IOC,False,False,10.697,TAKER,2717.82,0.0,['11.62900822 USDT'],NO_TRIGGER,FILLED,NO_CONTINGENCY,,,,,,,,e44e1e84-f5c9-4f6b-93fe-e91ccc037f12,1646798400000000000,1646798400000000000
BACKTESTER-001,QuantBT-001-001,ETHUSDT-PERP.BINANCE,BINANCE-1-302,ETHUSDT-PERP.BINANCE-QuantBT-001-001,BINANCE-001,T-2780c59792f2d425-76696,MARKET,SELL,10.697,IOC,False,False,10.697,TAKER,2660.72,0.0,['11.38468874 USDT'],NO_TRIGGER,FILLED,NO_CONTINGENCY,,,,,,,,d688660c-4c02-4c59-befa-5b326a3db608,1646877600000000000,1646877600000000000
BACKTESTER-001,QuantBT-001-001,ETHUSDT-PERP.BINANCE,BINANCE-1-303,ETHUSDT-PERP.BINANCE-QuantBT-001-001,BINANCE-001,T-b60955b6ed7cf44e-76833,MARKET,BUY,10.841,IOC,False,False,10.841,TAKER,2652.66,0.0,['11.50299482 USDT'],NO_TRIGGER,FILLED,NO_CONTINGENCY,,,,,,,,a9455f84-03c1-4cd5-b620-0faa67b7978a,1647000000000000000,1647000000000000000
BACKTESTER-001,QuantBT-001-001,ETHUSDT-PERP.BINANCE,BINANCE-1-304,ETHUSDT-PERP.BINANCE-QuantBT-001-001,BINANCE-001,T-2205d980761dce3f-76842,MARKET,SELL,10.841,IOC,False,False,10.841,TAKER,2609.01,0.0,['11.31371096 USDT'],NO_TRIGGER,FILLED,NO_CONTINGENCY,,,,,,,,3b94a9ed-c34b-4c48-a3e6-7f4fe38d3659,1647007200000000000,1647007200000000000
BACKTESTER-001,QuantBT-001-001,ETHUSDT-PERP.BINANCE,BINANCE-1-305,ETHUSDT-PERP.BINANCE-QuantBT-001-001,BINANCE-001,T-1bf39b1a8821de23-77093,MARKET,BUY,11.111,IOC,False,False,11.111,TAKER,2565.83,0.0,['11.40357485 USDT'],NO_TRIGGER,FILLED,NO_CONTINGENCY,,,,,,,,cea19a07-1026-49fa-a5c9-2f30887407e2,1647234000000000000,1647234000000000000
BACKTESTER-001,QuantBT-001-001,ETHUSDT-PERP.BINANCE,BINANCE-1-306,ETHUSDT-PERP.BINANCE-QuantBT-001-001,BINANCE-001,T-a1e7bee1bde334f0-77146,MARKET,SELL,11.111,IOC,False,False,11.111,TAKER,2528.5,0.0,['11.23766540 USDT'],NO_TRIGGER,FILLED,NO_CONTINGENCY,,,,,,,,cdeaf72b-eb51-437f-b58c-e741a446b5c0,1647280800000000000,1647280800000000000
BACKTESTER-001,QuantBT-001-001,ETHUSDT-PERP.BINANCE,BINANCE-1-307,ETHUSDT-PERP.BINANCE-QuantBT-001-001,BINANCE-001,T-e7bd3f570393ac1d-77279,MARKET,BUY,10.798,IOC,False,False,10.798,TAKER,2619.83,0.0,['11.31556974 USDT'],NO_TRIGGER,FILLED,NO_CONTINGENCY,,,,,,,,268d7ea8-4ce7-4c1b-a2c3-8b01df58e0df,1647399600000000000,1647399600000000000
BACKTESTER-001,QuantBT-001-001,ETHUSDT-PERP.BINANCE,BINANCE-1-308,ETHUSDT-PERP.BINANCE-QuantBT-001-001,BINANCE-001,T-ebfc87127dc4fa09-77284,MARKET,SELL,10.798,IOC,False,False,10.798,TAKER,2617.98,0.0,['11.30757922 USDT'],NO_TRIGGER,FILLED,NO_CONTINGENCY,,,,,,,,8d218916-f1e0-482e-96ae-71979b0cddb0,1647403200000000000,1647403200000000000
BACKTESTER-001,QuantBT-001-001,ETHUSDT-PERP.BINANCE,BINANCE-1-309,ETHUSDT-PERP.BINANCE-QuantBT-001-001,BINANCE-001,T-567cf37423345f6a-77349,MARKET,BUY,10.197,IOC,False,False,10.197,TAKER,2772.24,0.0,['11.30741251 USDT'],NO_TRIGGER,FILLED,NO_CONTINGENCY,,,,,,,,242436bb-f8dd-4460-8192-1c6d91cdd80f,1647460800000000000,1647460800000000000
BACKTESTER-001,QuantBT-001-001,ETHUSDT-PERP.BINANCE,BINANCE-1-310,ETHUSDT-PERP.BINANCE-QuantBT-001-001,BINANCE-001,T-31586d89a8a1e70a-77816,MARKET,SELL,10.197,IOC,False,False,10.197,TAKER,2919.54,0.0,['11.90821975 USDT'],NO_TRIGGER,FILLED,NO_CONTINGENCY,,,,,,,,c1e7684f-4c0e-4ffd-be42-2054dff9e65b,1647882000000000000,1647882000000000000
BACKTESTER-001,QuantBT-001-001,ETHUSDT-PERP.BINANCE,BINANCE-1-311,ETHUSDT-PERP.BINANCE-QuantBT-001-001,BINANCE-001,T-a01eead06400e76e-78182,MARKET,BUY,9.135,IOC,False,False,9.135,TAKER,3175.39,0.0,['11.60287506 USDT'],NO_TRIGGER,FILLED,NO_CONTINGENCY,,,,,,,,c61dcef9-1fd5-4368-9dc0-3739ab846db8,1648213200000000000,1648213200000000000
BACKTESTER-001,QuantBT-001-001,ETHUSDT-PERP.BINANCE,BINANCE-1-312,ETHUSDT-PERP.BINANCE-QuantBT-001-001,BINANCE-001,T-6a1b2a1183e60c21-78195,MARKET,SELL,9.135,IOC,False,False,9.135,TAKER,3094.97,0.0,['11.30902038 USDT'],NO_TRIGGER,FILLED,NO_CONTINGENCY,,,,,,,,a3121c0a-94c2-4cb3-a4b0-bf73a9a9c9e7,1648224000000000000,1648224000000000000
BACKTESTER-001,QuantBT-001-001,ETHUSDT-PERP.BINANCE,BINANCE-1-313,ETHUSDT-PERP.BINANCE-QuantBT-001-001,BINANCE-001,T-ccc7598cfebc10fe-78392,MARKET,BUY,9.007,IOC,False,False,9.007,TAKER,3178.41,0.0,['11.45117555 USDT'],NO_TRIGGER,FILLED,NO_CONTINGENCY,,,,,,,,aeadfaf3-9d6a-43c7-8110-b9bc302950cc,1648400400000000000,1648400400000000000
BACKTESTER-001,QuantBT-001-001,ETHUSDT-PERP.BINANCE,BINANCE-1-314,ETHUSDT-PERP.BINANCE-QuantBT-001-001,BINANCE-001,T-cce332e651737e5f-78581,MARKET,SELL,9.007,IOC,False,False,9.007,TAKER,3420.36,0.0,['12.32287301 USDT'],NO_TRIGGER,FILLED,NO_CONTINGENCY,,,,,,,,c8d8d61e-7bde-4daf-afb8-fdc4718d3f80,1648569600000000000,1648569600000000000
BACKTESTER-001,QuantBT-001-001,ETHUSDT-PERP.BINANCE,BINANCE-1-315,ETHUSDT-PERP.BINANCE-QuantBT-001-001,BINANCE-001,T-eec44b761525e651-78766,MARKET,SELL,8.792,IOC,False,False,8.792,TAKER,3378.94,0.0,['11.88305619 USDT'],NO_TRIGGER,FILLED,NO_CONTINGENCY,,,,,,,,a824dc66-ceab-467a-b218-5ec867cb185b,1648735200000000000,1648735200000000000
BACKTESTER-001,QuantBT-001-001,ETHUSDT-PERP.BINANCE,BINANCE-1-316,ETHUSDT-PERP.BINANCE-QuantBT-001-001,BINANCE-001,T-788177189d8fccbc-78866,MARKET,BUY,8.792,IOC,False,False,8.792,TAKER,3432.2,0.0,['12.07036096 USDT'],NO_TRIGGER,FILLED,NO_CONTINGENCY,,,,,,,,377d2e24-29be-4a42-a0da-23b5c61543ec,1648825200000000000,1648825200000000000
BACKTESTER-001,QuantBT-001-001,ETHUSDT-PERP.BINANCE,BINANCE-1-317,ETHUSDT-PERP.BINANCE-QuantBT-001-001,BINANCE-001,T-2ba6b7763fa0b18c-79835,MARKET,BUY,9.752,IOC,False,False,9.752,TAKER,3020.98,0.0,['11.78423878 USDT'],NO_TRIGGER,FILLED,NO_CONTINGENCY,,,,,,,,d8cf0fd2-8635-4241-be3d-bcaa51a06a9e,1649696400000000000,1649696400000000000
BACKTESTER-001,QuantBT-001-001,ETHUSDT-PERP.BINANCE,BINANCE-1-318,ETHUSDT-PERP.BINANCE-QuantBT-001-001,BINANCE-001,T-c93e6875cba256e4-79852,MARKET,SELL,9.752,IOC,False,False,9.752,TAKER,2962.39,0.0,['11.55569091 USDT'],NO_TRIGGER,FILLED,NO_CONTINGENCY,,,,,,,,312dd7fc-79a4-4cb5-9ee6-9fe012473918,1649710800000000000,1649710800000000000
BACKTESTER-001,QuantBT-001-001,ETHUSDT-PERP.BINANCE,BINANCE-1-319,ETHUSDT-PERP.BINANCE-QuantBT-001-001,BINANCE-001,T-5f559f323814b127-80017,MARKET,BUY,9.496,IOC,False,False,9.496,TAKER,3071.09,0.0,['11.66522826 USDT'],NO_TRIGGER,FILLED,NO_CONTINGENCY,,,,,,,,ce73b0ca-1a89-4c9f-bfc5-dfc43558d5c5,1649858400000000000,1649858400000000000
BACKTESTER-001,QuantBT-001-001,ETHUSDT-PERP.BINANCE,BINANCE-1-320,ETHUSDT-PERP.BINANCE-QuantBT-001-001,BINANCE-001,T-38bfd5012d454797-80114,MARKET,SELL,9.496,IOC,False,False,9.496,TAKER,3041.7,0.0,['11.55359328 USDT'],NO_TRIGGER,FILLED,NO_CONTINGENCY,,,,,,,,9be3872b-7fd5-457e-980d-bec601d75eb5,1649944800000000000,1649944800000000000
BACKTESTER-001,QuantBT-001-001,ETHUSDT-PERP.BINANCE,BINANCE-1-321,ETHUSDT-PERP.BINANCE-QuantBT-001-001,BINANCE-001,T-173d978b2aa878fb-80315,MARKET,SELL,9.592,IOC,False,False,9.592,TAKER,3024.61,0.0,['11.60482365 USDT'],NO_TRIGGER,FILLED,NO_CONTINGENCY,,,,,,,,e21dbeef-4119-4f56-b3b3-a24de24e07ce,1650124800000000000,1650124800000000000
BACKTESTER-001,QuantBT-001-001,ETHUSDT-PERP.BINANCE,BINANCE-1-322,ETHUSDT-PERP.BINANCE-QuantBT-001-001,BINANCE-001,T-8ad38252de971c54-80344,MARKET,BUY,9.592,IOC,False,False,9.592,TAKER,3057.99,0.0,['11.73289603 USDT'],NO_TRIGGER,FILLED,NO_CONTINGENCY,,,,,,,,3dee4170-1d0e-44e3-a6a5-d6f06474a022,1650150000000000000,1650150000000000000
BACKTESTER-001,QuantBT-001-001,ETHUSDT-PERP.BINANCE,BINANCE-1-323,ETHUSDT-PERP.BINANCE-QuantBT-001-001,BINANCE-001,T-aee8e9add08a50d1-80405,MARKET,BUY,9.418,IOC,False,False,9.418,TAKER,3062.18,0.0,['11.53584450 USDT'],NO_TRIGGER,FILLED,NO_CONTINGENCY,,,,,,,,78059fbd-b122-499d-a9c4-1d716c46b81c,1650204000000000000,1650204000000000000
BACKTESTER-001,QuantBT-001-001,ETHUSDT-PERP.BINANCE,BINANCE-1-324,ETHUSDT-PERP.BINANCE-QuantBT-001-001,BINANCE-001,T-1c382bce4e749dcc-80426,MARKET,SELL,9.418,IOC,False,False,9.418,TAKER,3050.24,0.0,['11.49086413 USDT'],NO_TRIGGER,FILLED,NO_CONTINGENCY,,,,,,,,d1600d0c-97a5-4dbb-81ae-bb37af5bd465,1650222000000000000,1650222000000000000
BACKTESTER-001,QuantBT-001-001,ETHUSDT-PERP.BINANCE,BINANCE-1-325,ETHUSDT-PERP.BINANCE-QuantBT-001-001,BINANCE-001,T-1a65ea06f5284cbb-80687,MARKET,BUY,9.122,IOC,False,False,9.122,TAKER,3154.3,0.0,['11.50940984 USDT'],NO_TRIGGER,FILLED,NO_CONTINGENCY,,,,,,,,3d678a09-b1ef-48e0-8061-33b2fb4da3bf,1650456000000000000,1650456000000000000
BACKTESTER-001,QuantBT-001-001,ETHUSDT-PERP.BINANCE,BINANCE-1-326,ETHUSDT-PERP.BINANCE-QuantBT-001-001,BINANCE-001,T-a8381dc49814a9a1-80696,MARKET,SELL,9.122,IOC,False,False,9.122,TAKER,3097.86,0.0,['11.30347157 USDT'],NO_TRIGGER,FILLED,NO_CONTINGENCY,,,,,,,,8c7fa43e-ea7d-4f49-8668-281e68f6feda,1650463200000000000,1650463200000000000
BACKTESTER-001,QuantBT-001-001,ETHUSDT-PERP.BINANCE,BINANCE-1-327,ETHUSDT-PERP.BINANCE-QuantBT-001-001,BINANCE-001,T-d47d414b39b81eeb-80800,MARKET,SELL,9.261,IOC,False,False,9.261,TAKER,3077.86,0.0,['11.40162458 USDT'],NO_TRIGGER,FILLED,NO_CONTINGENCY,,,,,,,,67f5d98a-f328-483f-b874-c7dc74286832,1650556800000000000,1650556800000000000
BACKTESTER-001,QuantBT-001-001,ETHUSDT-PERP.BINANCE,BINANCE-1-328,ETHUSDT-PERP.BINANCE-QuantBT-001-001,BINANCE-001,T-78d9189fea3777d3-81559,MARKET,BUY,9.261,IOC,False,False,9.261,TAKER,2857.85,0.0,['10.58661954 USDT'],NO_TRIGGER,FILLED,NO_CONTINGENCY,,,,,,,,a1b0c71d-74d9-45ed-b527-3dd037a824f5,1651240800000000000,1651240800000000000
BACKTESTER-001,QuantBT-001-001,ETHUSDT-PERP.BINANCE,BINANCE-1-329,ETHUSDT-PERP.BINANCE-QuantBT-001-001,BINANCE-001,T-ce2c6251ad255363-82231,MARKET,SELL,10.948,IOC,False,False,10.948,TAKER,2695.65,0.0,['11.80479048 USDT'],NO_TRIGGER,FILLED,NO_CONTINGENCY,,,,,,,,7cedba07-8d32-416d-8715-3201a8277e4a,1651845600000000000,1651845600000000000
BACKTESTER-001,QuantBT-001-001,ETHUSDT-PERP.BINANCE,BINANCE-1-330,ETHUSDT-PERP.BINANCE-QuantBT-001-001,BINANCE-001,T-be4366a41b18486d-82236,MARKET,BUY,10.948,IOC,False,False,10.948,TAKER,2687.06,0.0,['11.76717315 USDT'],NO_TRIGGER,FILLED,NO_CONTINGENCY,,,,,,,,ab218eb5-6bf2-4044-a8ab-44666c123847,1651849200000000000,1651849200000000000
BACKTESTER-001,QuantBT-001-001,ETHUSDT-PERP.BINANCE,BINANCE-1-331,ETHUSDT-PERP.BINANCE-QuantBT-001-001,BINANCE-001,T-ff14928a25890174-82528,MARKET,BUY,12.692,IOC,False,False,12.692,TAKER,2328.05,0.0,['11.81904424 USDT'],NO_TRIGGER,FILLED,NO_CONTINGENCY,,,,,,,,81d99318-2a5c-4a2e-aa66-ba18fba7dd30,1652112000000000000,1652112000000000000
BACKTESTER-001,QuantBT-001-001,ETHUSDT-PERP.BINANCE,BINANCE-1-332,ETHUSDT-PERP.BINANCE-QuantBT-001-001,BINANCE-001,T-e40c5c5778d026d1-82533,MARKET,SELL,12.692,IOC,False,False,12.692,TAKER,2298.54,0.0,['11.66922787 USDT'],NO_TRIGGER,FILLED,NO_CONTINGENCY,,,,,,,,13dc5e9d-670e-4803-b2c2-80a1f224e557,1652115600000000000,1652115600000000000
BACKTESTER-001,QuantBT-001-001,ETHUSDT-PERP.BINANCE,BINANCE-1-333,ETHUSDT-PERP.BINANCE-QuantBT-001-001,BINANCE-001,T-efa570bbe381c476-82690,MARKET,BUY,12.349,IOC,False,False,12.349,TAKER,2376.57,0.0,['11.73930517 USDT'],NO_TRIGGER,FILLED,NO_CONTINGENCY,,,,,,,,268b049e-a8bb-492a-836b-ef5462427b7e,1652256000000000000,1652256000000000000
BACKTESTER-001,QuantBT-001-001,ETHUSDT-PERP.BINANCE,BINANCE-1-334,ETHUSDT-PERP.BINANCE-QuantBT-001-001,BINANCE-001,T-3bd72c207c6d2cb2-82711,MARKET,SELL,12.349,IOC,False,False,12.349,TAKER,2341.16,0.0,['11.56439394 USDT'],NO_TRIGGER,FILLED,NO_CONTINGENCY,,,,,,,,95888575-82ae-43ae-85fe-bee7d18a2a32,1652274000000000000,1652274000000000000
BACKTESTER-001,QuantBT-001-001,ETHUSDT-PERP.BINANCE,BINANCE-1-335,ETHUSDT-PERP.BINANCE-QuantBT-001-001,BINANCE-001,T-30f63f744475a040-82788,MARKET,BUY,15.230,IOC,False,False,15.230,TAKER,1911.94,0.0,['11.64753848 USDT'],NO_TRIGGER,FILLED,NO_CONTINGENCY,,,,,,,,819f7700-b061-4efc-857a-8e6e69898e94,1652342400000000000,1652342400000000000
BACKTESTER-001,QuantBT-001-001,ETHUSDT-PERP.BINANCE,BINANCE-1-336,ETHUSDT-PERP.BINANCE-QuantBT-001-001,BINANCE-001,T-3eec9bdf7ca36c7e-82793,MARKET,SELL,15.230,IOC,False,False,15.230,TAKER,1913.06,0.0,['11.65436152 USDT'],NO_TRIGGER,FILLED,NO_CONTINGENCY,,,,,,,,c4335a65-2015-4109-92d2-9dab0f776c82,1652346000000000000,1652346000000000000
BACKTESTER-001,QuantBT-001-001,ETHUSDT-PERP.BINANCE,BINANCE-1-337,ETHUSDT-PERP.BINANCE-QuantBT-001-001,BINANCE-001,T-4c9fbb3356ab33f5-83757,MARKET,BUY,14.360,IOC,False,False,14.360,TAKER,2027.47,0.0,['11.64578768 USDT'],NO_TRIGGER,FILLED,NO_CONTINGENCY,,,,,,,,037f3a9c-4e89-4f2c-b234-240cc7492a25,1653213600000000000,1653213600000000000
BACKTESTER-001,QuantBT-001-001,ETHUSDT-PERP.BINANCE,BINANCE-1-338,ETHUSDT-PERP.BINANCE-QuantBT-001-001,BINANCE-001,T-e17c545ee7e45a1a-83782,MARKET,SELL,14.360,IOC,False,False,14.360,TAKER,2008.18,0.0,['11.53498592 USDT'],NO_TRIGGER,FILLED,NO_CONTINGENCY,,,,,,,,1f1f557e-a466-4a91-bdc2-290eeb1766e5,1653235200000000000,1653235200000000000
BACKTESTER-001,QuantBT-001-001,ETHUSDT-PERP.BINANCE,BINANCE-1-339,ETHUSDT-PERP.BINANCE-QuantBT-001-001,BINANCE-001,T-5b44b4fa624c778f-83870,MARKET,SELL,14.078,IOC,False,False,14.078,TAKER,2057.45,0.0,['11.58591244 USDT'],NO_TRIGGER,FILLED,NO_CONTINGENCY,,,,,,,,bfb93219-4b8e-45c3-b352-4e4e68eef922,1653314400000000000,1653314400000000000
BACKTESTER-001,QuantBT-001-001,ETHUSDT-PERP.BINANCE,BINANCE-1-340,ETHUSDT-PERP.BINANCE-QuantBT-001-001,BINANCE-001,T-38fad92efcbbe33b-84162,MARKET,BUY,14.078,IOC,False,False,14.078,TAKER,1860.9,0.0,['10.47910008 USDT'],NO_TRIGGER,FILLED,NO_CONTINGENCY,,,,,,,,e91482a3-94d1-497a-b496-ed4c1176f24d,1653577200000000000,1653577200000000000
BACKTESTER-001,QuantBT-001-001,ETHUSDT-PERP.BINANCE,BINANCE-1-341,ETHUSDT-PERP.BINANCE-QuantBT-001-001,BINANCE-001,T-1d293b54e14d583e-84171,MARKET,BUY,16.175,IOC,False,False,16.175,TAKER,1875.52,0.0,['12.13461440 USDT'],NO_TRIGGER,FILLED,NO_CONTINGENCY,,,,,,,,e5f8decc-abb2-4ee1-87b8-0e2c014c3742,1653584400000000000,1653584400000000000
BACKTESTER-001,QuantBT-001-001,ETHUSDT-PERP.BINANCE,BINANCE-1-342,ETHUSDT-PERP.BINANCE-QuantBT-001-001,BINANCE-001,T-278ac565264fe9d2-84180,MARKET,SELL,16.175,IOC,False,False,16.175,TAKER,1826.0,0.0,['11.81422000 USDT'],NO_TRIGGER,FILLED,NO_CONTINGENCY,,,,,,,,30fc2b71-f714-4cb8-a33e-b396124d6341,1653591600000000000,1653591600000000000
BACKTESTER-001,QuantBT-001-001,ETHUSDT-PERP.BINANCE,BINANCE-1-343,ETHUSDT-PERP.BINANCE-QuantBT-001-001,BINANCE-001,T-d73cfd46ee32c1ac-84497,MARKET,BUY,15.964,IOC,False,False,15.964,TAKER,1874.46,0.0,['11.96955178 USDT'],NO_TRIGGER,FILLED,NO_CONTINGENCY,,,,,,,,f85e44a1-9032-4e21-a9b7-a504532320ee,1653876000000000000,1653876000000000000
BACKTESTER-001,QuantBT-001-001,ETHUSDT-PERP.BINANCE,BINANCE-1-344,ETHUSDT-PERP.BINANCE-QuantBT-001-001,BINANCE-001,T-eeecb27ef355e3cb-84741,MARKET,SELL,15.964,IOC,False,False,15.964,TAKER,1880.3,0.0,['12.00684368 USDT'],NO_TRIGGER,FILLED,NO_CONTINGENCY,,,,,,,,4b4a809c-ec30-4c67-bbd4-7e6420ca1aa8,1654095600000000000,1654095600000000000
BACKTESTER-001,QuantBT-001-001,ETHUSDT-PERP.BINANCE,BINANCE-1-345,ETHUSDT-PERP.BINANCE-QuantBT-001-001,BINANCE-001,T-2d5935de1378b2a6-85138,MARKET,BUY,16.501,IOC,False,False,16.501,TAKER,1815.61,0.0,['11.98375224 USDT'],NO_TRIGGER,FILLED,NO_CONTINGENCY,,,,,,,,1fe4876a-f55f-43c7-bfeb-a9c30289ab44,1654452000000000000,1654452000000000000
BACKTESTER-001,QuantBT-001-001,ETHUSDT-PERP.BINANCE,BINANCE-1-346,ETHUSDT-PERP.BINANCE-QuantBT-001-001,BINANCE-001,T-4343093df93a17d1-85263,MARKET,SELL,16.501,IOC,False,False,16.501,TAKER,1741.36,0.0,['11.49367254 USDT'],NO_TRIGGER,FILLED,NO_CONTINGENCY,,,,,,,,dc57e8ce-dd63-40e2-8ff6-4a8878e445c4,1654563600000000000,1654563600000000000
BACKTESTER-001,QuantBT-001-001,ETHUSDT-PERP.BINANCE,BINANCE-1-347,ETHUSDT-PERP.BINANCE-QuantBT-001-001,BINANCE-001,T-eda93ee69eeab818-85352,MARKET,SELL,16.184,IOC,False,False,16.184,TAKER,1812.61,0.0,['11.73411210 USDT'],NO_TRIGGER,FILLED,NO_CONTINGENCY,,,,,,,,48a2a341-4ba7-4778-b7c9-ddef39f06c55,1654642800000000000,1654642800000000000
BACKTESTER-001,QuantBT-001-001,ETHUSDT-PERP.BINANCE,BINANCE-1-348,ETHUSDT-PERP.BINANCE-QuantBT-001-001,BINANCE-001,T-068a0465adcd918f-85357,MARKET,BUY,16.184,IOC,False,False,16.184,TAKER,1813.5,0.0,['11.73987360 USDT'],NO_TRIGGER,FILLED,NO_CONTINGENCY,,,,,,,,e1ec5b30-ee7b-4f97-8cf0-59ad3eea7512,1654646400000000000,1654646400000000000
BACKTESTER-001,QuantBT-001-001,ETHUSDT-PERP.BINANCE,BINANCE-1-349,ETHUSDT-PERP.BINANCE-QuantBT-001-001,BINANCE-001,T-530e988ef6a96473-85681,MARKET,SELL,18.377,IOC,False,False,18.377,TAKER,1595.25,0.0,['11.72636370 USDT'],NO_TRIGGER,FILLED,NO_CONTINGENCY,,,,,,,,9495d0d5-70f1-441e-8ea3-52fe0cece68a,1654938000000000000,1654938000000000000
BACKTESTER-001,QuantBT-001-001,ETHUSDT-PERP.BINANCE,BINANCE-1-350,ETHUSDT-PERP.BINANCE-QuantBT-001-001,BINANCE-001,T-8dc3001bcb43f050-85686,MARKET,BUY,18.377,IOC,False,False,18.377,TAKER,1585.82,0.0,['11.65704566 USDT'],NO_TRIGGER,FILLED,NO_CONTINGENCY,,,,,,,,8874c48e-e373-4b8d-b923-48efc5d64831,1654941600000000000,1654941600000000000
BACKTESTER-001,QuantBT-001-001,ETHUSDT-PERP.BINANCE,BINANCE-1-351,ETHUSDT-PERP.BINANCE-QuantBT-001-001,BINANCE-001,T-3db86bd2527bf7e4-85695,MARKET,SELL,18.932,IOC,False,False,18.932,TAKER,1552.44,0.0,['11.75631763 USDT'],NO_TRIGGER,FILLED,NO_CONTINGENCY,,,,,,,,6e4b49b5-70d2-4b4c-af1c-2006f34db904,1654948800000000000,1654948800000000000
BACKTESTER-001,QuantBT-001-001,ETHUSDT-PERP.BINANCE,BINANCE-1-352,ETHUSDT-PERP.BINANCE-QuantBT-001-001,BINANCE-001,T-656f36d5406b6fd5-86076,MARKET,BUY,18.932,IOC,False,False,18.932,TAKER,1119.5,0.0,['8.47774960 USDT'],NO_TRIGGER,FILLED,NO_CONTINGENCY,,,,,,,,08fc0073-c347-4b54-a6ac-e2fab490af0a,1655290800000000000,1655290800000000000
BACKTESTER-001,QuantBT-001-001,ETHUSDT-PERP.BINANCE,BINANCE-1-353,ETHUSDT-PERP.BINANCE-QuantBT-001-001,BINANCE-001,T-28d2ff825c9d27e3-86409,MARKET,BUY,33.800,IOC,False,False,33.800,TAKER,990.51,0.0,['13.39169520 USDT'],NO_TRIGGER,FILLED,NO_CONTINGENCY,,,,,,,,984a4cd9-3f16-4307-b2d1-f1c44e463134,1655589600000000000,1655589600000000000
BACKTESTER-001,QuantBT-001-001,ETHUSDT-PERP.BINANCE,BINANCE-1-354,ETHUSDT-PERP.BINANCE-QuantBT-001-001,BINANCE-001,T-37f21b5eca707e9c-87142,MARKET,SELL,33.800,IOC,False,False,33.800,TAKER,1228.0,0.0,['16.60256000 USDT'],NO_TRIGGER,FILLED,NO_CONTINGENCY,,,,,,,,35de56a9-6d57-44b5-bc3a-6ff2c7645e45,1656248400000000000,1656248400000000000
BACKTESTER-001,QuantBT-001-001,ETHUSDT-PERP.BINANCE,BINANCE-1-355,ETHUSDT-PERP.BINANCE-QuantBT-001-001,BINANCE-001,T-b822eec4cb87491d-87341,MARKET,SELL,31.673,IOC,False,False,31.673,TAKER,1183.26,0.0,['14.99095759 USDT'],NO_TRIGGER,FILLED,NO_CONTINGENCY,,,,,,,,fcf55abb-6e97-44c7-b380-97334d5f28f7,1656428400000000000,1656428400000000000
BACKTESTER-001,QuantBT-001-001,ETHUSDT-PERP.BINANCE,BINANCE-1-356,ETHUSDT-PERP.BINANCE-QuantBT-001-001,BINANCE-001,T-8f41883780b54e70-88206,MARKET,BUY,31.673,IOC,False,False,31.673,TAKER,1219.75,0.0,['15.45325670 USDT'],NO_TRIGGER,FILLED,NO_CONTINGENCY,,,,,,,,e282a4c1-e4f8-43a4-9b2b-e3f86fe7b815,1657206000000000000,1657206000000000000
BACKTESTER-001,QuantBT-001-001,ETHUSDT-PERP.BINANCE,BINANCE-1-357,ETHUSDT-PERP.BINANCE-QuantBT-001-001,BINANCE-001,T-ea16259692ab64d1-88251,MARKET,BUY,29.436,IOC,False,False,29.436,TAKER,1253.06,0.0,['14.75402966 USDT'],NO_TRIGGER,FILLED,NO_CONTINGENCY,,,,,,,,8359ff47-5503-4562-8a23-c74206e9ffd8,1657245600000000000,1657245600000000000
BACKTESTER-001,QuantBT-001-001,ETHUSDT-PERP.BINANCE,BINANCE-1-358,ETHUSDT-PERP.BINANCE-QuantBT-001-001,BINANCE-001,T-62efff476e7f94fb-88256,MARKET,SELL,29.436,IOC,False,False,29.436,TAKER,1258.57,0.0,['14.81890661 USDT'],NO_TRIGGER,FILLED,NO_CONTINGENCY,,,,,,,,eca45bbd-d09a-4d44-b6df-7b6d33885219,1657249200000000000,1657249200000000000
BACKTESTER-001,QuantBT-001-001,ETHUSDT-PERP.BINANCE,BINANCE-1-359,ETHUSDT-PERP.BINANCE-QuantBT-001-001,BINANCE-001,T-ee8c8fc7f22ad90c-88504,MARKET,BUY,31.547,IOC,False,False,31.547,TAKER,1171.31,0.0,['14.78052663 USDT'],NO_TRIGGER,FILLED,NO_CONTINGENCY,,,,,,,,3ded25f1-a0fa-49c4-bbbd-a0ef4a104f5b,1657472400000000000,1657472400000000000
BACKTESTER-001,QuantBT-001-001,ETHUSDT-PERP.BINANCE,BINANCE-1-360,ETHUSDT-PERP.BINANCE-QuantBT-001-001,BINANCE-001,T-350fd0ffb8114f4a-88536,MARKET,SELL,31.547,IOC,False,False,31.547,TAKER,1152.12,0.0,['14.53837186 USDT'],NO_TRIGGER,FILLED,NO_CONTINGENCY,,,,,,,,adf6a28c-1a74-4a57-9391-9103ab261935,1657501200000000000,1657501200000000000
BACKTESTER-001,QuantBT-001-001,ETHUSDT-PERP.BINANCE,BINANCE-1-361,ETHUSDT-PERP.BINANCE-QuantBT-001-001,BINANCE-001,T-7dd45995d6e0aa41-88589,MARKET,SELL,32.174,IOC,False,False,32.174,TAKER,1138.59,0.0,['14.65319786 USDT'],NO_TRIGGER,FILLED,NO_CONTINGENCY,,,,,,,,751f3e7b-29a4-4080-ae99-4f6dcfc6f103,1657548000000000000,1657548000000000000
BACKTESTER-001,QuantBT-001-001,ETHUSDT-PERP.BINANCE,BINANCE-1-362,ETHUSDT-PERP.BINANCE-QuantBT-001-001,BINANCE-001,T-4e2da713f7e416cd-88606,MARKET,BUY,32.174,IOC,False,False,32.174,TAKER,1148.57,0.0,['14.78163647 USDT'],NO_TRIGGER,FILLED,NO_CONTINGENCY,,,,,,,,82996f3a-9234-4ede-bcc2-7c3bdec92f77,1657562400000000000,1657562400000000000
BACKTESTER-001,QuantBT-001-001,ETHUSDT-PERP.BINANCE,BINANCE-1-363,ETHUSDT-PERP.BINANCE-QuantBT-001-001,BINANCE-001,T-124f41f7c7cc92a3-88778,MARKET,SELL,35.021,IOC,False,False,35.021,TAKER,1041.03,0.0,['14.58316465 USDT'],NO_TRIGGER,FILLED,NO_CONTINGENCY,,,,,,,,52ab810e-d75f-4a48-8493-5a034ef005c0,1657717200000000000,1657717200000000000
BACKTESTER-001,QuantBT-001-001,ETHUSDT-PERP.BINANCE,BINANCE-1-364,ETHUSDT-PERP.BINANCE-QuantBT-001-001,BINANCE-001,T-aee5dbf0b1724356-88783,MARKET,BUY,35.021,IOC,False,False,35.021,TAKER,1065.83,0.0,['14.93057297 USDT'],NO_TRIGGER,FILLED,NO_CONTINGENCY,,,,,,,,ed940188-bab4-48bd-b7ae-df6f5ad88cdb,1657720800000000000,1657720800000000000
BACKTESTER-001,QuantBT-001-001,ETHUSDT-PERP.BINANCE,BINANCE-1-365,ETHUSDT-PERP.BINANCE-QuantBT-001-001,BINANCE-001,T-70726f7e1d06ae73-88892,MARKET,BUY,30.127,IOC,False,False,30.127,TAKER,1195.24,0.0,['14.40359819 USDT'],NO_TRIGGER,FILLED,NO_CONTINGENCY,,,,,,,,11af8e45-fbc3-483b-b492-65c387a21d38,1657818000000000000,1657818000000000000
BACKTESTER-001,QuantBT-001-001,ETHUSDT-PERP.BINANCE,BINANCE-1-366,ETHUSDT-PERP.BINANCE-QuantBT-001-001,BINANCE-001,T-2d82e5dcc95848a8-89469,MARKET,SELL,30.127,IOC,False,False,30.127,TAKER,1544.96,0.0,['18.61800397 USDT'],NO_TRIGGER,FILLED,NO_CONTINGENCY,,,,,,,,71451dcb-22c0-4be7-82fa-0123bc1c2510,1658336400000000000,1658336400000000000
BACKTESTER-001,QuantBT-001-001,ETHUSDT-PERP.BINANCE,BINANCE-1-367,ETHUSDT-PERP.BINANCE-QuantBT-001-001,BINANCE-001,T-7a41a40326515780-89962,MARKET,SELL,27.108,IOC,False,False,27.108,TAKER,1522.09,0.0,['16.50432629 USDT'],NO_TRIGGER,FILLED,NO_CONTINGENCY,,,,,,,,66dfefad-f803-4d8c-8830-c864dafc93c1,1658779200000000000,1658779200000000000
BACKTESTER-001,QuantBT-001-001,ETHUSDT-PERP.BINANCE,BINANCE-1-368,ETHUSDT-PERP.BINANCE-QuantBT-001-001,BINANCE-001,T-e88e157c864d6ead-89967,MARKET,BUY,27.108,IOC,False,False,27.108,TAKER,1513.4,0.0,['16.41009888 USDT'],NO_TRIGGER,FILLED,NO_CONTINGENCY,,,,,,,,8e6e25dc-3615-4d45-8b56-bbac22685682,1658782800000000000,1658782800000000000
BACKTESTER-001,QuantBT-001-001,ETHUSDT-PERP.BINANCE,BINANCE-1-369,ETHUSDT-PERP.BINANCE-QuantBT-001-001,BINANCE-001,T-4b8dbfc42e3e89d9-89976,MARKET,SELL,28.716,IOC,False,False,28.716,TAKER,1440.4,0.0,['16.54501056 USDT'],NO_TRIGGER,FILLED,NO_CONTINGENCY,,,,,,,,fbca201c-9692-4122-9f74-f631d5381683,1658790000000000000,1658790000000000000
BACKTESTER-001,QuantBT-001-001,ETHUSDT-PERP.BINANCE,BINANCE-1-370,ETHUSDT-PERP.BINANCE-QuantBT-001-001,BINANCE-001,T-bf4c8665aba579d8-90145,MARKET,BUY,28.716,IOC,False,False,28.716,TAKER,1499.17,0.0,['17.22006629 USDT'],NO_TRIGGER,FILLED,NO_CONTINGENCY,,,,,,,,778f698b-70d2-4731-a1d7-f624739654a6,1658941200000000000,1658941200000000000
BACKTESTER-001,QuantBT-001-001,ETHUSDT-PERP.BINANCE,BINANCE-1-371,ETHUSDT-PERP.BINANCE-QuantBT-001-001,BINANCE-001,T-3c16f5c9d232d8ad-90616,MARKET,BUY,24.224,IOC,False,False,24.224,TAKER,1671.94,0.0,['16.20042982 USDT'],NO_TRIGGER,FILLED,NO_CONTINGENCY,,,,,,,,4c637fb3-c202-4121-97be-280dfd732428,1659366000000000000,1659366000000000000
BACKTESTER-001,QuantBT-001-001,ETHUSDT-PERP.BINANCE,BINANCE-1-372,ETHUSDT-PERP.BINANCE-QuantBT-001-001,BINANCE-001,T-de9ce3eb00f39ba5-90625,MARKET,SELL,24.224,IOC,False,False,24.224,TAKER,1632.9,0.0,['15.82214784 USDT'],NO_TRIGGER,FILLED,NO_CONTINGENCY,,,,,,,,5eb48308-1e80-41a0-8b65-1e02ffd377ee,1659373200000000000,1659373200000000000
BACKTESTER-001,QuantBT-001-001,ETHUSDT-PERP.BINANCE,BINANCE-1-373,ETHUSDT-PERP.BINANCE-QuantBT-001-001,BINANCE-001,T-bb8598519db8eb2f-90992,MARKET,SELL,23.744,IOC,False,False,23.744,TAKER,1685.19,0.0,['16.00526054 USDT'],NO_TRIGGER,FILLED,NO_CONTINGENCY,,,,,,,,bc8e9e7e-8a18-4d32-b0a7-2a9a790d1bdb,1659704400000000000,1659704400000000000
BACKTESTER-001,QuantBT-001-001,ETHUSDT-PERP.BINANCE,BINANCE-1-374,ETHUSDT-PERP.BINANCE-QuantBT-001-001,BINANCE-001,T-527a545a88e30bce-91001,MARKET,BUY,23.744,IOC,False,False,23.744,TAKER,1669.65,0.0,['15.85766784 USDT'],NO_TRIGGER,FILLED,NO_CONTINGENCY,,,,,,,,ec648a11-32c8-450a-8b69-adaa1623d72b,1659711600000000000,1659711600000000000
BACKTESTER-001,QuantBT-001-001,ETHUSDT-PERP.BINANCE,BINANCE-1-375,ETHUSDT-PERP.BINANCE-QuantBT-001-001,BINANCE-001,T-e8cee85f82e6ad5b-91270,MARKET,BUY,22.671,IOC,False,False,22.671,TAKER,1772.33,0.0,['16.07219737 USDT'],NO_TRIGGER,FILLED,NO_CONTINGENCY,,,,,,,,98462de1-f196-49bf-a520-2009f8075494,1659952800000000000,1659952800000000000
BACKTESTER-001,QuantBT-001-001,ETHUSDT-PERP.BINANCE,BINANCE-1-376,ETHUSDT-PERP.BINANCE-QuantBT-001-001,BINANCE-001,T-4d4efb99737cdf45-91367,MARKET,SELL,22.671,IOC,False,False,22.671,TAKER,1712.65,0.0,['15.53099526 USDT'],NO_TRIGGER,FILLED,NO_CONTINGENCY,,,,,,,,330728e4-5e9b-43a7-84b2-69485e08cc7d,1660039200000000000,1660039200000000000
BACKTESTER-001,QuantBT-001-001,ETHUSDT-PERP.BINANCE,BINANCE-1-377,ETHUSDT-PERP.BINANCE-QuantBT-001-001,BINANCE-001,T-b1ccd2e8e220298b-91732,MARKET,SELL,19.812,IOC,False,False,19.812,TAKER,1993.22,0.0,['15.79586986 USDT'],NO_TRIGGER,FILLED,NO_CONTINGENCY,,,,,,,,f8a39962-4d27-4cd4-b8e7-9ff8f8e94302,1660366800000000000,1660366800000000000
BACKTESTER-001,QuantBT-001-001,ETHUSDT-PERP.BINANCE,BINANCE-1-378,ETHUSDT-PERP.BINANCE-QuantBT-001-001,BINANCE-001,T-566d5ff87819d39c-91741,MARKET,BUY,19.812,IOC,False,False,19.812,TAKER,1995.29,0.0,['15.81227419 USDT'],NO_TRIGGER,FILLED,NO_CONTINGENCY,,,,,,,,939b5f7d-bb94-43fc-a51f-70d627b8eeee,1660374000000000000,1660374000000000000
BACKTESTER-001,QuantBT-001-001,ETHUSDT-PERP.BINANCE,BINANCE-1-379,ETHUSDT-PERP.BINANCE-QuantBT-001-001,BINANCE-001,T-c4bf53bb3ad9449b-91934,MARKET,SELL,20.771,IOC,False,False,20.771,TAKER,1899.38,0.0,['15.78080879 USDT'],NO_TRIGGER,FILLED,NO_CONTINGENCY,,,,,,,,6af08649-3910-4536-a555-1d7a9ef0b785,1660546800000000000,1660546800000000000
BACKTESTER-001,QuantBT-001-001,ETHUSDT-PERP.BINANCE,BINANCE-1-380,ETHUSDT-PERP.BINANCE-QuantBT-001-001,BINANCE-001,T-881406579051640a-91978,MARKET,BUY,20.771,IOC,False,False,20.771,TAKER,1895.55,0.0,['15.74898762 USDT'],NO_TRIGGER,FILLED,NO_CONTINGENCY,,,,,,,,d8732fb9-cfaa-419a-a5a6-d57450bd25b5,1660586400000000000,1660586400000000000
BACKTESTER-001,QuantBT-001-001,ETHUSDT-PERP.BINANCE,BINANCE-1-381,ETHUSDT-PERP.BINANCE-QuantBT-001-001,BINANCE-001,T-9eb6cc6a9ecacf82-92131,MARKET,SELL,20.958,IOC,False,False,20.958,TAKER,1883.62,0.0,['15.79076318 USDT'],NO_TRIGGER,FILLED,NO_CONTINGENCY,,,,,,,,afcbe27c-23ab-4036-aa8a-1c971d64891b,1660723200000000000,1660723200000000000
BACKTESTER-001,QuantBT-001-001,ETHUSDT-PERP.BINANCE,BINANCE-1-382,ETHUSDT-PERP.BINANCE-QuantBT-001-001,BINANCE-001,T-a3207c1227b32a62-92475,MARKET,BUY,20.958,IOC,False,False,20.958,TAKER,1572.68,0.0,['13.18409098 USDT'],NO_TRIGGER,FILLED,NO_CONTINGENCY,,,,,,,,23d2550f-aa9e-4771-b24a-dbcaf3bb53fc,1661032800000000000,1661032800000000000
BACKTESTER-001,QuantBT-001-001,ETHUSDT-PERP.BINANCE,BINANCE-1-383,ETHUSDT-PERP.BINANCE-QuantBT-001-001,BINANCE-001,T-f0a57d6ef00633a3-93016,MARKET,BUY,25.287,IOC,False,False,25.287,TAKER,1689.4,0.0,['17.08794312 USDT'],NO_TRIGGER,FILLED,NO_CONTINGENCY,,,,,,,,de743b1e-e07f-4c3b-821a-8d8ada5bce9c,1661518800000000000,1661518800000000000
BACKTESTER-001,QuantBT-001-001,ETHUSDT-PERP.BINANCE,BINANCE-1-384,ETHUSDT-PERP.BINANCE-QuantBT-001-001,BINANCE-001,T-19f07dfa13643c6a-93025,MARKET,SELL,25.287,IOC,False,False,25.287,TAKER,1592.56,0.0,['16.10842589 USDT'],NO_TRIGGER,FILLED,NO_CONTINGENCY,,,,,,,,91b04b6b-6096-4c43-925f-2078a4a47770,1661526000000000000,1661526000000000000
BACKTESTER-001,QuantBT-001-001,ETHUSDT-PERP.BINANCE,BINANCE-1-385,ETHUSDT-PERP.BINANCE-QuantBT-001-001,BINANCE-001,T-5b60f1dd007716ad-93602,MARKET,SELL,27.017,IOC,False,False,27.017,TAKER,1535.32,0.0,['16.59189618 USDT'],NO_TRIGGER,FILLED,NO_CONTINGENCY,,,,,,,,5f2b1777-934f-4ced-96f0-c131c487168d,1662044400000000000,1662044400000000000
BACKTESTER-001,QuantBT-001-001,ETHUSDT-PERP.BINANCE,BINANCE-1-386,ETHUSDT-PERP.BINANCE-QuantBT-001-001,BINANCE-001,T-9e6557214395cd52-93607,MARKET,BUY,27.017,IOC,False,False,27.017,TAKER,1538.4,0.0,['16.62518112 USDT'],NO_TRIGGER,FILLED,NO_CONTINGENCY,,,,,,,,86db329f-9d86-44ef-9327-68b7928525f4,1662048000000000000,1662048000000000000
BACKTESTER-001,QuantBT-001-001,ETHUSDT-PERP.BINANCE,BINANCE-1-387,ETHUSDT-PERP.BINANCE-QuantBT-001-001,BINANCE-001,T-ff27bade1059c34e-93696,MARKET,BUY,25.306,IOC,False,False,25.306,TAKER,1636.82,0.0,['16.56854677 USDT'],NO_TRIGGER,FILLED,NO_CONTINGENCY,,,,,,,,9acec48c-a89e-48f8-a913-c52c6f5e27bb,1662127200000000000,1662127200000000000
BACKTESTER-001,QuantBT-001-001,ETHUSDT-PERP.BINANCE,BINANCE-1-388,ETHUSDT-PERP.BINANCE-QuantBT-001-001,BINANCE-001,T-76412260ab392699-93709,MARKET,SELL,25.306,IOC,False,False,25.306,TAKER,1582.78,0.0,['16.02153227 USDT'],NO_TRIGGER,FILLED,NO_CONTINGENCY,,,,,,,,c07f908e-377e-45bb-8ecc-c985d7f8bbdf,1662138000000000000,1662138000000000000
BACKTESTER-001,QuantBT-001-001,ETHUSDT-PERP.BINANCE,BINANCE-1-389,ETHUSDT-PERP.BINANCE-QuantBT-001-001,BINANCE-001,T-b5ca3ce486f39986-93890,MARKET,SELL,26.214,IOC,False,False,26.214,TAKER,1553.42,0.0,['16.28854075 USDT'],NO_TRIGGER,FILLED,NO_CONTINGENCY,,,,,,,,4bf5b267-ccdc-44f9-b528-0184b6ac48a1,1662300000000000000,1662300000000000000
BACKTESTER-001,QuantBT-001-001,ETHUSDT-PERP.BINANCE,BINANCE-1-390,ETHUSDT-PERP.BINANCE-QuantBT-001-001,BINANCE-001,T-9a521203e2609058-93903,MARKET,BUY,26.214,IOC,False,False,26.214,TAKER,1569.03,0.0,['16.45222097 USDT'],NO_TRIGGER,FILLED,NO_CONTINGENCY,,,,,,,,aad2ea8a-b32d-411b-907c-b16867d65a7a,1662310800000000000,1662310800000000000
BACKTESTER-001,QuantBT-001-001,ETHUSDT-PERP.BINANCE,BINANCE-1-391,ETHUSDT-PERP.BINANCE-QuantBT-001-001,BINANCE-001,T-118120e98d32af26-93992,MARKET,BUY,25.318,IOC,False,False,25.318,TAKER,1599.63,0.0,['16.19977294 USDT'],NO_TRIGGER,FILLED,NO_CONTINGENCY,,,,,,,,dc60ed42-6f9b-4a9b-b951-88fe7557e28a,1662390000000000000,1662390000000000000
BACKTESTER-001,QuantBT-001-001,ETHUSDT-PERP.BINANCE,BINANCE-1-392,ETHUSDT-PERP.BINANCE-QuantBT-001-001,BINANCE-001,T-4cf776c16b0e3774-94037,MARKET,SELL,25.318,IOC,False,False,25.318,TAKER,1643.0,0.0,['16.63898960 USDT'],NO_TRIGGER,FILLED,NO_CONTINGENCY,,,,,,,,be9c136f-3247-4999-a481-51c2258d7ece,1662429600000000000,1662429600000000000
BACKTESTER-001,QuantBT-001-001,ETHUSDT-PERP.BINANCE,BINANCE-1-393,ETHUSDT-PERP.BINANCE-QuantBT-001-001,BINANCE-001,T-932869401b5e203f-94670,MARKET,SELL,23.968,IOC,False,False,23.968,TAKER,1711.99,0.0,['16.41319053 USDT'],NO_TRIGGER,FILLED,NO_CONTINGENCY,,,,,,,,df4ef184-6e47-46f0-b065-3e38e886a393,1662998400000000000,1662998400000000000
BACKTESTER-001,QuantBT-001-001,ETHUSDT-PERP.BINANCE,BINANCE-1-394,ETHUSDT-PERP.BINANCE-QuantBT-001-001,BINANCE-001,T-65c9eb7d914abb36-94679,MARKET,BUY,23.968,IOC,False,False,23.968,TAKER,1727.46,0.0,['16.56150451 USDT'],NO_TRIGGER,FILLED,NO_CONTINGENCY,,,,,,,,fe397f7b-0365-4035-8c7f-89aa702f2047,1663005600000000000,1663005600000000000
BACKTESTER-001,QuantBT-001-001,ETHUSDT-PERP.BINANCE,BINANCE-1-395,ETHUSDT-PERP.BINANCE-QuantBT-001-001,BINANCE-001,T-1077308f6da92c77-94756,MARKET,SELL,25.494,IOC,False,False,25.494,TAKER,1601.61,0.0,['16.33257814 USDT'],NO_TRIGGER,FILLED,NO_CONTINGENCY,,,,,,,,e60d5e12-f324-4600-bf2e-929e686fdfb5,1663074000000000000,1663074000000000000
BACKTESTER-001,QuantBT-001-001,ETHUSDT-PERP.BINANCE,BINANCE-1-396,ETHUSDT-PERP.BINANCE-QuantBT-001-001,BINANCE-001,T-171b44cb9194a719-94927,MARKET,BUY,25.494,IOC,False,False,25.494,TAKER,1607.5,0.0,['16.39264200 USDT'],NO_TRIGGER,FILLED,NO_CONTINGENCY,,,,,,,,eb38c489-31ce-4214-bf36-dace24e0ec33,1663228800000000000,1663228800000000000
BACKTESTER-001,QuantBT-001-001,ETHUSDT-PERP.BINANCE,BINANCE-1-397,ETHUSDT-PERP.BINANCE-QuantBT-001-001,BINANCE-001,T-55ae55ca7de625c6-95551,MARKET,SELL,31.005,IOC,False,False,31.005,TAKER,1313.97,0.0,['16.29585594 USDT'],NO_TRIGGER,FILLED,NO_CONTINGENCY,,,,,,,,a500a78c-790f-4f88-b539-38fc3202de79,1663790400000000000,1663790400000000000
BACKTESTER-001,QuantBT-001-001,ETHUSDT-PERP.BINANCE,BINANCE-1-398,ETHUSDT-PERP.BINANCE-QuantBT-001-001,BINANCE-001,T-96ddfc298b2fa8e3-95663,MARKET,BUY,31.005,IOC,False,False,31.005,TAKER,1320.33,0.0,['16.37473266 USDT'],NO_TRIGGER,FILLED,NO_CONTINGENCY,,,,,,,,f7728ca6-dc09-483b-9faf-9b7f49b9af12,1663891200000000000,1663891200000000000
BACKTESTER-001,QuantBT-001-001,ETHUSDT-PERP.BINANCE,BINANCE-1-399,ETHUSDT-PERP.BINANCE-QuantBT-001-001,BINANCE-001,T-18c588a13e53a55a-96397,MARKET,BUY,30.050,IOC,False,False,30.050,TAKER,1351.88,0.0,['16.24959760 USDT'],NO_TRIGGER,FILLED,NO_CONTINGENCY,,,,,,,,51ed4163-81b2-4768-9032-902d9672966d,1664553600000000000,1664553600000000000
BACKTESTER-001,QuantBT-001-001,ETHUSDT-PERP.BINANCE,BINANCE-1-400,ETHUSDT-PERP.BINANCE-QuantBT-001-001,BINANCE-001,T-6426edebd69a325c-96414,MARKET,SELL,30.050,IOC,False,False,30.050,TAKER,1331.37,0.0,['16.00306740 USDT'],NO_TRIGGER,FILLED,NO_CONTINGENCY,,,,,,,,76d4d24a-8c9d-4e7a-a228-1ba54fb41695,1664568000000000000,1664568000000000000
BACKTESTER-001,QuantBT-001-001,ETHUSDT-PERP.BINANCE,BINANCE-1-401,ETHUSDT-PERP.BINANCE-QuantBT-001-001,BINANCE-001,T-37e78a516c16c3e3-96754,MARKET,BUY,29.910,IOC,False,False,29.910,TAKER,1347.39,0.0,['16.12017396 USDT'],NO_TRIGGER,FILLED,NO_CONTINGENCY,,,,,,,,2324c693-0629-4c32-88f9-831d90e19e50,1664874000000000000,1664874000000000000
BACKTESTER-001,QuantBT-001-001,ETHUSDT-PERP.BINANCE,BINANCE-1-402,ETHUSDT-PERP.BINANCE-QuantBT-001-001,BINANCE-001,T-7e9e4ebe8f1c7d56-96867,MARKET,SELL,29.910,IOC,False,False,29.910,TAKER,1322.93,0.0,['15.82753452 USDT'],NO_TRIGGER,FILLED,NO_CONTINGENCY,,,,,,,,7765e648-0553-4863-b960-79c3c046873e,1664974800000000000,1664974800000000000
BACKTESTER-001,QuantBT-001-001,ETHUSDT-PERP.BINANCE,BINANCE-1-403,ETHUSDT-PERP.BINANCE-QuantBT-001-001,BINANCE-001,T-dd6f11e5efc40f87-96884,MARKET,BUY,29.615,IOC,False,False,29.615,TAKER,1347.9,0.0,['15.96722340 USDT'],NO_TRIGGER,FILLED,NO_CONTINGENCY,,,,,,,,94ae4077-9369-4eab-ad7e-f3ea8ac86604,1664989200000000000,1664989200000000000
BACKTESTER-001,QuantBT-001-001,ETHUSDT-PERP.BINANCE,BINANCE-1-404,ETHUSDT-PERP.BINANCE-QuantBT-001-001,BINANCE-001,T-861ee92ef980ae7b-97060,MARKET,SELL,29.615,IOC,False,False,29.615,TAKER,1331.97,0.0,['15.77851662 USDT'],NO_TRIGGER,FILLED,NO_CONTINGENCY,,,,,,,,6c959a46-915c-4472-9b6f-ec49b0805b36,1665147600000000000,1665147600000000000
BACKTESTER-001,QuantBT-001-001,ETHUSDT-PERP.BINANCE,BINANCE-1-405,ETHUSDT-PERP.BINANCE-QuantBT-001-001,BINANCE-001,T-e7597abb0169cef4-97303,MARKET,SELL,29.964,IOC,False,False,29.964,TAKER,1323.82,0.0,['15.86677699 USDT'],NO_TRIGGER,FILLED,NO_CONTINGENCY,,,,,,,,e7c1af9b-a16d-47f8-b0bd-2443b9c90e1c,1665367200000000000,1665367200000000000
BACKTESTER-001,QuantBT-001-001,ETHUSDT-PERP.BINANCE,BINANCE-1-406,ETHUSDT-PERP.BINANCE-QuantBT-001-001,BINANCE-001,T-2241d78b60f2ac3b-97648,MARKET,BUY,29.964,IOC,False,False,29.964,TAKER,1264.61,0.0,['15.15710962 USDT'],NO_TRIGGER,FILLED,NO_CONTINGENCY,,,,,,,,b39966dd-85a6-4fde-b7e5-1ef656ac7966,1665676800000000000,1665676800000000000
BACKTESTER-001,QuantBT-001-001,ETHUSDT-PERP.BINANCE,BINANCE-1-407,ETHUSDT-PERP.BINANCE-QuantBT-001-001,BINANCE-001,T-f8e7ddc43679d247-97953,MARKET,BUY,30.951,IOC,False,False,30.951,TAKER,1309.74,0.0,['16.21510510 USDT'],NO_TRIGGER,FILLED,NO_CONTINGENCY,,,,,,,,f4b3e645-3aed-461b-8d63-31fbaa478665,1665950400000000000,1665950400000000000
BACKTESTER-001,QuantBT-001-001,ETHUSDT-PERP.BINANCE,BINANCE-1-408,ETHUSDT-PERP.BINANCE-QuantBT-001-001,BINANCE-001,T-4ccd3896fd94ec78-97962,MARKET,SELL,30.951,IOC,False,False,30.951,TAKER,1307.94,0.0,['16.19282038 USDT'],NO_TRIGGER,FILLED,NO_CONTINGENCY,,,,,,,,ddf2ccf8-36ce-43c8-8eb8-54575391c38c,1665957600000000000,1665957600000000000
BACKTESTER-001,QuantBT-001-001,ETHUSDT-PERP.BINANCE,BINANCE-1-409,ETHUSDT-PERP.BINANCE-QuantBT-001-001,BINANCE-001,T-c28f399ff80c2239-98027,MARKET,BUY,30.548,IOC,False,False,30.548,TAKER,1325.6,0.0,['16.19777152 USDT'],NO_TRIGGER,FILLED,NO_CONTINGENCY,,,,,,,,aae5aa31-c5ae-4ce6-a5fc-2fdb6beeb749,1666015200000000000,1666015200000000000
BACKTESTER-001,QuantBT-001-001,ETHUSDT-PERP.BINANCE,BINANCE-1-410,ETHUSDT-PERP.BINANCE-QuantBT-001-001,BINANCE-001,T-ed614e7a10346ca5-98032,MARKET,SELL,30.548,IOC,False,False,30.548,TAKER,1328.53,0.0,['16.23357378 USDT'],NO_TRIGGER,FILLED,NO_CONTINGENCY,,,,,,,,2d899bbd-7cbc-4072-99f5-3256c7390f99,1666018800000000000,1666018800000000000
BACKTESTER-001,QuantBT-001-001,ETHUSDT-PERP.BINANCE,BINANCE-1-411,ETHUSDT-PERP.BINANCE-QuantBT-001-001,BINANCE-001,T-5b95e3fa4c3f17eb-98329,MARKET,SELL,31.555,IOC,False,False,31.555,TAKER,1284.2,0.0,['16.20917240 USDT'],NO_TRIGGER,FILLED,NO_CONTINGENCY,,,,,,,,920f309b-38be-49e5-becc-4c1a47d2a8e1,1666285200000000000,1666285200000000000
BACKTESTER-001,QuantBT-001-001,ETHUSDT-PERP.BINANCE,BINANCE-1-412,ETHUSDT-PERP.BINANCE-QuantBT-001-001,BINANCE-001,T-29cc9a1463309a35-98414,MARKET,BUY,31.555,IOC,False,False,31.555,TAKER,1278.96,0.0,['16.14303312 USDT'],NO_TRIGGER,FILLED,NO_CONTINGENCY,,,,,,,,cabfc961-0874-47f8-a96e-7640e04699fd,1666360800000000000,1666360800000000000
BACKTESTER-001,QuantBT-001-001,ETHUSDT-PERP.BINANCE,BINANCE-1-413,ETHUSDT-PERP.BINANCE-QuantBT-001-001,BINANCE-001,T-6abfa53a1701ced5-99373,MARKET,SELL,26.085,IOC,False,False,26.085,TAKER,1556.06,0.0,['16.23593004 USDT'],NO_TRIGGER,FILLED,NO_CONTINGENCY,,,,,,,,3fc0957d-4da1-4cae-a0dd-1a70fa4519e5,1667224800000000000,1667224800000000000
BACKTESTER-001,QuantBT-001-001,ETHUSDT-PERP.BINANCE,BINANCE-1-414,ETHUSDT-PERP.BINANCE-QuantBT-001-001,BINANCE-001,T-69e927cee4d6ac27-99382,MARKET,BUY,26.085,IOC,False,False,26.085,TAKER,1562.95,0.0,['16.30782030 USDT'],NO_TRIGGER,FILLED,NO_CONTINGENCY,,,,,,,,0dc0c40e-7de9-4d27-a687-145e6ad8e9de,1667232000000000000,1667232000000000000
BACKTESTER-001,QuantBT-001-001,ETHUSDT-PERP.BINANCE,BINANCE-1-415,ETHUSDT-PERP.BINANCE-QuantBT-001-001,BINANCE-001,T-f0e364307ed7041a-99471,MARKET,SELL,25.807,IOC,False,False,25.807,TAKER,1568.69,0.0,['16.19327313 USDT'],NO_TRIGGER,FILLED,NO_CONTINGENCY,,,,,,,,19dbe14d-ceff-4c90-8c73-72f126072f57,1667311200000000000,1667311200000000000
BACKTESTER-001,QuantBT-001-001,ETHUSDT-PERP.BINANCE,BINANCE-1-416,ETHUSDT-PERP.BINANCE-QuantBT-001-001,BINANCE-001,T-c5c82f5a10414123-99536,MARKET,BUY,25.807,IOC,False,False,25.807,TAKER,1586.91,0.0,['16.38135455 USDT'],NO_TRIGGER,FILLED,NO_CONTINGENCY,,,,,,,,0ec9fe08-c56f-4000-85a0-9df1d8826ddc,1667368800000000000,1667368800000000000
BACKTESTER-001,QuantBT-001-001,ETHUSDT-PERP.BINANCE,BINANCE-1-417,ETHUSDT-PERP.BINANCE-QuantBT-001-001,BINANCE-001,T-9cf595c7301f90dc-99545,MARKET,SELL,25.569,IOC,False,False,25.569,TAKER,1573.43,0.0,['16.09241267 USDT'],NO_TRIGGER,FILLED,NO_CONTINGENCY,,,,,,,,18df3d93-82d3-4837-9560-a0de068c0d1d,1667376000000000000,1667376000000000000
BACKTESTER-001,QuantBT-001-001,ETHUSDT-PERP.BINANCE,BINANCE-1-418,ETHUSDT-PERP.BINANCE-QuantBT-001-001,BINANCE-001,T-429ee1e3a991fa95-99590,MARKET,BUY,25.569,IOC,False,False,25.569,TAKER,1535.24,0.0,['15.70182062 USDT'],NO_TRIGGER,FILLED,NO_CONTINGENCY,,,,,,,,4b38713b-095d-474e-9a0c-466b74f22a4c,1667415600000000000,1667415600000000000
BACKTESTER-001,QuantBT-001-001,ETHUSDT-PERP.BINANCE,BINANCE-1-419,ETHUSDT-PERP.BINANCE-QuantBT-001-001,BINANCE-001,T-004274c73ff2ecf3-99770,MARKET,SELL,25.104,IOC,False,False,25.104,TAKER,1621.43,0.0,['16.28175149 USDT'],NO_TRIGGER,FILLED,NO_CONTINGENCY,,,,,,,,98e7497a-c6fd-4805-821d-df355b8f5b53,1667577600000000000,1667577600000000000
BACKTESTER-001,QuantBT-001-001,ETHUSDT-PERP.BINANCE,BINANCE-1-420,ETHUSDT-PERP.BINANCE-QuantBT-001-001,BINANCE-001,T-c0c3d7fb837920cb-99783,MARKET,BUY,25.104,IOC,False,False,25.104,TAKER,1647.39,0.0,['16.54243142 USDT'],NO_TRIGGER,FILLED,NO_CONTINGENCY,,,,,,,,6b5e02ef-0ce8-4eee-b970-7ee283e51f4e,1667588400000000000,1667588400000000000
BACKTESTER-001,QuantBT-001-001,ETHUSDT-PERP.BINANCE,BINANCE-1-421,ETHUSDT-PERP.BINANCE-QuantBT-001-001,BINANCE-001,T-e2631658d6a84c3f-100693,MARKET,BUY,32.042,IOC,False,False,32.042,TAKER,1259.67,0.0,['16.14493846 USDT'],NO_TRIGGER,FILLED,NO_CONTINGENCY,,,,,,,,ad37572e-4f1e-4418-b6c8-41bfb91f40a3,1668409200000000000,1668409200000000000
BACKTESTER-001,QuantBT-001-001,ETHUSDT-PERP.BINANCE,BINANCE-1-422,ETHUSDT-PERP.BINANCE-QuantBT-001-001,BINANCE-001,T-92ef2cb457f190b6-100722,MARKET,SELL,32.042,IOC,False,False,32.042,TAKER,1251.07,0.0,['16.03471398 USDT'],NO_TRIGGER,FILLED,NO_CONTINGENCY,,,,,,,,50616a0d-269c-4a25-8a9d-5578474fbb8d,1668434400000000000,1668434400000000000
BACKTESTER-001,QuantBT-001-001,ETHUSDT-PERP.BINANCE,BINANCE-1-423,ETHUSDT-PERP.BINANCE-QuantBT-001-001,BINANCE-001,T-71134560d2ca2124-101486,MARKET,BUY,35.500,IOC,False,False,35.500,TAKER,1132.6,0.0,['16.08292000 USDT'],NO_TRIGGER,FILLED,NO_CONTINGENCY,,,,,,,,60e8f254-b34e-4ba6-b09b-401f96856bb6,1669122000000000000,1669122000000000000
BACKTESTER-001,QuantBT-001-001,ETHUSDT-PERP.BINANCE,BINANCE-1-424,ETHUSDT-PERP.BINANCE-QuantBT-001-001,BINANCE-001,T-bb93a450cb821fe8-102449,MARKET,SELL,35.500,IOC,False,False,35.500,TAKER,1279.21,0.0,['18.16478200 USDT'],NO_TRIGGER,FILLED,NO_CONTINGENCY,,,,,,,,c895e748-2285-4ce9-ba7a-0a704d4e3f1b,1669989600000000000,1669989600000000000
BACKTESTER-001,QuantBT-001-001,ETHUSDT-PERP.BINANCE,BINANCE-1-425,ETHUSDT-PERP.BINANCE-QuantBT-001-001,BINANCE-001,T-83d99384938213b7-102837,MARKET,SELL,34.131,IOC,False,False,34.131,TAKER,1253.79,0.0,['17.11724260 USDT'],NO_TRIGGER,FILLED,NO_CONTINGENCY,,,,,,,,9a5886c2-4033-46c2-b6fd-6d097e6201dc,1670338800000000000,1670338800000000000
BACKTESTER-001,QuantBT-001-001,ETHUSDT-PERP.BINANCE,BINANCE-1-426,ETHUSDT-PERP.BINANCE-QuantBT-001-001,BINANCE-001,T-bae3c1b4878986b7-102874,MARKET,BUY,34.131,IOC,False,False,34.131,TAKER,1268.16,0.0,['17.31342758 USDT'],NO_TRIGGER,FILLED,NO_CONTINGENCY,,,,,,,,f3ed8ddb-6d56-4be1-91cc-bddf972d4ecc,1670371200000000000,1670371200000000000
BACKTESTER-001,QuantBT-001-001,ETHUSDT-PERP.BINANCE,BINANCE-1-427,ETHUSDT-PERP.BINANCE-QuantBT-001-001,BINANCE-001,T-025c97c202767416-103020,MARKET,SELL,34.185,IOC,False,False,34.185,TAKER,1244.13,0.0,['17.01223362 USDT'],NO_TRIGGER,FILLED,NO_CONTINGENCY,,,,,,,,3caf8916-ff84-4a17-9dea-6df01979ff38,1670504400000000000,1670504400000000000
BACKTESTER-001,QuantBT-001-001,ETHUSDT-PERP.BINANCE,BINANCE-1-428,ETHUSDT-PERP.BINANCE-QuantBT-001-001,BINANCE-001,T-318dcadb309a5fcd-103041,MARKET,BUY,34.185,IOC,False,False,34.185,TAKER,1287.39,0.0,['17.60377086 USDT'],NO_TRIGGER,FILLED,NO_CONTINGENCY,,,,,,,,d0ac8937-912b-4299-838c-c1ee607bc71d,1670522400000000000,1670522400000000000
BACKTESTER-001,QuantBT-001-001,ETHUSDT-PERP.BINANCE,BINANCE-1-429,ETHUSDT-PERP.BINANCE-QuantBT-001-001,BINANCE-001,T-79f2a33e1b05c4c6-103341,MARKET,SELL,33.037,IOC,False,False,33.037,TAKER,1264.47,0.0,['16.70971816 USDT'],NO_TRIGGER,FILLED,NO_CONTINGENCY,,,,,,,,f6b96157-74e7-4653-b9f9-cd3430a97f42,1670792400000000000,1670792400000000000
BACKTESTER-001,QuantBT-001-001,ETHUSDT-PERP.BINANCE,BINANCE-1-430,ETHUSDT-PERP.BINANCE-QuantBT-001-001,BINANCE-001,T-4e27bd6e1ad8a8e1-103490,MARKET,BUY,33.037,IOC,False,False,33.037,TAKER,1278.73,0.0,['16.89816120 USDT'],NO_TRIGGER,FILLED,NO_CONTINGENCY,,,,,,,,50ae8b61-6d8c-49d9-88f7-ff52c4e19a61,1670925600000000000,1670925600000000000
BACKTESTER-001,QuantBT-001-001,ETHUSDT-PERP.BINANCE,BINANCE-1-431,ETHUSDT-PERP.BINANCE-QuantBT-001-001,BINANCE-001,T-42ad930ff2d7bdf6-103507,MARKET,BUY,31.162,IOC,False,False,31.162,TAKER,1332.44,0.0,['16.60859811 USDT'],NO_TRIGGER,FILLED,NO_CONTINGENCY,,,,,,,,e0dda591-1517-429c-914a-640722415665,1670940000000000000,1670940000000000000
BACKTESTER-001,QuantBT-001-001,ETHUSDT-PERP.BINANCE,BINANCE-1-432,ETHUSDT-PERP.BINANCE-QuantBT-001-001,BINANCE-001,T-0c9a1236dfa4df19-103520,MARKET,SELL,31.162,IOC,False,False,31.162,TAKER,1308.3,0.0,['16.30769784 USDT'],NO_TRIGGER,FILLED,NO_CONTINGENCY,,,,,,,,88ba2908-2f0c-46d1-9492-afb7eb493a88,1670950800000000000,1670950800000000000
BACKTESTER-001,QuantBT-001-001,ETHUSDT-PERP.BINANCE,BINANCE-1-433,ETHUSDT-PERP.BINANCE-QuantBT-001-001,BINANCE-001,T-25397214873cc019-103629,MARKET,SELL,31.430,IOC,False,False,31.430,TAKER,1308.58,0.0,['16.45146776 USDT'],NO_TRIGGER,FILLED,NO_CONTINGENCY,,,,,,,,fa30fee0-0036-436a-a5e9-5e8a696d3717,1671048000000000000,1671048000000000000
BACKTESTER-001,QuantBT-001-001,ETHUSDT-PERP.BINANCE,BINANCE-1-434,ETHUSDT-PERP.BINANCE-QuantBT-001-001,BINANCE-001,T-8755fa672444a86b-104396,MARKET,BUY,31.430,IOC,False,False,31.430,TAKER,1214.56,0.0,['15.26944832 USDT'],NO_TRIGGER,FILLED,NO_CONTINGENCY,,,,,,,,269449af-0fd9-413d-86e2-b49732d8d931,1671742800000000000,1671742800000000000
BACKTESTER-001,QuantBT-001-001,ETHUSDT-PERP.BINANCE,BINANCE-1-435,ETHUSDT-PERP.BINANCE-QuantBT-001-001,BINANCE-001,T-e214cd0e278bf679-104689,MARKET,BUY,35.000,IOC,False,False,35.000,TAKER,1216.88,0.0,['17.03632000 USDT'],NO_TRIGGER,FILLED,NO_CONTINGENCY,,,,,,,,bfc60a70-a46a-4a22-ac5b-3495ffd0c7c3,1672005600000000000,1672005600000000000
BACKTESTER-001,QuantBT-001-001,ETHUSDT-PERP.BINANCE,BINANCE-1-436,ETHUSDT-PERP.BINANCE-QuantBT-001-001,BINANCE-001,T-305711f62b6e63c5-104865,MARKET,SELL,35.000,IOC,False,False,35.000,TAKER,1206.22,0.0,['16.88708000 USDT'],NO_TRIGGER,FILLED,NO_CONTINGENCY,,,,,,,,ee999052-b361-4001-bb65-3178e2faae48,1672164000000000000,1672164000000000000
BACKTESTER-001,QuantBT-001-001,ETHUSDT-PERP.BINANCE,BINANCE-1-437,ETHUSDT-PERP.BINANCE-QuantBT-001-001,BINANCE-001,T-afd0c65f3ffdb659-104978,MARKET,SELL,35.757,IOC,False,False,35.757,TAKER,1185.43,0.0,['16.95496820 USDT'],NO_TRIGGER,FILLED,NO_CONTINGENCY,,,,,,,,90083c22-d536-4582-9b92-e1063ef8f3c3,1672264800000000000,1672264800000000000
BACKTESTER-001,QuantBT-001-001,ETHUSDT-PERP.BINANCE,BINANCE-1-438,ETHUSDT-PERP.BINANCE-QuantBT-001-001,BINANCE-001,T-97055b1446e66373-105027,MARKET,BUY,35.757,IOC,False,False,35.757,TAKER,1199.26,0.0,['17.15277593 USDT'],NO_TRIGGER,FILLED,NO_CONTINGENCY,,,,,,,,2947b858-2821-4c1d-ba7f-f48e51eb5715,1672308000000000000,1672308000000000000
BACKTESTER-001,QuantBT-001-001,ETHUSDT-PERP.BINANCE,BINANCE-1-439,ETHUSDT-PERP.BINANCE-QuantBT-001-001,BINANCE-001,T-afed224c8d1f75cd-105144,MARKET,BUY,35.255,IOC,False,False,35.255,TAKER,1194.81,0.0,['16.84921062 USDT'],NO_TRIGGER,FILLED,NO_CONTINGENCY,,,,,,,,b5f09798-fc62-4223-b673-7d647f219cc6,1672412400000000000,1672412400000000000
BACKTESTER-001,QuantBT-001-001,ETHUSDT-PERP.BINANCE,BINANCE-1-440,ETHUSDT-PERP.BINANCE-QuantBT-001-001,BINANCE-001,T-dcb3ac9d47779bbf-106012,MARKET,SELL,35.255,IOC,False,False,35.255,TAKER,1264.03,0.0,['17.82535106 USDT'],NO_TRIGGER,FILLED,NO_CONTINGENCY,,,,,,,,5e80b11e-339f-4bcc-a66f-5e7e4c37703d,1673197200000000000,1673197200000000000
BACKTESTER-001,QuantBT-001-001,ETHUSDT-PERP.BINANCE,BINANCE-1-441,ETHUSDT-PERP.BINANCE-QuantBT-001-001,BINANCE-001,T-fce0e941be1e34d3-106963,MARKET,BUY,27.950,IOC,False,False,27.950,TAKER,1550.09,0.0,['17.33000620 USDT'],NO_TRIGGER,FILLED,NO_CONTINGENCY,,,,,,,,c603c7ac-2958-4dba-8732-581c25cf2742,1674054000000000000,1674054000000000000
BACKTESTER-001,QuantBT-001-001,ETHUSDT-PERP.BINANCE,BINANCE-1-442,ETHUSDT-PERP.BINANCE-QuantBT-001-001,BINANCE-001,T-1d621b916e88174c-106968,MARKET,SELL,27.950,IOC,False,False,27.950,TAKER,1538.67,0.0,['17.20233060 USDT'],NO_TRIGGER,FILLED,NO_CONTINGENCY,,,,,,,,5f0183bf-13f7-4ca5-84c5-18591e70cbfc,1674057600000000000,1674057600000000000
BACKTESTER-001,QuantBT-001-001,ETHUSDT-PERP.BINANCE,BINANCE-1-443,ETHUSDT-PERP.BINANCE-QuantBT-001-001,BINANCE-001,T-5e25d08ffb1e2164-107169,MARKET,BUY,27.103,IOC,False,False,27.103,TAKER,1592.01,0.0,['17.25929881 USDT'],NO_TRIGGER,FILLED,NO_CONTINGENCY,,,,,,,,cc6d5e9a-e4d4-45fe-b5af-c336771379d2,1674237600000000000,1674237600000000000
BACKTESTER-001,QuantBT-001-001,ETHUSDT-PERP.BINANCE,BINANCE-1-444,ETHUSDT-PERP.BINANCE-QuantBT-001-001,BINANCE-001,T-a904436171dd0c97-107374,MARKET,SELL,27.103,IOC,False,False,27.103,TAKER,1629.01,0.0,['17.66042321 USDT'],NO_TRIGGER,FILLED,NO_CONTINGENCY,,,,,,,,40eae9b9-0d56-4d95-a7a3-f6d7e94ad5ce,1674421200000000000,1674421200000000000
BACKTESTER-001,QuantBT-001-001,ETHUSDT-PERP.BINANCE,BINANCE-1-445,ETHUSDT-PERP.BINANCE-QuantBT-001-001,BINANCE-001,T-df34da09ed4f8835-108045,MARKET,SELL,26.548,IOC,False,False,26.548,TAKER,1643.56,0.0,['17.45329235 USDT'],NO_TRIGGER,FILLED,NO_CONTINGENCY,,,,,,,,559b8335-c8a4-42d0-97ac-96133b47ec2b,1675026000000000000,1675026000000000000
BACKTESTER-001,QuantBT-001-001,ETHUSDT-PERP.BINANCE,BINANCE-1-446,ETHUSDT-PERP.BINANCE-QuantBT-001-001,BINANCE-001,T-20bfae582705dd6a-108349,MARKET,BUY,26.548,IOC,False,False,26.548,TAKER,1676.23,0.0,['17.80022162 USDT'],NO_TRIGGER,FILLED,NO_CONTINGENCY,,,,,,,,c586af4c-ecb6-4c43-b725-ed72a9d62534,1675299600000000000,1675299600000000000
BACKTESTER-001,QuantBT-001-001,ETHUSDT-PERP.BINANCE,BINANCE-1-447,ETHUSDT-PERP.BINANCE-QuantBT-001-001,BINANCE-001,T-5eff3596ed58fb5e-108798,MARKET,SELL,26.214,IOC,False,False,26.214,TAKER,1647.25,0.0,['17.27240460 USDT'],NO_TRIGGER,FILLED,NO_CONTINGENCY,,,,,,,,521dd2cc-a56e-42c8-afe3-74ecc67fb254,1675702800000000000,1675702800000000000
BACKTESTER-001,QuantBT-001-001,ETHUSDT-PERP.BINANCE,BINANCE-1-448,ETHUSDT-PERP.BINANCE-QuantBT-001-001,BINANCE-001,T-37b1e5a0e1ef5a5f-108899,MARKET,BUY,26.214,IOC,False,False,26.214,TAKER,1638.52,0.0,['17.18086531 USDT'],NO_TRIGGER,FILLED,NO_CONTINGENCY,,,,,,,,abd5863f-649d-4928-9c35-88e01c9162e2,1675792800000000000,1675792800000000000
BACKTESTER-001,QuantBT-001-001,ETHUSDT-PERP.BINANCE,BINANCE-1-449,ETHUSDT-PERP.BINANCE-QuantBT-001-001,BINANCE-001,T-4c987d3525c1f4b4-108904,MARKET,SELL,26.128,IOC,False,False,26.128,TAKER,1656.42,0.0,['17.31157670 USDT'],NO_TRIGGER,FILLED,NO_CONTINGENCY,,,,,,,,97b2d8fe-3294-419f-acd6-35af4e0e3dd9,1675796400000000000,1675796400000000000
BACKTESTER-001,QuantBT-001-001,ETHUSDT-PERP.BINANCE,BINANCE-1-450,ETHUSDT-PERP.BINANCE-QuantBT-001-001,BINANCE-001,T-ac288defad02baab-108913,MARKET,BUY,26.128,IOC,False,False,26.128,TAKER,1667.43,0.0,['17.42664442 USDT'],NO_TRIGGER,FILLED,NO_CONTINGENCY,,,,,,,,ea6f084b-2852-4cf5-a19e-0c4e45e4c472,1675803600000000000,1675803600000000000
BACKTESTER-001,QuantBT-001-001,ETHUSDT-PERP.BINANCE,BINANCE-1-451,ETHUSDT-PERP.BINANCE-QuantBT-001-001,BINANCE-001,T-0997febc4534079a-109088,MARKET,SELL,26.555,IOC,False,False,26.555,TAKER,1623.72,0.0,['17.24715384 USDT'],NO_TRIGGER,FILLED,NO_CONTINGENCY,,,,,,,,cb906c3e-f8a1-439a-842a-faca4e5645cc,1675962000000000000,1675962000000000000
BACKTESTER-001,QuantBT-001-001,ETHUSDT-PERP.BINANCE,BINANCE-1-452,ETHUSDT-PERP.BINANCE-QuantBT-001-001,BINANCE-001,T-042f211de5347158-109375,MARKET,BUY,26.555,IOC,False,False,26.555,TAKER,1540.19,0.0,['16.35989818 USDT'],NO_TRIGGER,FILLED,NO_CONTINGENCY,,,,,,,,568e4161-9b31-49a2-a0e3-642540cfb9e0,1676221200000000000,1676221200000000000
BACKTESTER-001,QuantBT-001-001,ETHUSDT-PERP.BINANCE,BINANCE-1-453,ETHUSDT-PERP.BINANCE-QuantBT-001-001,BINANCE-001,T-cfee1496e0c75fe1-109564,MARKET,SELL,28.721,IOC,False,False,28.721,TAKER,1539.29,0.0,['17.68397924 USDT'],NO_TRIGGER,FILLED,NO_CONTINGENCY,,,,,,,,67b737f3-876a-4e31-aa47-64fdd0b0ca68,1676390400000000000,1676390400000000000
BACKTESTER-001,QuantBT-001-001,ETHUSDT-PERP.BINANCE,BINANCE-1-454,ETHUSDT-PERP.BINANCE-QuantBT-001-001,BINANCE-001,T-fe64174b734c1ef2-109581,MARKET,BUY,28.721,IOC,False,False,28.721,TAKER,1556.01,0.0,['17.87606528 USDT'],NO_TRIGGER,FILLED,NO_CONTINGENCY,,,,,,,,2bb7c423-3e61-4d02-b917-cc8d8d98e1d5,1676404800000000000,1676404800000000000
BACKTESTER-001,QuantBT-001-001,ETHUSDT-PERP.BINANCE,BINANCE-1-455,ETHUSDT-PERP.BINANCE-QuantBT-001-001,BINANCE-001,T-af7022cdd7844279-109650,MARKET,BUY,27.875,IOC,False,False,27.875,TAKER,1576.72,0.0,['17.58042800 USDT'],NO_TRIGGER,FILLED,NO_CONTINGENCY,,,,,,,,7f368596-9591-4851-8534-3892425e294c,1676466000000000000,1676466000000000000
BACKTESTER-001,QuantBT-001-001,ETHUSDT-PERP.BINANCE,BINANCE-1-456,ETHUSDT-PERP.BINANCE-QuantBT-001-001,BINANCE-001,T-8680bc497127b187-110050,MARKET,SELL,27.875,IOC,False,False,27.875,TAKER,1682.58,0.0,['18.76076700 USDT'],NO_TRIGGER,FILLED,NO_CONTINGENCY,,,,,,,,40f71d66-3a6a-42a8-8ca8-5105973a7bfe,1676826000000000000,1676826000000000000
BACKTESTER-001,QuantBT-001-001,ETHUSDT-PERP.BINANCE,BINANCE-1-457,ETHUSDT-PERP.BINANCE-QuantBT-001-001,BINANCE-001,T-b92bab381f9f65b6-110147,MARKET,SELL,26.766,IOC,False,False,26.766,TAKER,1696.54,0.0,['18.16383586 USDT'],NO_TRIGGER,FILLED,NO_CONTINGENCY,,,,,,,,cd9d6379-d454-48dc-938e-8b7c08c745e1,1676912400000000000,1676912400000000000
BACKTESTER-001,QuantBT-001-001,ETHUSDT-PERP.BINANCE,BINANCE-1-458,ETHUSDT-PERP.BINANCE-QuantBT-001-001,BINANCE-001,T-b8f4e22cbd56ae26-110216,MARKET,BUY,26.766,IOC,False,False,26.766,TAKER,1679.98,0.0,['17.98653787 USDT'],NO_TRIGGER,FILLED,NO_CONTINGENCY,,,,,,,,29e96702-7a89-4793-92ce-e5db1342cfc6,1676973600000000000,1676973600000000000
BACKTESTER-001,QuantBT-001-001,ETHUSDT-PERP.BINANCE,BINANCE-1-459,ETHUSDT-PERP.BINANCE-QuantBT-001-001,BINANCE-001,T-8b5ab6edce8c697c-110732,MARKET,BUY,27.937,IOC,False,False,27.937,TAKER,1632.69,0.0,['18.24498421 USDT'],NO_TRIGGER,FILLED,NO_CONTINGENCY,,,,,,,,e49f626e-3747-4436-85e3-9e27aa98cd7d,1677438000000000000,1677438000000000000
BACKTESTER-001,QuantBT-001-001,ETHUSDT-PERP.BINANCE,BINANCE-1-460,ETHUSDT-PERP.BINANCE-QuantBT-001-001,BINANCE-001,T-09b1d3177128aeaf-110837,MARKET,SELL,27.937,IOC,False,False,27.937,TAKER,1626.27,0.0,['18.17324200 USDT'],NO_TRIGGER,FILLED,NO_CONTINGENCY,,,,,,,,c669f47c-7404-4833-82c1-1296480795eb,1677531600000000000,1677531600000000000
BACKTESTER-001,QuantBT-001-001,ETHUSDT-PERP.BINANCE,BINANCE-1-461,ETHUSDT-PERP.BINANCE-QuantBT-001-001,BINANCE-001,T-5e81b43c5896d2fc-111145,MARKET,SELL,29.106,IOC,False,False,29.106,TAKER,1563.44,0.0,['18.20219386 USDT'],NO_TRIGGER,FILLED,NO_CONTINGENCY,,,,,,,,3eb57dcd-c783-449c-a8e4-27d72ea9fadb,1677808800000000000,1677808800000000000
BACKTESTER-001,QuantBT-001-001,ETHUSDT-PERP.BINANCE,BINANCE-1-462,ETHUSDT-PERP.BINANCE-QuantBT-001-001,BINANCE-001,T-fe0d54544bb6620d-111158,MARKET,BUY,29.106,IOC,False,False,29.106,TAKER,1565.65,0.0,['18.22792356 USDT'],NO_TRIGGER,FILLED,NO_CONTINGENCY,,,,,,,,4f823a26-06fb-416b-b14b-f64894a35713,1677819600000000000,1677819600000000000
BACKTESTER-001,QuantBT-001-001,ETHUSDT-PERP.BINANCE,BINANCE-1-463,ETHUSDT-PERP.BINANCE-QuantBT-001-001,BINANCE-001,T-0cf5c4fe7b2c1c6e-111507,MARKET,SELL,29.129,IOC,False,False,29.129,TAKER,1560.46,0.0,['18.18185574 USDT'],NO_TRIGGER,FILLED,NO_CONTINGENCY,,,,,,,,f1336f43-1f8c-4632-a994-2cb06b235947,1678132800000000000,1678132800000000000
BACKTESTER-001,QuantBT-001-001,ETHUSDT-PERP.BINANCE,BINANCE-1-464,ETHUSDT-PERP.BINANCE-QuantBT-001-001,BINANCE-001,T-87e96c7d770592d0-112076,MARKET,BUY,29.129,IOC,False,False,29.129,TAKER,1531.58,0.0,['17.84535753 USDT'],NO_TRIGGER,FILLED,NO_CONTINGENCY,,,,,,,,71d450f0-9ffe-424a-a645-5cd9ce673b7f,1678644000000000000,1678644000000000000
BACKTESTER-001,QuantBT-001-001,ETHUSDT-PERP.BINANCE,BINANCE-1-465,ETHUSDT-PERP.BINANCE-QuantBT-001-001,BINANCE-001,T-5a34c09bb169f55c-112081,MARKET,BUY,30.327,IOC,False,False,30.327,TAKER,1512.07,0.0,['18.34261876 USDT'],NO_TRIGGER,FILLED,NO_CONTINGENCY,,,,,,,,c7875029-6ab2-4e7f-b201-246ea10b958e,1678647600000000000,1678647600000000000
BACKTESTER-001,QuantBT-001-001,ETHUSDT-PERP.BINANCE,BINANCE-1-466,ETHUSDT-PERP.BINANCE-QuantBT-001-001,BINANCE-001,T-090c20fd5c768122-112086,MARKET,SELL,30.327,IOC,False,False,30.327,TAKER,1540.59,0.0,['18.68858917 USDT'],NO_TRIGGER,FILLED,NO_CONTINGENCY,,,,,,,,4e62f41c-cc31-43c0-8550-a0c965161e07,1678651200000000000,1678651200000000000
BACKTESTER-001,QuantBT-001-001,ETHUSDT-PERP.BINANCE,BINANCE-1-467,ETHUSDT-PERP.BINANCE-QuantBT-001-001,BINANCE-001,T-a2b9be7ea33300bf-112255,MARKET,BUY,26.297,IOC,False,False,26.297,TAKER,1759.57,0.0,['18.50856492 USDT'],NO_TRIGGER,FILLED,NO_CONTINGENCY,,,,,,,,b7d86858-09ac-4b07-bbaf-e49c9fb1f59b,1678802400000000000,1678802400000000000
BACKTESTER-001,QuantBT-001-001,ETHUSDT-PERP.BINANCE,BINANCE-1-468,ETHUSDT-PERP.BINANCE-QuantBT-001-001,BINANCE-001,T-29a8a724d6e66fa4-112280,MARKET,SELL,26.297,IOC,False,False,26.297,TAKER,1701.47,0.0,['17.89742264 USDT'],NO_TRIGGER,FILLED,NO_CONTINGENCY,,,,,,,,da3c0c93-243b-45ef-a85c-ccca55985f82,1678824000000000000,1678824000000000000
BACKTESTER-001,QuantBT-001-001,ETHUSDT-PERP.BINANCE,BINANCE-1-469,ETHUSDT-PERP.BINANCE-QuantBT-001-001,BINANCE-001,T-3187ba651281dfa6-113412,MARKET,SELL,25.817,IOC,False,False,25.817,TAKER,1761.98,0.0,['18.19561506 USDT'],NO_TRIGGER,FILLED,NO_CONTINGENCY,,,,,,,,d7fdff26-6f76-4090-ae06-3d21a0aedd0d,1679842800000000000,1679842800000000000
BACKTESTER-001,QuantBT-001-001,ETHUSDT-PERP.BINANCE,BINANCE-1-470,ETHUSDT-PERP.BINANCE-QuantBT-001-001,BINANCE-001,T-2958f6d3ec798e6c-113625,MARKET,BUY,25.817,IOC,False,False,25.817,TAKER,1774.03,0.0,['18.32005300 USDT'],NO_TRIGGER,FILLED,NO_CONTINGENCY,,,,,,,,6345ce44-290f-4dc8-82eb-2ff8e7d6a20b,1680033600000000000,1680033600000000000
BACKTESTER-001,QuantBT-001-001,ETHUSDT-PERP.BINANCE,BINANCE-1-471,ETHUSDT-PERP.BINANCE-QuantBT-001-001,BINANCE-001,T-9c97b40fd25f3f06-114182,MARKET,SELL,25.231,IOC,False,False,25.231,TAKER,1796.02,0.0,['18.12615225 USDT'],NO_TRIGGER,FILLED,NO_CONTINGENCY,,,,,,,,1788aed4-df6e-45c0-8243-7190eeb6ab6f,1680534000000000000,1680534000000000000
BACKTESTER-001,QuantBT-001-001,ETHUSDT-PERP.BINANCE,BINANCE-1-472,ETHUSDT-PERP.BINANCE-QuantBT-001-001,BINANCE-001,T-45a3943ae157dddf-114199,MARKET,BUY,25.231,IOC,False,False,25.231,TAKER,1818.02,0.0,['18.34818505 USDT'],NO_TRIGGER,FILLED,NO_CONTINGENCY,,,,,,,,735e6f49-d919-4707-ac07-daba6ee1bacf,1680548400000000000,1680548400000000000
BACKTESTER-001,QuantBT-001-001,ETHUSDT-PERP.BINANCE,BINANCE-1-473,ETHUSDT-PERP.BINANCE-QuantBT-001-001,BINANCE-001,T-b460b329cd71e7d6-114868,MARKET,BUY,23.734,IOC,False,False,23.734,TAKER,1896.8,0.0,['18.00746048 USDT'],NO_TRIGGER,FILLED,NO_CONTINGENCY,,,,,,,,185fcb30-7f12-4e79-903b-bc3a93b14476,1681149600000000000,1681149600000000000
BACKTESTER-001,QuantBT-001-001,ETHUSDT-PERP.BINANCE,BINANCE-1-474,ETHUSDT-PERP.BINANCE-QuantBT-001-001,BINANCE-001,T-1dd94711817bd2a3-114999,MARKET,SELL,23.734,IOC,False,False,23.734,TAKER,1861.92,0.0,['17.67632371 USDT'],NO_TRIGGER,FILLED,NO_CONTINGENCY,,,,,,,,0c55676d-fcf8-47aa-b7d1-b8db9091a55f,1681268400000000000,1681268400000000000
BACKTESTER-001,QuantBT-001-001,ETHUSDT-PERP.BINANCE,BINANCE-1-475,ETHUSDT-PERP.BINANCE-QuantBT-001-001,BINANCE-001,T-7bc56267501c2f08-115136,MARKET,BUY,22.383,IOC,False,False,22.383,TAKER,1992.0,0.0,['17.83477440 USDT'],NO_TRIGGER,FILLED,NO_CONTINGENCY,,,,,,,,8ca0d520-a98b-4b95-b644-857acb0ea5c1,1681390800000000000,1681390800000000000
BACKTESTER-001,QuantBT-001-001,ETHUSDT-PERP.BINANCE,BINANCE-1-476,ETHUSDT-PERP.BINANCE-QuantBT-001-001,BINANCE-001,T-2c11d1780073460e-115695,MARKET,SELL,22.383,IOC,False,False,22.383,TAKER,1979.97,0.0,['17.72706740 USDT'],NO_TRIGGER,FILLED,NO_CONTINGENCY,,,,,,,,7bc29482-0549-4479-b132-f2d1f37627cc,1681894800000000000,1681894800000000000
BACKTESTER-001,QuantBT-001-001,ETHUSDT-PERP.BINANCE,BINANCE-1-477,ETHUSDT-PERP.BINANCE-QuantBT-001-001,BINANCE-001,T-64c4f3e5a8ac3336-116792,MARKET,SELL,23.500,IOC,False,False,23.500,TAKER,1890.85,0.0,['17.77399000 USDT'],NO_TRIGGER,FILLED,NO_CONTINGENCY,,,,,,,,8dfbf9cc-ab5f-40ba-8525-bc0e71931932,1682884800000000000,1682884800000000000
BACKTESTER-001,QuantBT-001-001,ETHUSDT-PERP.BINANCE,BINANCE-1-478,ETHUSDT-PERP.BINANCE-QuantBT-001-001,BINANCE-001,T-734857b7d1e5650b-117249,MARKET,BUY,23.500,IOC,False,False,23.500,TAKER,1945.63,0.0,['18.28892200 USDT'],NO_TRIGGER,FILLED,NO_CONTINGENCY,,,,,,,,02bcd5e3-7f3b-40a9-b507-130a0f63f9e3,1683295200000000000,1683295200000000000
BACKTESTER-001,QuantBT-001-001,ETHUSDT-PERP.BINANCE,BINANCE-1-479,ETHUSDT-PERP.BINANCE-QuantBT-001-001,BINANCE-001,T-3ec115d4bfd480b4-117725,MARKET,BUY,23.358,IOC,False,False,23.358,TAKER,1874.05,0.0,['17.50962396 USDT'],NO_TRIGGER,FILLED,NO_CONTINGENCY,,,,,,,,abcacbc2-22e3-4177-921a-4e09aa73570c,1683723600000000000,1683723600000000000
BACKTESTER-001,QuantBT-001-001,ETHUSDT-PERP.BINANCE,BINANCE-1-480,ETHUSDT-PERP.BINANCE-QuantBT-001-001,BINANCE-001,T-29b5a8e2301b0f09-117746,MARKET,SELL,23.358,IOC,False,False,23.358,TAKER,1833.62,0.0,['17.13187838 USDT'],NO_TRIGGER,FILLED,NO_CONTINGENCY,,,,,,,,ef98fd3b-e97e-49b4-9043-937f5289887c,1683741600000000000,1683741600000000000
BACKTESTER-001,QuantBT-001-001,ETHUSDT-PERP.BINANCE,BINANCE-1-481,ETHUSDT-PERP.BINANCE-QuantBT-001-001,BINANCE-001,T-29be2950b7b3aa7c-118126,MARKET,SELL,23.976,IOC,False,False,23.976,TAKER,1805.29,0.0,['17.31345322 USDT'],NO_TRIGGER,FILLED,NO_CONTINGENCY,,,,,,,,d08eb3c4-5db1-4148-881d-5c795217f5fc,1684083600000000000,1684083600000000000
BACKTESTER-001,QuantBT-001-001,ETHUSDT-PERP.BINANCE,BINANCE-1-482,ETHUSDT-PERP.BINANCE-QuantBT-001-001,BINANCE-001,T-b3b4625968cca36d-118162,MARKET,BUY,23.976,IOC,False,False,23.976,TAKER,1822.24,0.0,['17.47601050 USDT'],NO_TRIGGER,FILLED,NO_CONTINGENCY,,,,,,,,161a969f-5341-47fa-b227-4e108039f760,1684116000000000000,1684116000000000000
BACKTESTER-001,QuantBT-001-001,ETHUSDT-PERP.BINANCE,BINANCE-1-483,ETHUSDT-PERP.BINANCE-QuantBT-001-001,BINANCE-001,T-b3b9cae73b5df64a-118419,MARKET,BUY,23.695,IOC,False,False,23.695,TAKER,1817.43,0.0,['17.22560154 USDT'],NO_TRIGGER,FILLED,NO_CONTINGENCY,,,,,,,,1c7bec92-07e9-449e-8ff3-4fec41c1365e,1684346400000000000,1684346400000000000
BACKTESTER-001,QuantBT-001-001,ETHUSDT-PERP.BINANCE,BINANCE-1-484,ETHUSDT-PERP.BINANCE-QuantBT-001-001,BINANCE-001,T-bf3e3ed12a8921f6-118516,MARKET,SELL,23.695,IOC,False,False,23.695,TAKER,1784.55,0.0,['16.91396490 USDT'],NO_TRIGGER,FILLED,NO_CONTINGENCY,,,,,,,,5f66b596-ccdd-47b3-bd27-e0e3828fdebe,1684432800000000000,1684432800000000000
BACKTESTER-001,QuantBT-001-001,ETHUSDT-PERP.BINANCE,BINANCE-1-485,ETHUSDT-PERP.BINANCE-QuantBT-001-001,BINANCE-001,T-044c616e26ad6bc9-118604,MARKET,SELL,23.549,IOC,False,False,23.549,TAKER,1811.4,0.0,['17.06266344 USDT'],NO_TRIGGER,FILLED,NO_CONTINGENCY,,,,,,,,734c6aa6-c4b5-451b-bf42-c0a3a8c1f8ea,1684512000000000000,1684512000000000000
BACKTESTER-001,QuantBT-001-001,ETHUSDT-PERP.BINANCE,BINANCE-1-486,ETHUSDT-PERP.BINANCE-QuantBT-001-001,BINANCE-001,T-ec05c85cf23ecc69-118930,MARKET,BUY,23.549,IOC,False,False,23.549,TAKER,1841.77,0.0,['17.34873669 USDT'],NO_TRIGGER,FILLED,NO_CONTINGENCY,,,,,,,,98dfc494-1cc8-4ee0-b901-e9112167cee7,1684807200000000000,1684807200000000000
BACKTESTER-001,QuantBT-001-001,ETHUSDT-PERP.BINANCE,BINANCE-1-487,ETHUSDT-PERP.BINANCE-QuantBT-001-001,BINANCE-001,T-6da058edbc0bf980-118939,MARKET,BUY,22.771,IOC,False,False,22.771,TAKER,1856.8,0.0,['16.91247712 USDT'],NO_TRIGGER,FILLED,NO_CONTINGENCY,,,,,,,,b9c4e877-435d-4d6c-9d9b-e5302b63297a,1684814400000000000,1684814400000000000
BACKTESTER-001,QuantBT-001-001,ETHUSDT-PERP.BINANCE,BINANCE-1-488,ETHUSDT-PERP.BINANCE-QuantBT-001-001,BINANCE-001,T-32eca15983bf49c4-118980,MARKET,SELL,22.771,IOC,False,False,22.771,TAKER,1855.23,0.0,['16.89817693 USDT'],NO_TRIGGER,FILLED,NO_CONTINGENCY,,,,,,,,628de253-d00a-4eb9-bba1-28487bdf7009,1684850400000000000,1684850400000000000
BACKTESTER-001,QuantBT-001-001,ETHUSDT-PERP.BINANCE,BINANCE-1-489,ETHUSDT-PERP.BINANCE-QuantBT-001-001,BINANCE-001,T-d206404440ae3c90-119271,MARKET,BUY,23.088,IOC,False,False,23.088,TAKER,1829.85,0.0,['16.89903072 USDT'],NO_TRIGGER,FILLED,NO_CONTINGENCY,,,,,,,,172b4b89-6f64-4539-8dff-5ec6a70d8f34,1685113200000000000,1685113200000000000
BACKTESTER-001,QuantBT-001-001,ETHUSDT-PERP.BINANCE,BINANCE-1-490,ETHUSDT-PERP.BINANCE-QuantBT-001-001,BINANCE-001,T-f4c56045abbb918b-119799,MARKET,SELL,23.088,IOC,False,False,23.088,TAKER,1854.81,0.0,['17.12954131 USDT'],NO_TRIGGER,FILLED,NO_CONTINGENCY,,,,,,,,fd893181-914a-4af3-8eb6-4109ddef03fd,1685588400000000000,1685588400000000000
BACKTESTER-001,QuantBT-001-001,ETHUSDT-PERP.BINANCE,BINANCE-1-491,ETHUSDT-PERP.BINANCE-QuantBT-001-001,BINANCE-001,T-9fb0250fed4ec010-119856,MARKET,BUY,22.735,IOC,False,False,22.735,TAKER,1870.19,0.0,['17.00750786 USDT'],NO_TRIGGER,FILLED,NO_CONTINGENCY,,,,,,,,baf8c49e-6bc8-4978-b55d-edd21d2b5bf9,1685638800000000000,1685638800000000000
BACKTESTER-001,QuantBT-001-001,ETHUSDT-PERP.BINANCE,BINANCE-1-492,ETHUSDT-PERP.BINANCE-QuantBT-001-001,BINANCE-001,T-2759a8fe32adc469-119889,MARKET,SELL,22.735,IOC,False,False,22.735,TAKER,1867.31,0.0,['16.98131714 USDT'],NO_TRIGGER,FILLED,NO_CONTINGENCY,,,,,,,,8326fcbd-1ae7-4b6a-8a07-f079f028be34,1685667600000000000,1685667600000000000
BACKTESTER-001,QuantBT-001-001,ETHUSDT-PERP.BINANCE,BINANCE-1-493,ETHUSDT-PERP.BINANCE-QuantBT-001-001,BINANCE-001,T-b59b4f271925d6f7-120319,MARKET,SELL,23.378,IOC,False,False,23.378,TAKER,1816.62,0.0,['16.98757694 USDT'],NO_TRIGGER,FILLED,NO_CONTINGENCY,,,,,,,,4009eee5-ddc9-4a89-8143-2dc950e77281,1686056400000000000,1686056400000000000
BACKTESTER-001,QuantBT-001-001,ETHUSDT-PERP.BINANCE,BINANCE-1-494,ETHUSDT-PERP.BINANCE-QuantBT-001-001,BINANCE-001,T-ad74478677fcf908-120328,MARKET,BUY,23.378,IOC,False,False,23.378,TAKER,1841.38,0.0,['17.21911266 USDT'],NO_TRIGGER,FILLED,NO_CONTINGENCY,,,,,,,,1f6e9e7f-4e0f-4ecf-9a66-75674b5dd2d1,1686063600000000000,1686063600000000000
BACKTESTER-001,QuantBT-001-001,ETHUSDT-PERP.BINANCE,BINANCE-1-495,ETHUSDT-PERP.BINANCE-QuantBT-001-001,BINANCE-001,T-5b5555ba0d7c3004-120832,MARKET,BUY,23.915,IOC,False,False,23.915,TAKER,1762.97,0.0,['16.86457102 USDT'],NO_TRIGGER,FILLED,NO_CONTINGENCY,,,,,,,,35050c52-5e2f-40bb-a333-26227797bd70,1686517200000000000,1686517200000000000
BACKTESTER-001,QuantBT-001-001,ETHUSDT-PERP.BINANCE,BINANCE-1-496,ETHUSDT-PERP.BINANCE-QuantBT-001-001,BINANCE-001,T-5df072c1f8576de2-120841,MARKET,SELL,23.915,IOC,False,False,23.915,TAKER,1751.8,0.0,['16.75771880 USDT'],NO_TRIGGER,FILLED,NO_CONTINGENCY,,,,,,,,2c75cb0b-f97f-4bc5-9f4c-9b9134a4c3fd,1686524400000000000,1686524400000000000
BACKTESTER-001,QuantBT-001-001,ETHUSDT-PERP.BINANCE,BINANCE-1-497,ETHUSDT-PERP.BINANCE-QuantBT-001-001,BINANCE-001,T-56d34114cef1fbf3-120993,MARKET,SELL,24.176,IOC,False,False,24.176,TAKER,1737.72,0.0,['16.80444749 USDT'],NO_TRIGGER,FILLED,NO_CONTINGENCY,,,,,,,,69699d00-27e4-4d25-a5f8-2e52ac3b1ccb,1686661200000000000,1686661200000000000
BACKTESTER-001,QuantBT-001-001,ETHUSDT-PERP.BINANCE,BINANCE-1-498,ETHUSDT-PERP.BINANCE-QuantBT-001-001,BINANCE-001,T-7035e43a1cd375f5-121292,MARKET,BUY,24.176,IOC,False,False,24.176,TAKER,1685.26,0.0,['16.29713830 USDT'],NO_TRIGGER,FILLED,NO_CONTINGENCY,,,,,,,,cd992c6a-23e8-401e-93d4-91ac5ff449e7,1686931200000000000,1686931200000000000
BACKTESTER-001,QuantBT-001-001,ETHUSDT-PERP.BINANCE,BINANCE-1-499,ETHUSDT-PERP.BINANCE-QuantBT-001-001,BINANCE-001,T-1058390620d3ca02-121301,MARKET,BUY,24.832,IOC,False,False,24.832,TAKER,1716.67,0.0,['17.05133978 USDT'],NO_TRIGGER,FILLED,NO_CONTINGENCY,,,,,,,,7d2e622e-31c5-43be-a63b-bac9d60efad6,1686938400000000000,1686938400000000000
BACKTESTER-001,QuantBT-001-001,ETHUSDT-PERP.BINANCE,BINANCE-1-500,ETHUSDT-PERP.BINANCE-QuantBT-001-001,BINANCE-001,T-8e94bd4699510964-121593,MARKET,SELL,24.832,IOC,False,False,24.832,TAKER,1723.48,0.0,['17.11898214 USDT'],NO_TRIGGER,FILLED,NO_CONTINGENCY,,,,,,,,6ed32512-9fec-4633-b721-ba33c2f980d3,1687201200000000000,1687201200000000000
BACKTESTER-001,QuantBT-001-001,ETHUSDT-PERP.BINANCE,BINANCE-1-501,ETHUSDT-PERP.BINANCE-QuantBT-001-001,BINANCE-001,T-72a70844a928bf03-121686,MARKET,BUY,23.955,IOC,False,False,23.955,TAKER,1782.38,0.0,['17.07876516 USDT'],NO_TRIGGER,FILLED,NO_CONTINGENCY,,,,,,,,f96d3796-c9db-4c9c-8c9c-d60721d442d2,1687284000000000000,1687284000000000000
BACKTESTER-001,QuantBT-001-001,ETHUSDT-PERP.BINANCE,BINANCE-1-502,ETHUSDT-PERP.BINANCE-QuantBT-001-001,BINANCE-001,T-204f0e73e616d149-122249,MARKET,SELL,23.955,IOC,False,False,23.955,TAKER,1888.45,0.0,['18.09512790 USDT'],NO_TRIGGER,FILLED,NO_CONTINGENCY,,,,,,,,e0840326-e0be-4fa3-8314-f1df2539283a,1687791600000000000,1687791600000000000
BACKTESTER-001,QuantBT-001-001,ETHUSDT-PERP.BINANCE,BINANCE-1-503,ETHUSDT-PERP.BINANCE-QuantBT-001-001,BINANCE-001,T-bb6aea4e584c54a3-122258,MARKET,SELL,23.810,IOC,False,False,23.810,TAKER,1845.83,0.0,['17.57968492 USDT'],NO_TRIGGER,FILLED,NO_CONTINGENCY,,,,,,,,ab6371f6-9b2c-4388-a020-11f6b814939e,1687798800000000000,1687798800000000000
BACKTESTER-001,QuantBT-001-001,ETHUSDT-PERP.BINANCE,BINANCE-1-504,ETHUSDT-PERP.BINANCE-QuantBT-001-001,BINANCE-001,T-9f83106685966742-122299,MARKET,BUY,23.810,IOC,False,False,23.810,TAKER,1871.25,0.0,['17.82178500 USDT'],NO_TRIGGER,FILLED,NO_CONTINGENCY,,,,,,,,8611867e-5d1d-4f65-beda-400ecc7f41d9,1687834800000000000,1687834800000000000
BACKTESTER-001,QuantBT-001-001,ETHUSDT-PERP.BINANCE,BINANCE-1-505,ETHUSDT-PERP.BINANCE-QuantBT-001-001,BINANCE-001,T-b3e9424c2c84b0a0-122535,MARKET,SELL,23.601,IOC,False,False,23.601,TAKER,1848.61,0.0,['17.45161784 USDT'],NO_TRIGGER,FILLED,NO_CONTINGENCY,,,,,,,,16448333-3ae6-427f-917b-139881f8d738,1688047200000000000,1688047200000000000
BACKTESTER-001,QuantBT-001-001,ETHUSDT-PERP.BINANCE,BINANCE-1-506,ETHUSDT-PERP.BINANCE-QuantBT-001-001,BINANCE-001,T-fd7c0fbe79ffceb1-122591,MARKET,BUY,23.601,IOC,False,False,23.601,TAKER,1887.38,0.0,['17.81762215 USDT'],NO_TRIGGER,FILLED,NO_CONTINGENCY,,,,,,,,2c4c5ef7-eecc-4efe-8d85-331c4bc9c49c,1688097600000000000,1688097600000000000
BACKTESTER-001,QuantBT-001-001,ETHUSDT-PERP.BINANCE,BINANCE-1-507,ETHUSDT-PERP.BINANCE-QuantBT-001-001,BINANCE-001,T-d3f53e50ff040d31-122600,MARKET,BUY,23.025,IOC,False,False,23.025,TAKER,1874.23,0.0,['17.26165830 USDT'],NO_TRIGGER,FILLED,NO_CONTINGENCY,,,,,,,,dbf244f2-f9d7-48bd-a108-15f991ad65c4,1688104800000000000,1688104800000000000
BACKTESTER-001,QuantBT-001-001,ETHUSDT-PERP.BINANCE,BINANCE-1-508,ETHUSDT-PERP.BINANCE-QuantBT-001-001,BINANCE-001,T-09dafb0a0d762199-122633,MARKET,SELL,23.025,IOC,False,False,23.025,TAKER,1844.53,0.0,['16.98812130 USDT'],NO_TRIGGER,FILLED,NO_CONTINGENCY,,,,,,,,9df9ee15-756b-4f10-bdb4-5f211bf87a66,1688133600000000000,1688133600000000000
BACKTESTER-001,QuantBT-001-001,ETHUSDT-PERP.BINANCE,BINANCE-1-509,ETHUSDT-PERP.BINANCE-QuantBT-001-001,BINANCE-001,T-79951ae68518deda-122902,MARKET,SELL,21.884,IOC,False,False,21.884,TAKER,1955.53,0.0,['17.11792741 USDT'],NO_TRIGGER,FILLED,NO_CONTINGENCY,,,,,,,,d67b437e-e66a-4655-b902-fdce11e2b67b,1688374800000000000,1688374800000000000
BACKTESTER-001,QuantBT-001-001,ETHUSDT-PERP.BINANCE,BINANCE-1-510,ETHUSDT-PERP.BINANCE-QuantBT-001-001,BINANCE-001,T-1090c11b89bffe34-123688,MARKET,BUY,21.884,IOC,False,False,21.884,TAKER,1871.16,0.0,['16.37938618 USDT'],NO_TRIGGER,FILLED,NO_CONTINGENCY,,,,,,,,d494f18f-8e71-43d6-9fef-199d19812371,1689087600000000000,1689087600000000000
BACKTESTER-001,QuantBT-001-001,ETHUSDT-PERP.BINANCE,BINANCE-1-511,ETHUSDT-PERP.BINANCE-QuantBT-001-001,BINANCE-001,T-41fd0f7c7eec701c-124203,MARKET,SELL,22.757,IOC,False,False,22.757,TAKER,1920.36,0.0,['17.48065301 USDT'],NO_TRIGGER,FILLED,NO_CONTINGENCY,,,,,,,,44b0fc8c-7be6-4c76-9e79-eefea5a7b6da,1689552000000000000,1689552000000000000
BACKTESTER-001,QuantBT-001-001,ETHUSDT-PERP.BINANCE,BINANCE-1-512,ETHUSDT-PERP.BINANCE-QuantBT-001-001,BINANCE-001,T-2fdd8c8a21c32add-125507,MARKET,BUY,22.757,IOC,False,False,22.757,TAKER,1875.27,0.0,['17.07020776 USDT'],NO_TRIGGER,FILLED,NO_CONTINGENCY,,,,,,,,e2652c02-190a-4b8a-8c2c-1996b59dd878,1690729200000000000,1690729200000000000
BACKTESTER-001,QuantBT-001-001,ETHUSDT-PERP.BINANCE,BINANCE-1-513,ETHUSDT-PERP.BINANCE-QuantBT-001-001,BINANCE-001,T-f82779c9064d1e32-125548,MARKET,BUY,23.608,IOC,False,False,23.608,TAKER,1872.16,0.0,['17.67918131 USDT'],NO_TRIGGER,FILLED,NO_CONTINGENCY,,,,,,,,c73d84db-85f6-470f-8c51-46c5c90bb71b,1690765200000000000,1690765200000000000
BACKTESTER-001,QuantBT-001-001,ETHUSDT-PERP.BINANCE,BINANCE-1-514,ETHUSDT-PERP.BINANCE-QuantBT-001-001,BINANCE-001,T-7f6860079e1f06f7-125653,MARKET,SELL,23.608,IOC,False,False,23.608,TAKER,1825.62,0.0,['17.23969478 USDT'],NO_TRIGGER,FILLED,NO_CONTINGENCY,,,,,,,,cb796c8d-eb98-4716-a5ac-d5ddc0d3fc12,1690858800000000000,1690858800000000000
BACKTESTER-001,QuantBT-001-001,ETHUSDT-PERP.BINANCE,BINANCE-1-515,ETHUSDT-PERP.BINANCE-QuantBT-001-001,BINANCE-001,T-cdcccc0fbe3ffd95-125984,MARKET,BUY,23.629,IOC,False,False,23.629,TAKER,1846.47,0.0,['17.45209585 USDT'],NO_TRIGGER,FILLED,NO_CONTINGENCY,,,,,,,,3a4f0175-a818-492d-8f3d-c1012a9a6224,1691157600000000000,1691157600000000000
BACKTESTER-001,QuantBT-001-001,ETHUSDT-PERP.BINANCE,BINANCE-1-516,ETHUSDT-PERP.BINANCE-QuantBT-001-001,BINANCE-001,T-6c2e7f9110059267-126005,MARKET,SELL,23.629,IOC,False,False,23.629,TAKER,1830.52,0.0,['17.30134283 USDT'],NO_TRIGGER,FILLED,NO_CONTINGENCY,,,,,,,,5986ad17-4e45-4e08-bdef-e069b1676f56,1691175600000000000,1691175600000000000
BACKTESTER-001,QuantBT-001-001,ETHUSDT-PERP.BINANCE,BINANCE-1-517,ETHUSDT-PERP.BINANCE-QuantBT-001-001,BINANCE-001,T-4955ccad6c0cff16-126367,MARKET,SELL,23.632,IOC,False,False,23.632,TAKER,1837.5,0.0,['17.36952000 USDT'],NO_TRIGGER,FILLED,NO_CONTINGENCY,,,,,,,,22eb10aa-b959-4fde-a2a4-604e31b1d99e,1691503200000000000,1691503200000000000
BACKTESTER-001,QuantBT-001-001,ETHUSDT-PERP.BINANCE,BINANCE-1-518,ETHUSDT-PERP.BINANCE-QuantBT-001-001,BINANCE-001,T-811120205f56a5df-126380,MARKET,BUY,23.632,IOC,False,False,23.632,TAKER,1852.89,0.0,['17.51499859 USDT'],NO_TRIGGER,FILLED,NO_CONTINGENCY,,,,,,,,b2b4e5a7-959c-4650-b006-2e63a2ee7c9a,1691514000000000000,1691514000000000000
BACKTESTER-001,QuantBT-001-001,ETHUSDT-PERP.BINANCE,BINANCE-1-519,ETHUSDT-PERP.BINANCE-QuantBT-001-001,BINANCE-001,T-349aa988efa6c8af-126660,MARKET,SELL,23.450,IOC,False,False,23.450,TAKER,1843.29,0.0,['17.29006020 USDT'],NO_TRIGGER,FILLED,NO_CONTINGENCY,,,,,,,,195acc0c-c102-4074-9eee-c7128348c10b,1691769600000000000,1691769600000000000
BACKTESTER-001,QuantBT-001-001,ETHUSDT-PERP.BINANCE,BINANCE-1-520,ETHUSDT-PERP.BINANCE-QuantBT-001-001,BINANCE-001,T-b3e6ae6496d22357-127031,MARKET,BUY,23.450,IOC,False,False,23.450,TAKER,1839.53,0.0,['17.25479140 USDT'],NO_TRIGGER,FILLED,NO_CONTINGENCY,,,,,,,,9a599585-af91-4b49-957f-e8cb75278a90,1692111600000000000,1692111600000000000
BACKTESTER-001,QuantBT-001-001,ETHUSDT-PERP.BINANCE,BINANCE-1-521,ETHUSDT-PERP.BINANCE-QuantBT-001-001,BINANCE-001,T-47b796ba34c1cf70-127052,MARKET,SELL,23.649,IOC,False,False,23.649,TAKER,1828.95,0.0,['17.30113542 USDT'],NO_TRIGGER,FILLED,NO_CONTINGENCY,,,,,,,,af842436-42f0-4f38-a971-4adb94ee2333,1692129600000000000,1692129600000000000
BACKTESTER-001,QuantBT-001-001,ETHUSDT-PERP.BINANCE,BINANCE-1-522,ETHUSDT-PERP.BINANCE-QuantBT-001-001,BINANCE-001,T-93a4fc72df816a1f-127255,MARKET,BUY,23.649,IOC,False,False,23.649,TAKER,1681.0,0.0,['15.90158760 USDT'],NO_TRIGGER,FILLED,NO_CONTINGENCY,,,,,,,,b3efe044-6702-450b-b5eb-8bc6fa723c17,1692313200000000000,1692313200000000000
BACKTESTER-001,QuantBT-001-001,ETHUSDT-PERP.BINANCE,BINANCE-1-523,ETHUSDT-PERP.BINANCE-QuantBT-001-001,BINANCE-001,T-0ccde5af942c9aae-128266,MARKET,BUY,27.290,IOC,False,False,27.290,TAKER,1648.43,0.0,['17.99426188 USDT'],NO_TRIGGER,FILLED,NO_CONTINGENCY,,,,,,,,3f6db08d-6248-4a8c-b406-25e94e459dbb,1693227600000000000,1693227600000000000
BACKTESTER-001,QuantBT-001-001,ETHUSDT-PERP.BINANCE,BINANCE-1-524,ETHUSDT-PERP.BINANCE-QuantBT-001-001,BINANCE-001,T-6bbdbe8070301bc8-128556,MARKET,SELL,27.290,IOC,False,False,27.290,TAKER,1704.54,0.0,['18.60675864 USDT'],NO_TRIGGER,FILLED,NO_CONTINGENCY,,,,,,,,14480782-2acb-44f5-b3c9-355b54ba5526,1693490400000000000,1693490400000000000
BACKTESTER-001,QuantBT-001-001,ETHUSDT-PERP.BINANCE,BINANCE-1-525,ETHUSDT-PERP.BINANCE-QuantBT-001-001,BINANCE-001,T-710f8abc1104c770-128665,MARKET,SELL,28.485,IOC,False,False,28.485,TAKER,1605.5,0.0,['18.29306700 USDT'],NO_TRIGGER,FILLED,NO_CONTINGENCY,,,,,,,,f660b490-dc65-44c1-970e-1e5023161775,1693587600000000000,1693587600000000000
BACKTESTER-001,QuantBT-001-001,ETHUSDT-PERP.BINANCE,BINANCE-1-526,ETHUSDT-PERP.BINANCE-QuantBT-001-001,BINANCE-001,T-e5484df87f221f66-128874,MARKET,BUY,28.485,IOC,False,False,28.485,TAKER,1636.29,0.0,['18.64388826 USDT'],NO_TRIGGER,FILLED,NO_CONTINGENCY,,,,,,,,68ac84c4-46c0-4276-bec9-af03797e5c9d,1693774800000000000,1693774800000000000
BACKTESTER-001,QuantBT-001-001,ETHUSDT-PERP.BINANCE,BINANCE-1-527,ETHUSDT-PERP.BINANCE-QuantBT-001-001,BINANCE-001,T-e4a5b4e6d7882cbe-129151,MARKET,BUY,27.819,IOC,False,False,27.819,TAKER,1627.49,0.0,['18.11005772 USDT'],NO_TRIGGER,FILLED,NO_CONTINGENCY,,,,,,,,e7566bb0-cde8-4b53-a643-715f0724f704,1694023200000000000,1694023200000000000
BACKTESTER-001,QuantBT-001-001,ETHUSDT-PERP.BINANCE,BINANCE-1-528,ETHUSDT-PERP.BINANCE-QuantBT-001-001,BINANCE-001,T-bba60ab32d4b6b9b-129156,MARKET,SELL,27.819,IOC,False,False,27.819,TAKER,1630.68,0.0,['18.14555477 USDT'],NO_TRIGGER,FILLED,NO_CONTINGENCY,,,,,,,,4d89e880-6577-4748-b959-171f45f8c3d6,1694026800000000000,1694026800000000000
BACKTESTER-001,QuantBT-001-001,ETHUSDT-PERP.BINANCE,BINANCE-1-529,ETHUSDT-PERP.BINANCE-QuantBT-001-001,BINANCE-001,T-20d9c2958dea94c9-129905,MARKET,BUY,27.724,IOC,False,False,27.724,TAKER,1634.02,0.0,['18.12062819 USDT'],NO_TRIGGER,FILLED,NO_CONTINGENCY,,,,,,,,e48b68a3-90bb-42c7-9b6a-5359b47ad537,1694703600000000000,1694703600000000000
BACKTESTER-001,QuantBT-001-001,ETHUSDT-PERP.BINANCE,BINANCE-1-530,ETHUSDT-PERP.BINANCE-QuantBT-001-001,BINANCE-001,T-66bc9f0c4083a194-130001,MARKET,SELL,27.724,IOC,False,False,27.724,TAKER,1618.62,0.0,['17.94984835 USDT'],NO_TRIGGER,FILLED,NO_CONTINGENCY,,,,,,,,0344a703-ffbe-4e8a-8077-2e613f0a8a26,1694790000000000000,1694790000000000000
BACKTESTER-001,QuantBT-001-001,ETHUSDT-PERP.BINANCE,BINANCE-1-531,ETHUSDT-PERP.BINANCE-QuantBT-001-001,BINANCE-001,T-1ef015d6a2020ee6-130242,MARKET,BUY,27.661,IOC,False,False,27.661,TAKER,1629.35,0.0,['18.02778014 USDT'],NO_TRIGGER,FILLED,NO_CONTINGENCY,,,,,,,,01235a63-68de-463d-848d-135bf01e7c81,1695006000000000000,1695006000000000000
BACKTESTER-001,QuantBT-001-001,ETHUSDT-PERP.BINANCE,BINANCE-1-532,ETHUSDT-PERP.BINANCE-QuantBT-001-001,BINANCE-001,T-7b4d899261f7ccad-130503,MARKET,SELL,27.661,IOC,False,False,27.661,TAKER,1624.12,0.0,['17.96991333 USDT'],NO_TRIGGER,FILLED,NO_CONTINGENCY,,,,,,,,c357138f-7a8d-4d9c-9a79-8c81c98a96ee,1695240000000000000,1695240000000000000
BACKTESTER-001,QuantBT-001-001,ETHUSDT-PERP.BINANCE,BINANCE-1-533,ETHUSDT-PERP.BINANCE-QuantBT-001-001,BINANCE-001,T-fe4661cf38f35244-130881,MARKET,SELL,28.374,IOC,False,False,28.374,TAKER,1585.23,0.0,['17.99172641 USDT'],NO_TRIGGER,FILLED,NO_CONTINGENCY,,,,,,,,5e38c9ab-fc58-483b-801c-53ef6132598c,1695582000000000000,1695582000000000000
BACKTESTER-001,QuantBT-001-001,ETHUSDT-PERP.BINANCE,BINANCE-1-534,ETHUSDT-PERP.BINANCE-QuantBT-001-001,BINANCE-001,T-211aef30753154ed-131133,MARKET,BUY,28.374,IOC,False,False,28.374,TAKER,1616.02,0.0,['18.34118059 USDT'],NO_TRIGGER,FILLED,NO_CONTINGENCY,,,,,,,,203b6cc8-b306-4e49-a9c6-0215adf5a914,1695808800000000000,1695808800000000000
BACKTESTER-001,QuantBT-001-001,ETHUSDT-PERP.BINANCE,BINANCE-1-535,ETHUSDT-PERP.BINANCE-QuantBT-001-001,BINANCE-001,T-569ae4e4b22bcb54-131445,MARKET,SELL,26.501,IOC,False,False,26.501,TAKER,1680.1,0.0,['17.80973204 USDT'],NO_TRIGGER,FILLED,NO_CONTINGENCY,,,,,,,,dd9d6710-70ce-432c-8afe-e9441d406aab,1696089600000000000,1696089600000000000
BACKTESTER-001,QuantBT-001-001,ETHUSDT-PERP.BINANCE,BINANCE-1-536,ETHUSDT-PERP.BINANCE-QuantBT-001-001,BINANCE-001,T-4baafde4a9df0768-131569,MARKET,BUY,26.501,IOC,False,False,26.501,TAKER,1733.39,0.0,['18.37462736 USDT'],NO_TRIGGER,FILLED,NO_CONTINGENCY,,,,,,,,1455eca8-9cb8-40b8-9976-358affe863e3,1696201200000000000,1696201200000000000
BACKTESTER-001,QuantBT-001-001,ETHUSDT-PERP.BINANCE,BINANCE-1-537,ETHUSDT-PERP.BINANCE-QuantBT-001-001,BINANCE-001,T-bec41f3f3985fe87-131769,MARKET,SELL,26.735,IOC,False,False,26.735,TAKER,1638.3,0.0,['17.51998020 USDT'],NO_TRIGGER,FILLED,NO_CONTINGENCY,,,,,,,,ba41ddec-9e0b-4dc8-95ec-6b126bff221e,1696381200000000000,1696381200000000000
BACKTESTER-001,QuantBT-001-001,ETHUSDT-PERP.BINANCE,BINANCE-1-538,ETHUSDT-PERP.BINANCE-QuantBT-001-001,BINANCE-001,T-499e98d1bab410b2-132045,MARKET,BUY,26.735,IOC,False,False,26.735,TAKER,1644.24,0.0,['17.58350256 USDT'],NO_TRIGGER,FILLED,NO_CONTINGENCY,,,,,,,,7ce01709-e39b-43c9-8eeb-8156d55ca81f,1696629600000000000,1696629600000000000
BACKTESTER-001,QuantBT-001-001,ETHUSDT-PERP.BINANCE,BINANCE-1-539,ETHUSDT-PERP.BINANCE-QuantBT-001-001,BINANCE-001,T-1d913a1d6f29ddca-132208,MARKET,BUY,26.802,IOC,False,False,26.802,TAKER,1630.63,0.0,['17.48165810 USDT'],NO_TRIGGER,FILLED,NO_CONTINGENCY,,,,,,,,ee774247-d2f1-40b4-8a5b-441c5e6e7a40,1696777200000000000,1696777200000000000
BACKTESTER-001,QuantBT-001-001,ETHUSDT-PERP.BINANCE,BINANCE-1-540,ETHUSDT-PERP.BINANCE-QuantBT-001-001,BINANCE-001,T-b2cf47b39cf59103-132280,MARKET,SELL,26.802,IOC,False,False,26.802,TAKER,1591.58,0.0,['17.06301086 USDT'],NO_TRIGGER,FILLED,NO_CONTINGENCY,,,,,,,,935afd6b-d2bd-4858-a816-35be1e6b90e5,1696842000000000000,1696842000000000000
BACKTESTER-001,QuantBT-001-001,ETHUSDT-PERP.BINANCE,BINANCE-1-541,ETHUSDT-PERP.BINANCE-QuantBT-001-001,BINANCE-001,T-07c0ce11b11340a5-132895,MARKET,BUY,27.673,IOC,False,False,27.673,TAKER,1559.76,0.0,['17.26529539 USDT'],NO_TRIGGER,FILLED,NO_CONTINGENCY,,,,,,,,9c2b3d08-6a70-4c22-bc12-151e28ed6879,1697396400000000000,1697396400000000000
BACKTESTER-001,QuantBT-001-001,ETHUSDT-PERP.BINANCE,BINANCE-1-542,ETHUSDT-PERP.BINANCE-QuantBT-001-001,BINANCE-001,T-fcfd5354645d74d4-132912,MARKET,SELL,27.673,IOC,False,False,27.673,TAKER,1557.25,0.0,['17.23751170 USDT'],NO_TRIGGER,FILLED,NO_CONTINGENCY,,,,,,,,288b3e5b-6424-4aa4-a9e6-4893b390055b,1697410800000000000,1697410800000000000
BACKTESTER-001,QuantBT-001-001,ETHUSDT-PERP.BINANCE,BINANCE-1-543,ETHUSDT-PERP.BINANCE-QuantBT-001-001,BINANCE-001,T-e90b952be01c9baf-132973,MARKET,SELL,27.181,IOC,False,False,27.181,TAKER,1586.09,0.0,['17.24460492 USDT'],NO_TRIGGER,FILLED,NO_CONTINGENCY,,,,,,,,332ee6c8-dc82-44f6-8c42-bd249eb94593,1697464800000000000,1697464800000000000
BACKTESTER-001,QuantBT-001-001,ETHUSDT-PERP.BINANCE,BINANCE-1-544,ETHUSDT-PERP.BINANCE-QuantBT-001-001,BINANCE-001,T-8b94ab64b9c5a81d-132998,MARKET,BUY,27.181,IOC,False,False,27.181,TAKER,1586.8,0.0,['17.25232432 USDT'],NO_TRIGGER,FILLED,NO_CONTINGENCY,,,,,,,,c658b5fa-bb87-4bbd-89fb-2e03e2631cdd,1697486400000000000,1697486400000000000
BACKTESTER-001,QuantBT-001-001,ETHUSDT-PERP.BINANCE,BINANCE-1-545,ETHUSDT-PERP.BINANCE-QuantBT-001-001,BINANCE-001,T-efc43891f7673f26-133311,MARKET,BUY,27.163,IOC,False,False,27.163,TAKER,1586.11,0.0,['17.23340237 USDT'],NO_TRIGGER,FILLED,NO_CONTINGENCY,,,,,,,,a039c51a-5a29-4f7c-8b77-37447ad7d30c,1697770800000000000,1697770800000000000
BACKTESTER-001,QuantBT-001-001,ETHUSDT-PERP.BINANCE,BINANCE-1-546,ETHUSDT-PERP.BINANCE-QuantBT-001-001,BINANCE-001,T-cb48ca9d7f1b58ea-133847,MARKET,SELL,27.163,IOC,False,False,27.163,TAKER,1790.43,0.0,['19.45338004 USDT'],NO_TRIGGER,FILLED,NO_CONTINGENCY,,,,,,,,ecb083f1-be58-4db5-9328-22d89ac83e91,1698253200000000000,1698253200000000000
BACKTESTER-001,QuantBT-001-001,ETHUSDT-PERP.BINANCE,BINANCE-1-547,ETHUSDT-PERP.BINANCE-QuantBT-001-001,BINANCE-001,T-fa88d9c05f3997e9-133920,MARKET,SELL,25.286,IOC,False,False,25.286,TAKER,1812.89,0.0,['18.33629462 USDT'],NO_TRIGGER,FILLED,NO_CONTINGENCY,,,,,,,,ab96ffe7-a7ed-4888-8dc4-b290a48d0a26,1698318000000000000,1698318000000000000
BACKTESTER-001,QuantBT-001-001,ETHUSDT-PERP.BINANCE,BINANCE-1-548,ETHUSDT-PERP.BINANCE-QuantBT-001-001,BINANCE-001,T-466b8ea79007300d-134295,MARKET,BUY,25.286,IOC,False,False,25.286,TAKER,1817.4,0.0,['18.38191056 USDT'],NO_TRIGGER,FILLED,NO_CONTINGENCY,,,,,,,,20c64efb-4e55-47f0-906c-71bbe66e5f9b,1698656400000000000,1698656400000000000
BACKTESTER-001,QuantBT-001-001,ETHUSDT-PERP.BINANCE,BINANCE-1-549,ETHUSDT-PERP.BINANCE-QuantBT-001-001,BINANCE-001,T-2e54b83df39e2e0c-134300,MARKET,BUY,25.222,IOC,False,False,25.222,TAKER,1814.5,0.0,['18.30612760 USDT'],NO_TRIGGER,FILLED,NO_CONTINGENCY,,,,,,,,f37d84a7-9170-48d3-b4c3-38090a2c0e70,1698660000000000000,1698660000000000000
BACKTESTER-001,QuantBT-001-001,ETHUSDT-PERP.BINANCE,BINANCE-1-550,ETHUSDT-PERP.BINANCE-QuantBT-001-001,BINANCE-001,T-0035b2ff7f61c287-134333,MARKET,SELL,25.222,IOC,False,False,25.222,TAKER,1800.21,0.0,['18.16195865 USDT'],NO_TRIGGER,FILLED,NO_CONTINGENCY,,,,,,,,d49ae58a-eed8-4e6d-a0c7-190dbd1a4cdb,1698688800000000000,1698688800000000000
BACKTESTER-001,QuantBT-001-001,ETHUSDT-PERP.BINANCE,BINANCE-1-551,ETHUSDT-PERP.BINANCE-QuantBT-001-001,BINANCE-001,T-2df1f74f359a2167-134530,MARKET,BUY,24.807,IOC,False,False,24.807,TAKER,1836.87,0.0,['18.22689364 USDT'],NO_TRIGGER,FILLED,NO_CONTINGENCY,,,,,,,,5ecd910e-312e-43d8-95a4-6790a783ec16,1698865200000000000,1698865200000000000
BACKTESTER-001,QuantBT-001-001,ETHUSDT-PERP.BINANCE,BINANCE-1-552,ETHUSDT-PERP.BINANCE-QuantBT-001-001,BINANCE-001,T-5ecf94a2309367fe-134618,MARKET,SELL,24.807,IOC,False,False,24.807,TAKER,1805.09,0.0,['17.91154705 USDT'],NO_TRIGGER,FILLED,NO_CONTINGENCY,,,,,,,,1308d986-72dd-4a18-9025-b2ba61bc1768,1698944400000000000,1698944400000000000
BACKTESTER-001,QuantBT-001-001,ETHUSDT-PERP.BINANCE,BINANCE-1-553,ETHUSDT-PERP.BINANCE-QuantBT-001-001,BINANCE-001,T-9c5b4f26fc80f83a-135093,MARKET,BUY,24.289,IOC,False,False,24.289,TAKER,1859.02,0.0,['18.06149471 USDT'],NO_TRIGGER,FILLED,NO_CONTINGENCY,,,,,,,,16843c7f-dbab-453e-8377-a4eb1d8d6165,1699372800000000000,1699372800000000000
BACKTESTER-001,QuantBT-001-001,ETHUSDT-PERP.BINANCE,BINANCE-1-554,ETHUSDT-PERP.BINANCE-QuantBT-001-001,BINANCE-001,T-42ab4316771702a2-135213,MARKET,SELL,24.289,IOC,False,False,24.289,TAKER,1891.47,0.0,['18.37676593 USDT'],NO_TRIGGER,FILLED,NO_CONTINGENCY,,,,,,,,eabe8b2c-6243-4378-9387-06f8a69b3857,1699480800000000000,1699480800000000000
BACKTESTER-001,QuantBT-001-001,ETHUSDT-PERP.BINANCE,BINANCE-1-555,ETHUSDT-PERP.BINANCE-QuantBT-001-001,BINANCE-001,T-f02712355d0a0df4-135282,MARKET,BUY,22.324,IOC,False,False,22.324,TAKER,2039.56,0.0,['18.21245498 USDT'],NO_TRIGGER,FILLED,NO_CONTINGENCY,,,,,,,,4c17f1f2-274f-405c-ae4d-6e74495ba3fc,1699542000000000000,1699542000000000000
BACKTESTER-001,QuantBT-001-001,ETHUSDT-PERP.BINANCE,BINANCE-1-556,ETHUSDT-PERP.BINANCE-QuantBT-001-001,BINANCE-001,T-a780c22256e9d6bf-135606,MARKET,SELL,22.324,IOC,False,False,22.324,TAKER,2055.42,0.0,['18.35407843 USDT'],NO_TRIGGER,FILLED,NO_CONTINGENCY,,,,,,,,f9082b13-6415-4b37-bcba-6504b438e8a7,1699833600000000000,1699833600000000000
BACKTESTER-001,QuantBT-001-001,ETHUSDT-PERP.BINANCE,BINANCE-1-557,ETHUSDT-PERP.BINANCE-QuantBT-001-001,BINANCE-001,T-8457ef3058b3225c-135615,MARKET,BUY,22.125,IOC,False,False,22.125,TAKER,2065.01,0.0,['18.27533850 USDT'],NO_TRIGGER,FILLED,NO_CONTINGENCY,,,,,,,,909017d9-4404-42dd-8f50-41e26f43aee8,1699840800000000000,1699840800000000000
BACKTESTER-001,QuantBT-001-001,ETHUSDT-PERP.BINANCE,BINANCE-1-558,ETHUSDT-PERP.BINANCE-QuantBT-001-001,BINANCE-001,T-1d513c188b3d7f7b-135632,MARKET,SELL,22.125,IOC,False,False,22.125,TAKER,2041.64,0.0,['18.06851400 USDT'],NO_TRIGGER,FILLED,NO_CONTINGENCY,,,,,,,,45cda089-645f-4602-848c-b8b35977a880,1699855200000000000,1699855200000000000
BACKTESTER-001,QuantBT-001-001,ETHUSDT-PERP.BINANCE,BINANCE-1-559,ETHUSDT-PERP.BINANCE-QuantBT-001-001,BINANCE-001,T-c884f0c30b1bffda-135697,MARKET,SELL,22.045,IOC,False,False,22.045,TAKER,2060.0,0.0,['18.16508000 USDT'],NO_TRIGGER,FILLED,NO_CONTINGENCY,,,,,,,,a911acad-6f20-4951-98f5-2156120f1b8b,1699912800000000000,1699912800000000000
BACKTESTER-001,QuantBT-001-001,ETHUSDT-PERP.BINANCE,BINANCE-1-560,ETHUSDT-PERP.BINANCE-QuantBT-001-001,BINANCE-001,T-2dcf324a352baa34-135786,MARKET,BUY,22.045,IOC,False,False,22.045,TAKER,1976.26,0.0,['17.42666068 USDT'],NO_TRIGGER,FILLED,NO_CONTINGENCY,,,,,,,,f278cca9-0993-4f12-9df1-c9f078f04472,1699992000000000000,1699992000000000000
BACKTESTER-001,QuantBT-001-001,ETHUSDT-PERP.BINANCE,BINANCE-1-561,ETHUSDT-PERP.BINANCE-QuantBT-001-001,BINANCE-001,T-33b64c8825ac510b-136331,MARKET,SELL,22.924,IOC,False,False,22.924,TAKER,2020.5,0.0,['18.52717680 USDT'],NO_TRIGGER,FILLED,NO_CONTINGENCY,,,,,,,,d1619f6b-1003-4aa9-82ce-31b81ef9d67d,1700481600000000000,1700481600000000000
BACKTESTER-001,QuantBT-001-001,ETHUSDT-PERP.BINANCE,BINANCE-1-562,ETHUSDT-PERP.BINANCE-QuantBT-001-001,BINANCE-001,T-ec69998a70180c20-136348,MARKET,BUY,22.924,IOC,False,False,22.924,TAKER,2020.89,0.0,['18.53075294 USDT'],NO_TRIGGER,FILLED,NO_CONTINGENCY,,,,,,,,cfb0464f-b5b3-4fa3-94ab-7c8185718762,1700496000000000000,1700496000000000000
BACKTESTER-001,QuantBT-001-001,ETHUSDT-PERP.BINANCE,BINANCE-1-563,ETHUSDT-PERP.BINANCE-QuantBT-001-001,BINANCE-001,T-fbb3a26ccc6e13a2-136544,MARKET,SELL,22.757,IOC,False,False,22.757,TAKER,2034.29,0.0,['18.51773501 USDT'],NO_TRIGGER,FILLED,NO_CONTINGENCY,,,,,,,,5d738630-39a9-48ea-bbce-9198ea6067ff,1700672400000000000,1700672400000000000
BACKTESTER-001,QuantBT-001-001,ETHUSDT-PERP.BINANCE,BINANCE-1-564,ETHUSDT-PERP.BINANCE-QuantBT-001-001,BINANCE-001,T-e25d3a424e25bee1-136553,MARKET,BUY,22.757,IOC,False,False,22.757,TAKER,2077.35,0.0,['18.90970158 USDT'],NO_TRIGGER,FILLED,NO_CONTINGENCY,,,,,,,,a3f83fce-fdd4-4aea-941c-89684a043c48,1700679600000000000,1700679600000000000
BACKTESTER-001,QuantBT-001-001,ETHUSDT-PERP.BINANCE,BINANCE-1-565,ETHUSDT-PERP.BINANCE-QuantBT-001-001,BINANCE-001,T-272b3b94f4e10dda-136738,MARKET,SELL,21.752,IOC,False,False,21.752,TAKER,2104.87,0.0,['18.31405290 USDT'],NO_TRIGGER,FILLED,NO_CONTINGENCY,,,,,,,,69034067-09aa-4620-9211-0e0a11851d68,1700845200000000000,1700845200000000000
BACKTESTER-001,QuantBT-001-001,ETHUSDT-PERP.BINANCE,BINANCE-1-566,ETHUSDT-PERP.BINANCE-QuantBT-001-001,BINANCE-001,T-60c8951a562afed6-136947,MARKET,BUY,21.752,IOC,False,False,21.752,TAKER,2073.9,0.0,['18.04458912 USDT'],NO_TRIGGER,FILLED,NO_CONTINGENCY,,,,,,,,5ac3458a-9a60-4e6f-8bdc-d19ba3827b73,1701032400000000000,1701032400000000000
BACKTESTER-001,QuantBT-001-001,ETHUSDT-PERP.BINANCE,BINANCE-1-567,ETHUSDT-PERP.BINANCE-QuantBT-001-001,BINANCE-001,T-653daa515916d411-137128,MARKET,BUY,22.413,IOC,False,False,22.413,TAKER,2057.02,0.0,['18.44159570 USDT'],NO_TRIGGER,FILLED,NO_CONTINGENCY,,,,,,,,476bc76d-bda1-4b35-9830-c5b3517e0a2f,1701194400000000000,1701194400000000000
BACKTESTER-001,QuantBT-001-001,ETHUSDT-PERP.BINANCE,BINANCE-1-568,ETHUSDT-PERP.BINANCE-QuantBT-001-001,BINANCE-001,T-d5bb61bb13b5ead3-137149,MARKET,SELL,22.413,IOC,False,False,22.413,TAKER,2048.2,0.0,['18.36252264 USDT'],NO_TRIGGER,FILLED,NO_CONTINGENCY,,,,,,,,a6a40114-c798-434a-9d81-c06e027a719e,1701212400000000000,1701212400000000000
BACKTESTER-001,QuantBT-001-001,ETHUSDT-PERP.BINANCE,BINANCE-1-569,ETHUSDT-PERP.BINANCE-QuantBT-001-001,BINANCE-001,T-73b910e7046081c0-137518,MARKET,BUY,21.299,IOC,False,False,21.299,TAKER,2159.1,0.0,['18.39466836 USDT'],NO_TRIGGER,FILLED,NO_CONTINGENCY,,,,,,,,5c6b5d6d-3152-4f9b-9a6b-9bc25d3eeafa,1701543600000000000,1701543600000000000
BACKTESTER-001,QuantBT-001-001,ETHUSDT-PERP.BINANCE,BINANCE-1-570,ETHUSDT-PERP.BINANCE-QuantBT-001-001,BINANCE-001,T-deac2a00d241bfa7-138150,MARKET,SELL,21.299,IOC,False,False,21.299,TAKER,2360.05,0.0,['20.10668198 USDT'],NO_TRIGGER,FILLED,NO_CONTINGENCY,,,,,,,,4108d350-87f2-4180-afa3-dbb93550dd49,1702112400000000000,1702112400000000000
BACKTESTER-001,QuantBT-001-001,ETHUSDT-PERP.BINANCE,BINANCE-1-571,ETHUSDT-PERP.BINANCE-QuantBT-001-001,BINANCE-001,T-77c849880fda513c-138508,MARKET,BUY,22.197,IOC,False,False,22.197,TAKER,2167.28,0.0,['19.24284566 USDT'],NO_TRIGGER,FILLED,NO_CONTINGENCY,,,,,,,,f3cce26a-6ca9-4396-afba-044a469bb38c,1702436400000000000,1702436400000000000
BACKTESTER-001,QuantBT-001-001,ETHUSDT-PERP.BINANCE,BINANCE-1-572,ETHUSDT-PERP.BINANCE-QuantBT-001-001,BINANCE-001,T-a9052d711b626a30-138517,MARKET,SELL,22.197,IOC,False,False,22.197,TAKER,2174.67,0.0,['19.30846000 USDT'],NO_TRIGGER,FILLED,NO_CONTINGENCY,,,,,,,,b263546a-8396-4cf9-aedf-f613d968b04d,1702443600000000000,1702443600000000000
BACKTESTER-001,QuantBT-001-001,ETHUSDT-PERP.BINANCE,BINANCE-1-573,ETHUSDT-PERP.BINANCE-QuantBT-001-001,BINANCE-001,T-0fb4131e4a689c77-139233,MARKET,SELL,21.652,IOC,False,False,21.652,TAKER,2224.76,0.0,['19.26820141 USDT'],NO_TRIGGER,FILLED,NO_CONTINGENCY,,,,,,,,85a4a67d-6f17-4d48-bf55-ce2472b753d9,1703088000000000000,1703088000000000000
BACKTESTER-001,QuantBT-001-001,ETHUSDT-PERP.BINANCE,BINANCE-1-574,ETHUSDT-PERP.BINANCE-QuantBT-001-001,BINANCE-001,T-fcffc53d87507a68-139318,MARKET,BUY,21.652,IOC,False,False,21.652,TAKER,2253.5,0.0,['19.51711280 USDT'],NO_TRIGGER,FILLED,NO_CONTINGENCY,,,,,,,,8ef888f4-92f3-4b64-9f90-66fb0af7b778,1703163600000000000,1703163600000000000
BACKTESTER-001,QuantBT-001-001,ETHUSDT-PERP.BINANCE,BINANCE-1-575,ETHUSDT-PERP.BINANCE-QuantBT-001-001,BINANCE-001,T-054353ff6427ad68-139327,MARKET,SELL,21.410,IOC,False,False,21.410,TAKER,2234.5,0.0,['19.13625800 USDT'],NO_TRIGGER,FILLED,NO_CONTINGENCY,,,,,,,,91fc4dc9-8e62-444b-abf6-d9ef40a8b265,1703170800000000000,1703170800000000000
BACKTESTER-001,QuantBT-001-001,ETHUSDT-PERP.BINANCE,BINANCE-1-576,ETHUSDT-PERP.BINANCE-QuantBT-001-001,BINANCE-001,T-645fc64c576b8017-139340,MARKET,BUY,21.410,IOC,False,False,21.410,TAKER,2231.96,0.0,['19.11450544 USDT'],NO_TRIGGER,FILLED,NO_CONTINGENCY,,,,,,,,cd1f62e4-e73c-4f10-b84c-d309cda55806,1703181600000000000,1703181600000000000
BACKTESTER-001,QuantBT-001-001,ETHUSDT-PERP.BINANCE,BINANCE-1-577,ETHUSDT-PERP.BINANCE-QuantBT-001-001,BINANCE-001,T-909e2931bfe54cec-139401,MARKET,BUY,20.642,IOC,False,False,20.642,TAKER,2318.03,0.0,['19.13951010 USDT'],NO_TRIGGER,FILLED,NO_CONTINGENCY,,,,,,,,10afff39-ac01-41aa-a479-7b19e54f38db,1703235600000000000,1703235600000000000
BACKTESTER-001,QuantBT-001-001,ETHUSDT-PERP.BINANCE,BINANCE-1-578,ETHUSDT-PERP.BINANCE-QuantBT-001-001,BINANCE-001,T-093f70d2f01d4a86-139650,MARKET,SELL,20.642,IOC,False,False,20.642,TAKER,2265.43,0.0,['18.70520242 USDT'],NO_TRIGGER,FILLED,NO_CONTINGENCY,,,,,,,,2026fb4d-d0b9-48cb-af06-38c6eaf66116,1703458800000000000,1703458800000000000
BACKTESTER-001,QuantBT-001-001,ETHUSDT-PERP.BINANCE,BINANCE-1-579,ETHUSDT-PERP.BINANCE-QuantBT-001-001,BINANCE-001,T-8707bd375e9914a0-139723,MARKET,SELL,20.723,IOC,False,False,20.723,TAKER,2281.85,0.0,['18.91471102 USDT'],NO_TRIGGER,FILLED,NO_CONTINGENCY,,,,,,,,cc0a3e3f-2d23-4eba-9bf9-e365d73b6469,1703523600000000000,1703523600000000000
BACKTESTER-001,QuantBT-001-001,ETHUSDT-PERP.BINANCE,BINANCE-1-580,ETHUSDT-PERP.BINANCE-QuantBT-001-001,BINANCE-001,T-584823e683b927e4-139908,MARKET,BUY,20.723,IOC,False,False,20.723,TAKER,2345.01,0.0,['19.43825689 USDT'],NO_TRIGGER,FILLED,NO_CONTINGENCY,,,,,,,,a14accc9-aaf5-4b8b-8d8f-96b94ca4ff11,1703689200000000000,1703689200000000000
BACKTESTER-001,QuantBT-001-001,ETHUSDT-PERP.BINANCE,BINANCE-1-581,ETHUSDT-PERP.BINANCE-QuantBT-001-001,BINANCE-001,T-475f433aa9dc3285-140105,MARKET,SELL,20.259,IOC,False,False,20.259,TAKER,2300.87,0.0,['18.64533013 USDT'],NO_TRIGGER,FILLED,NO_CONTINGENCY,,,,,,,,9ba39358-bc8c-46db-91d1-6a6c819f09cb,1703865600000000000,1703865600000000000
BACKTESTER-001,QuantBT-001-001,ETHUSDT-PERP.BINANCE,BINANCE-1-582,ETHUSDT-PERP.BINANCE-QuantBT-001-001,BINANCE-001,T-70139a9913129290-140430,MARKET,BUY,20.259,IOC,False,False,20.259,TAKER,2382.05,0.0,['19.30318038 USDT'],NO_TRIGGER,FILLED,NO_CONTINGENCY,,,,,,,,4f3a2b6b-3cb4-4761-b61a-a449c9ba05f8,1704157200000000000,1704157200000000000
BACKTESTER-001,QuantBT-001-001,ETHUSDT-PERP.BINANCE,BINANCE-1-583,ETHUSDT-PERP.BINANCE-QuantBT-001-001,BINANCE-001,T-dc65d64a5027e886-140435,MARKET,SELL,19.191,IOC,False,False,19.191,TAKER,2385.0,0.0,['18.30821400 USDT'],NO_TRIGGER,FILLED,NO_CONTINGENCY,,,,,,,,94142ac9-c040-4cc4-a996-90bdf31747a4,1704160800000000000,1704160800000000000
BACKTESTER-001,QuantBT-001-001,ETHUSDT-PERP.BINANCE,BINANCE-1-584,ETHUSDT-PERP.BINANCE-QuantBT-001-001,BINANCE-001,T-734f7c489e4d9c7a-140463,MARKET,BUY,19.191,IOC,False,False,19.191,TAKER,2417.03,0.0,['18.55408909 USDT'],NO_TRIGGER,FILLED,NO_CONTINGENCY,,,,,,,,b42fcfba-1c14-4148-8e2f-7d66257637c8,1704186000000000000,1704186000000000000
BACKTESTER-001,QuantBT-001-001,ETHUSDT-PERP.BINANCE,BINANCE-1-585,ETHUSDT-PERP.BINANCE-QuantBT-001-001,BINANCE-001,T-56e04524021ac40b-140572,MARKET,SELL,20.202,IOC,False,False,20.202,TAKER,2249.55,0.0,['18.17816364 USDT'],NO_TRIGGER,FILLED,NO_CONTINGENCY,,,,,,,,bb97d40e-7048-4045-9384-1b77289d509d,1704283200000000000,1704283200000000000
BACKTESTER-001,QuantBT-001-001,ETHUSDT-PERP.BINANCE,BINANCE-1-586,ETHUSDT-PERP.BINANCE-QuantBT-001-001,BINANCE-001,T-f39eae2e0b8b0b60-141079,MARKET,BUY,20.202,IOC,False,False,20.202,TAKER,2355.24,0.0,['19.03222339 USDT'],NO_TRIGGER,FILLED,NO_CONTINGENCY,,,,,,,,16b8b4b3-29cc-4559-a316-2e390924545a,1704740400000000000,1704740400000000000
BACKTESTER-001,QuantBT-001-001,ETHUSDT-PERP.BINANCE,BINANCE-1-587,ETHUSDT-PERP.BINANCE-QuantBT-001-001,BINANCE-001,T-7b6cee3f13a2849a-141292,MARKET,BUY,17.015,IOC,False,False,17.015,TAKER,2607.06,0.0,['17.74365036 USDT'],NO_TRIGGER,FILLED,NO_CONTINGENCY,,,,,,,,20c1a244-7631-440c-be5a-a882729518e9,1704931200000000000,1704931200000000000
BACKTESTER-001,QuantBT-001-001,ETHUSDT-PERP.BINANCE,BINANCE-1-588,ETHUSDT-PERP.BINANCE-QuantBT-001-001,BINANCE-001,T-95a5160d40144426-141457,MARKET,SELL,17.015,IOC,False,False,17.015,TAKER,2604.52,0.0,['17.72636312 USDT'],NO_TRIGGER,FILLED,NO_CONTINGENCY,,,,,,,,0d63b721-837e-4986-b297-b34ea5f6d376,1705078800000000000,1705078800000000000
BACKTESTER-001,QuantBT-001-001,ETHUSDT-PERP.BINANCE,BINANCE-1-589,ETHUSDT-PERP.BINANCE-QuantBT-001-001,BINANCE-001,T-83cde00f312c50ba-141830,MARKET,SELL,17.482,IOC,False,False,17.482,TAKER,2535.18,0.0,['17.72800670 USDT'],NO_TRIGGER,FILLED,NO_CONTINGENCY,,,,,,,,8637339f-09cf-4efe-a81a-22f59ce8787a,1705413600000000000,1705413600000000000
BACKTESTER-001,QuantBT-001-001,ETHUSDT-PERP.BINANCE,BINANCE-1-590,ETHUSDT-PERP.BINANCE-QuantBT-001-001,BINANCE-001,T-e1808b165b192a3c-141839,MARKET,BUY,17.482,IOC,False,False,17.482,TAKER,2575.37,0.0,['18.00904734 USDT'],NO_TRIGGER,FILLED,NO_CONTINGENCY,,,,,,,,5cc8406b-f97d-486d-8612-5e8dc5a00dd8,1705420800000000000,1705420800000000000
BACKTESTER-001,QuantBT-001-001,ETHUSDT-PERP.BINANCE,BINANCE-1-591,ETHUSDT-PERP.BINANCE-QuantBT-001-001,BINANCE-001,T-989b16823757471d-142036,MARKET,SELL,17.712,IOC,False,False,17.712,TAKER,2481.42,0.0,['17.58036442 USDT'],NO_TRIGGER,FILLED,NO_CONTINGENCY,,,,,,,,86751029-37c7-4961-a906-2501e7328f15,1705597200000000000,1705597200000000000
BACKTESTER-001,QuantBT-001-001,ETHUSDT-PERP.BINANCE,BINANCE-1-592,ETHUSDT-PERP.BINANCE-QuantBT-001-001,BINANCE-001,T-ccaf0323a895eefa-142388,MARKET,BUY,17.712,IOC,False,False,17.712,TAKER,2389.26,0.0,['16.92742925 USDT'],NO_TRIGGER,FILLED,NO_CONTINGENCY,,,,,,,,b501e76f-eba6-4c73-9f98-eaba6f929261,1705914000000000000,1705914000000000000
BACKTESTER-001,QuantBT-001-001,ETHUSDT-PERP.BINANCE,BINANCE-1-593,ETHUSDT-PERP.BINANCE-QuantBT-001-001,BINANCE-001,T-f4356381992642e7-142784,MARKET,BUY,19.919,IOC,False,False,19.919,TAKER,2246.62,0.0,['17.90016951 USDT'],NO_TRIGGER,FILLED,NO_CONTINGENCY,,,,,,,,3daa20c5-5d99-46cd-a3d7-afb7c977ecdd,1706270400000000000,1706270400000000000
BACKTESTER-001,QuantBT-001-001,ETHUSDT-PERP.BINANCE,BINANCE-1-594,ETHUSDT-PERP.BINANCE-QuantBT-001-001,BINANCE-001,T-1d9a2b034006851e-143321,MARKET,SELL,19.919,IOC,False,False,19.919,TAKER,2259.77,0.0,['18.00494345 USDT'],NO_TRIGGER,FILLED,NO_CONTINGENCY,,,,,,,,13659050-0807-4f70-a649-c0c4977263bc,1706752800000000000,1706752800000000000
BACKTESTER-001,QuantBT-001-001,ETHUSDT-PERP.BINANCE,BINANCE-1-595,ETHUSDT-PERP.BINANCE-QuantBT-001-001,BINANCE-001,T-2c231e4141c86573-143676,MARKET,SELL,19.687,IOC,False,False,19.687,TAKER,2278.82,0.0,['17.94525174 USDT'],NO_TRIGGER,FILLED,NO_CONTINGENCY,,,,,,,,9d3baf8b-5d90-4a19-bcdd-8b9f3cd1130b,1707073200000000000,1707073200000000000
BACKTESTER-001,QuantBT-001-001,ETHUSDT-PERP.BINANCE,BINANCE-1-596,ETHUSDT-PERP.BINANCE-QuantBT-001-001,BINANCE-001,T-56523b2f6fbd081e-143733,MARKET,BUY,19.687,IOC,False,False,19.687,TAKER,2320.39,0.0,['18.27260717 USDT'],NO_TRIGGER,FILLED,NO_CONTINGENCY,,,,,,,,24245d52-f36b-45c9-aced-5e7641d2d4b0,1707123600000000000,1707123600000000000
BACKTESTER-001,QuantBT-001-001,ETHUSDT-PERP.BINANCE,BINANCE-1-597,ETHUSDT-PERP.BINANCE-QuantBT-001-001,BINANCE-001,T-f5600757a66f4351-143761,MARKET,SELL,19.317,IOC,False,False,19.317,TAKER,2300.31,0.0,['17.77403531 USDT'],NO_TRIGGER,FILLED,NO_CONTINGENCY,,,,,,,,efb9323e-30ce-4475-b8cf-0d3c5474e11b,1707148800000000000,1707148800000000000
BACKTESTER-001,QuantBT-001-001,ETHUSDT-PERP.BINANCE,BINANCE-1-598,ETHUSDT-PERP.BINANCE-QuantBT-001-001,BINANCE-001,T-29ca79ab1c716b78-143806,MARKET,BUY,19.317,IOC,False,False,19.317,TAKER,2315.79,0.0,['17.89364617 USDT'],NO_TRIGGER,FILLED,NO_CONTINGENCY,,,,,,,,baf4b309-fe19-4466-8a8b-4dbb27e4d7e7,1707188400000000000,1707188400000000000
BACKTESTER-001,QuantBT-001-001,ETHUSDT-PERP.BINANCE,BINANCE-1-599,ETHUSDT-PERP.BINANCE-QuantBT-001-001,BINANCE-001,T-7302cf04abf22ec8-143959,MARKET,BUY,18.372,IOC,False,False,18.372,TAKER,2409.59,0.0,['17.70759499 USDT'],NO_TRIGGER,FILLED,NO_CONTINGENCY,,,,,,,,8e6b0505-b705-4d6d-9ebd-61c86aea504b,1707325200000000000,1707325200000000000
BACKTESTER-001,QuantBT-001-001,ETHUSDT-PERP.BINANCE,BINANCE-1-600,ETHUSDT-PERP.BINANCE-QuantBT-001-001,BINANCE-001,T-f082ee8fae59368f-144144,MARKET,SELL,18.372,IOC,False,False,18.372,TAKER,2494.24,0.0,['18.32967091 USDT'],NO_TRIGGER,FILLED,NO_CONTINGENCY,,,,,,,,bdb5f541-5a59-460d-aebd-6802866bcae6,1707490800000000000,1707490800000000000
BACKTESTER-001,QuantBT-001-001,ETHUSDT-PERP.BINANCE,BINANCE-1-601,ETHUSDT-PERP.BINANCE-QuantBT-001-001,BINANCE-001,T-15b2042042850782-145040,MARKET,BUY,15.615,IOC,False,False,15.615,TAKER,2883.58,0.0,['18.01084068 USDT'],NO_TRIGGER,FILLED,NO_CONTINGENCY,,,,,,,,7b995a14-0d65-46f3-a5cd-6e840fd0117f,1708297200000000000,1708297200000000000
BACKTESTER-001,QuantBT-001-001,ETHUSDT-PERP.BINANCE,BINANCE-1-602,ETHUSDT-PERP.BINANCE-QuantBT-001-001,BINANCE-001,T-c2b6fc830a18869d-145954,MARKET,SELL,15.615,IOC,False,False,15.615,TAKER,3315.79,0.0,['20.71042434 USDT'],NO_TRIGGER,FILLED,NO_CONTINGENCY,,,,,,,,c7433c79-0dc6-4446-89e5-2302f72a8792,1709121600000000000,1709121600000000000
BACKTESTER-001,QuantBT-001-001,ETHUSDT-PERP.BINANCE,BINANCE-1-603,ETHUSDT-PERP.BINANCE-QuantBT-001-001,BINANCE-001,T-e5ca75a139be2432-145979,MARKET,SELL,14.564,IOC,False,False,14.564,TAKER,3322.06,0.0,['19.35299274 USDT'],NO_TRIGGER,FILLED,NO_CONTINGENCY,,,,,,,,391cb960-4066-4302-b90f-7d8fa850cb22,1709143200000000000,1709143200000000000
BACKTESTER-001,QuantBT-001-001,ETHUSDT-PERP.BINANCE,BINANCE-1-604,ETHUSDT-PERP.BINANCE-QuantBT-001-001,BINANCE-001,T-db15d5e666f5126d-146008,MARKET,BUY,14.564,IOC,False,False,14.564,TAKER,3423.62,0.0,['19.94464067 USDT'],NO_TRIGGER,FILLED,NO_CONTINGENCY,,,,,,,,9492e918-deeb-4e8b-86fb-725abfcf2db2,1709168400000000000,1709168400000000000
BACKTESTER-001,QuantBT-001-001,ETHUSDT-PERP.BINANCE,BINANCE-1-605,ETHUSDT-PERP.BINANCE-QuantBT-001-001,BINANCE-001,T-409013f834839b99-146359,MARKET,BUY,13.749,IOC,False,False,13.749,TAKER,3463.84,0.0,['19.04973446 USDT'],NO_TRIGGER,FILLED,NO_CONTINGENCY,,,,,,,,d4fd6d8a-cd6b-4173-ad70-32aaaf2bb40f,1709485200000000000,1709485200000000000
BACKTESTER-001,QuantBT-001-001,ETHUSDT-PERP.BINANCE,BINANCE-1-606,ETHUSDT-PERP.BINANCE-QuantBT-001-001,BINANCE-001,T-5ff997de6acaf039-146392,MARKET,SELL,13.749,IOC,False,False,13.749,TAKER,3482.04,0.0,['19.14982718 USDT'],NO_TRIGGER,FILLED,NO_CONTINGENCY,,,,,,,,9c79401c-a2ef-49ab-a381-1504aef740e6,1709514000000000000,1709514000000000000
BACKTESTER-001,QuantBT-001-001,ETHUSDT-PERP.BINANCE,BINANCE-1-607,ETHUSDT-PERP.BINANCE-QuantBT-001-001,BINANCE-001,T-6fad9fe0dfacffc2-146548,MARKET,SELL,12.917,IOC,False,False,12.917,TAKER,3695.0,0.0,['19.09132600 USDT'],NO_TRIGGER,FILLED,NO_CONTINGENCY,,,,,,,,968cd61c-58ba-42d0-97f1-2543bc1a6b94,1709654400000000000,1709654400000000000
BACKTESTER-001,QuantBT-001-001,ETHUSDT-PERP.BINANCE,BINANCE-1-608,ETHUSDT-PERP.BINANCE-QuantBT-001-001,BINANCE-001,T-1fd2f83179e28b1a-146617,MARKET,BUY,12.917,IOC,False,False,12.917,TAKER,3796.87,0.0,['19.61766792 USDT'],NO_TRIGGER,FILLED,NO_CONTINGENCY,,,,,,,,6ffb1c89-2ea9-4ad4-904c-c3aefce9315e,1709715600000000000,1709715600000000000
BACKTESTER-001,QuantBT-001-001,ETHUSDT-PERP.BINANCE,BINANCE-1-609,ETHUSDT-PERP.BINANCE-QuantBT-001-001,BINANCE-001,T-7529c582f344f2d8-146838,MARKET,SELL,12.038,IOC,False,False,12.038,TAKER,3908.63,0.0,['18.82083518 USDT'],NO_TRIGGER,FILLED,NO_CONTINGENCY,,,,,,,,990228bb-efa7-47bf-acb1-9a048e4d5d49,1709913600000000000,1709913600000000000
BACKTESTER-001,QuantBT-001-001,ETHUSDT-PERP.BINANCE,BINANCE-1-610,ETHUSDT-PERP.BINANCE-QuantBT-001-001,BINANCE-001,T-dbc2aa7e02374445-146847,MARKET,BUY,12.038,IOC,False,False,12.038,TAKER,3931.75,0.0,['18.93216260 USDT'],NO_TRIGGER,FILLED,NO_CONTINGENCY,,,,,,,,a5905162-5900-43d1-b4b1-69e1024b37db,1709920800000000000,1709920800000000000
BACKTESTER-001,QuantBT-001-001,ETHUSDT-PERP.BINANCE,BINANCE-1-611,ETHUSDT-PERP.BINANCE-QuantBT-001-001,BINANCE-001,T-39ddf819343ceac2-147211,MARKET,BUY,11.639,IOC,False,False,11.639,TAKER,4028.94,0.0,['18.75713306 USDT'],NO_TRIGGER,FILLED,NO_CONTINGENCY,,,,,,,,ac54d4d2-4d3a-41d7-a104-fd74cf876bbd,1710248400000000000,1710248400000000000
BACKTESTER-001,QuantBT-001-001,ETHUSDT-PERP.BINANCE,BINANCE-1-612,ETHUSDT-PERP.BINANCE-QuantBT-001-001,BINANCE-001,T-4b4fad215488808d-147224,MARKET,SELL,11.639,IOC,False,False,11.639,TAKER,3925.46,0.0,['18.27537158 USDT'],NO_TRIGGER,FILLED,NO_CONTINGENCY,,,,,,,,ad4d3d47-e812-488e-a83b-3298db485b10,1710259200000000000,1710259200000000000
BACKTESTER-001,QuantBT-001-001,ETHUSDT-PERP.BINANCE,BINANCE-1-613,ETHUSDT-PERP.BINANCE-QuantBT-001-001,BINANCE-001,T-48fe28576d4990c2-147460,MARKET,SELL,12.423,IOC,False,False,12.423,TAKER,3724.84,0.0,['18.50947493 USDT'],NO_TRIGGER,FILLED,NO_CONTINGENCY,,,,,,,,f47227d4-2c49-454d-b9bd-4692f4aa6ef2,1710471600000000000,1710471600000000000
BACKTESTER-001,QuantBT-001-001,ETHUSDT-PERP.BINANCE,BINANCE-1-614,ETHUSDT-PERP.BINANCE-QuantBT-001-001,BINANCE-001,T-18b3740448a8d3fb-147528,MARKET,BUY,12.423,IOC,False,False,12.423,TAKER,3632.19,0.0,['18.04907855 USDT'],NO_TRIGGER,FILLED,NO_CONTINGENCY,,,,,,,,7debdf9f-c272-4298-a29b-82834648a4fc,1710532800000000000,1710532800000000000
BACKTESTER-001,QuantBT-001-001,ETHUSDT-PERP.BINANCE,BINANCE-1-615,ETHUSDT-PERP.BINANCE-QuantBT-001-001,BINANCE-001,T-c65a0efd4b3260ed-147993,MARKET,SELL,14.439,IOC,False,False,14.439,TAKER,3243.41,0.0,['18.73263880 USDT'],NO_TRIGGER,FILLED,NO_CONTINGENCY,,,,,,,,9557e63b-42ef-4bbd-8e82-bbab7a6a92f5,1710950400000000000,1710950400000000000
BACKTESTER-001,QuantBT-001-001,ETHUSDT-PERP.BINANCE,BINANCE-1-616,ETHUSDT-PERP.BINANCE-QuantBT-001-001,BINANCE-001,T-ea10e9a543134da0-148002,MARKET,BUY,14.439,IOC,False,False,14.439,TAKER,3400.66,0.0,['19.64085190 USDT'],NO_TRIGGER,FILLED,NO_CONTINGENCY,,,,,,,,446584bb-9c20-4388-ac2b-60ff15b205aa,1710957600000000000,1710957600000000000
BACKTESTER-001,QuantBT-001-001,ETHUSDT-PERP.BINANCE,BINANCE-1-617,ETHUSDT-PERP.BINANCE-QuantBT-001-001,BINANCE-001,T-0bada4031150d495-148471,MARKET,BUY,12.743,IOC,False,False,12.743,TAKER,3584.48,0.0,['18.27081146 USDT'],NO_TRIGGER,FILLED,NO_CONTINGENCY,,,,,,,,79e853c7-9df8-4dda-81c5-e28bdd559e8d,1711378800000000000,1711378800000000000
BACKTESTER-001,QuantBT-001-001,ETHUSDT-PERP.BINANCE,BINANCE-1-618,ETHUSDT-PERP.BINANCE-QuantBT-001-001,BINANCE-001,T-497637cf8d8b3605-148659,MARKET,SELL,12.743,IOC,False,False,12.743,TAKER,3562.1,0.0,['18.15673612 USDT'],NO_TRIGGER,FILLED,NO_CONTINGENCY,,,,,,,,cb44ef32-15b6-40f3-99c4-25bdf66a1d64,1711548000000000000,1711548000000000000
BACKTESTER-001,QuantBT-001-001,ETHUSDT-PERP.BINANCE,BINANCE-1-619,ETHUSDT-PERP.BINANCE-QuantBT-001-001,BINANCE-001,T-ed755b1e83c78818-149190,MARKET,SELL,13.515,IOC,False,False,13.515,TAKER,3367.81,0.0,['18.20638086 USDT'],NO_TRIGGER,FILLED,NO_CONTINGENCY,,,,,,,,cc5c2c83-bfe9-4d78-94c2-0a49aa11f928,1712026800000000000,1712026800000000000
BACKTESTER-001,QuantBT-001-001,ETHUSDT-PERP.BINANCE,BINANCE-1-620,ETHUSDT-PERP.BINANCE-QuantBT-001-001,BINANCE-001,T-3690d64a5f80e25f-149235,MARKET,BUY,13.515,IOC,False,False,13.515,TAKER,3294.81,0.0,['17.81174286 USDT'],NO_TRIGGER,FILLED,NO_CONTINGENCY,,,,,,,,c40dd353-72fd-4059-9d38-395d13d02502,1712066400000000000,1712066400000000000
BACKTESTER-001,QuantBT-001-001,ETHUSDT-PERP.BINANCE,BINANCE-1-621,ETHUSDT-PERP.BINANCE-QuantBT-001-001,BINANCE-001,T-c79c31fac72857d3-149448,MARKET,SELL,13.656,IOC,False,False,13.656,TAKER,3367.84,0.0,['18.39648922 USDT'],NO_TRIGGER,FILLED,NO_CONTINGENCY,,,,,,,,5257b95a-1a63-4c57-890a-5b93fb320905,1712257200000000000,1712257200000000000
BACKTESTER-001,QuantBT-001-001,ETHUSDT-PERP.BINANCE,BINANCE-1-622,ETHUSDT-PERP.BINANCE-QuantBT-001-001,BINANCE-001,T-020d025ce0f51110-149753,MARKET,BUY,13.656,IOC,False,False,13.656,TAKER,3455.99,0.0,['18.87799978 USDT'],NO_TRIGGER,FILLED,NO_CONTINGENCY,,,,,,,,d6426295-b2b2-4b60-947c-16bee6dde549,1712530800000000000,1712530800000000000
BACKTESTER-001,QuantBT-001-001,ETHUSDT-PERP.BINANCE,BINANCE-1-623,ETHUSDT-PERP.BINANCE-QuantBT-001-001,BINANCE-001,T-5e0582b7caccbb43-149758,MARKET,BUY,13.224,IOC,False,False,13.224,TAKER,3431.02,0.0,['18.14872339 USDT'],NO_TRIGGER,FILLED,NO_CONTINGENCY,,,,,,,,0d691fea-234a-4f20-b101-5feb00c39e40,1712534400000000000,1712534400000000000
BACKTESTER-001,QuantBT-001-001,ETHUSDT-PERP.BINANCE,BINANCE-1-624,ETHUSDT-PERP.BINANCE-QuantBT-001-001,BINANCE-001,T-58f0b4e9e43ca73d-149775,MARKET,SELL,13.224,IOC,False,False,13.224,TAKER,3421.31,0.0,['18.09736138 USDT'],NO_TRIGGER,FILLED,NO_CONTINGENCY,,,,,,,,fb3229d4-478e-49cc-9f1a-ec0c05f53aa0,1712548800000000000,1712548800000000000
BACKTESTER-001,QuantBT-001-001,ETHUSDT-PERP.BINANCE,BINANCE-1-625,ETHUSDT-PERP.BINANCE-QuantBT-001-001,BINANCE-001,T-5233debe862efd2c-149816,MARKET,SELL,12.413,IOC,False,False,12.413,TAKER,3648.4,0.0,['18.11503568 USDT'],NO_TRIGGER,FILLED,NO_CONTINGENCY,,,,,,,,4f6b0797-55b4-423e-802c-1687fa9629b1,1712584800000000000,1712584800000000000
BACKTESTER-001,QuantBT-001-001,ETHUSDT-PERP.BINANCE,BINANCE-1-626,ETHUSDT-PERP.BINANCE-QuantBT-001-001,BINANCE-001,T-f11422eaf17c5832-149833,MARKET,BUY,12.413,IOC,False,False,12.413,TAKER,3694.32,0.0,['18.34303766 USDT'],NO_TRIGGER,FILLED,NO_CONTINGENCY,,,,,,,,81f34610-2e98-4f12-af6d-215ddfe26a34,1712599200000000000,1712599200000000000
BACKTESTER-001,QuantBT-001-001,ETHUSDT-PERP.BINANCE,BINANCE-1-627,ETHUSDT-PERP.BINANCE-QuantBT-001-001,BINANCE-001,T-65b5d9cf454e564f-150005,MARKET,SELL,12.986,IOC,False,False,12.986,TAKER,3464.0,0.0,['17.99340160 USDT'],NO_TRIGGER,FILLED,NO_CONTINGENCY,,,,,,,,fcb9626f-1508-4c05-b61a-fa460f5262ad,1712754000000000000,1712754000000000000
BACKTESTER-001,QuantBT-001-001,ETHUSDT-PERP.BINANCE,BINANCE-1-628,ETHUSDT-PERP.BINANCE-QuantBT-001-001,BINANCE-001,T-e7ca0cf6cadbdf7b-150014,MARKET,BUY,12.986,IOC,False,False,12.986,TAKER,3481.08,0.0,['18.08212195 USDT'],NO_TRIGGER,FILLED,NO_CONTINGENCY,,,,,,,,c55d10dc-4a7b-4375-b494-61621aba5bfc,1712761200000000000,1712761200000000000
BACKTESTER-001,QuantBT-001-001,ETHUSDT-PERP.BINANCE,BINANCE-1-629,ETHUSDT-PERP.BINANCE-QuantBT-001-001,BINANCE-001,T-be6f50cea433bbcc-150771,MARKET,SELL,14.718,IOC,False,False,14.718,TAKER,3047.72,0.0,['17.94253718 USDT'],NO_TRIGGER,FILLED,NO_CONTINGENCY,,,,,,,,3887a8d0-e4e9-468e-9684-a479ec3576bb,1713445200000000000,1713445200000000000
BACKTESTER-001,QuantBT-001-001,ETHUSDT-PERP.BINANCE,BINANCE-1-630,ETHUSDT-PERP.BINANCE-QuantBT-001-001,BINANCE-001,T-4d1907b26a4c7ec3-150780,MARKET,BUY,14.718,IOC,False,False,14.718,TAKER,3066.99,0.0,['18.05598353 USDT'],NO_TRIGGER,FILLED,NO_CONTINGENCY,,,,,,,,ba438132-ef0e-43c0-9e92-0f59b6639b0d,1713452400000000000,1713452400000000000
BACKTESTER-001,QuantBT-001-001,ETHUSDT-PERP.BINANCE,BINANCE-1-631,ETHUSDT-PERP.BINANCE-QuantBT-001-001,BINANCE-001,T-8e896fbc21e75691-151588,MARKET,SELL,14.452,IOC,False,False,14.452,TAKER,3092.7,0.0,['17.87828016 USDT'],NO_TRIGGER,FILLED,NO_CONTINGENCY,,,,,,,,a424a782-162b-4e1d-9059-8af3af340be1,1714179600000000000,1714179600000000000
BACKTESTER-001,QuantBT-001-001,ETHUSDT-PERP.BINANCE,BINANCE-1-632,ETHUSDT-PERP.BINANCE-QuantBT-001-001,BINANCE-001,T-e7693e89c075dbfa-151641,MARKET,BUY,14.452,IOC,False,False,14.452,TAKER,3149.0,0.0,['18.20373920 USDT'],NO_TRIGGER,FILLED,NO_CONTINGENCY,,,,,,,,d0d994dd-afc5-4f8e-8b75-7f59bdc4245d,1714226400000000000,1714226400000000000
BACKTESTER-001,QuantBT-001-001,ETHUSDT-PERP.BINANCE,BINANCE-1-633,ETHUSDT-PERP.BINANCE-QuantBT-001-001,BINANCE-001,T-17ae84114e61fff0-152048,MARKET,BUY,15.061,IOC,False,False,15.061,TAKER,2939.39,0.0,['17.70806112 USDT'],NO_TRIGGER,FILLED,NO_CONTINGENCY,,,,,,,,aca66d30-19f4-4f6d-95f3-d9c1e5dad5b5,1714593600000000000,1714593600000000000
BACKTESTER-001,QuantBT-001-001,ETHUSDT-PERP.BINANCE,BINANCE-1-634,ETHUSDT-PERP.BINANCE-QuantBT-001-001,BINANCE-001,T-d3e16dd26437b76f-152493,MARKET,SELL,15.061,IOC,False,False,15.061,TAKER,3147.89,0.0,['18.96414852 USDT'],NO_TRIGGER,FILLED,NO_CONTINGENCY,,,,,,,,9162a29d-69af-4838-98bf-1ad7f536a9f9,1714993200000000000,1714993200000000000
BACKTESTER-001,QuantBT-001-001,ETHUSDT-PERP.BINANCE,BINANCE-1-635,ETHUSDT-PERP.BINANCE-QuantBT-001-001,BINANCE-001,T-b77a72fa622ef392-152726,MARKET,SELL,15.425,IOC,False,False,15.425,TAKER,2970.78,0.0,['18.32971260 USDT'],NO_TRIGGER,FILLED,NO_CONTINGENCY,,,,,,,,0f4d98d6-9d7b-4849-a6a6-688252d1555d,1715202000000000000,1715202000000000000
BACKTESTER-001,QuantBT-001-001,ETHUSDT-PERP.BINANCE,BINANCE-1-636,ETHUSDT-PERP.BINANCE-QuantBT-001-001,BINANCE-001,T-92186c9cd92c53a0-152743,MARKET,BUY,15.425,IOC,False,False,15.425,TAKER,2996.35,0.0,['18.48747950 USDT'],NO_TRIGGER,FILLED,NO_CONTINGENCY,,,,,,,,5b46b348-ca3b-4aea-9607-97e2aee7a107,1715216400000000000,1715216400000000000
BACKTESTER-001,QuantBT-001-001,ETHUSDT-PERP.BINANCE,BINANCE-1-637,ETHUSDT-PERP.BINANCE-QuantBT-001-001,BINANCE-001,T-3c1b38ae29b917cc-152796,MARKET,SELL,15.274,IOC,False,False,15.274,TAKER,2985.95,0.0,['18.24296012 USDT'],NO_TRIGGER,FILLED,NO_CONTINGENCY,,,,,,,,fb33d662-8ec8-4b08-91c7-c83ff2a4da42,1715263200000000000,1715263200000000000
BACKTESTER-001,QuantBT-001-001,ETHUSDT-PERP.BINANCE,BINANCE-1-638,ETHUSDT-PERP.BINANCE-QuantBT-001-001,BINANCE-001,T-954dc3617d5848bd-152805,MARKET,BUY,15.274,IOC,False,False,15.274,TAKER,2993.3,0.0,['18.28786568 USDT'],NO_TRIGGER,FILLED,NO_CONTINGENCY,,,,,,,,efc26f6c-0398-4ffc-96d4-14fd94e31145,1715270400000000000,1715270400000000000
BACKTESTER-001,QuantBT-001-001,ETHUSDT-PERP.BINANCE,BINANCE-1-639,ETHUSDT-PERP.BINANCE-QuantBT-001-001,BINANCE-001,T-c382a026a15f4f0a-153161,MARKET,BUY,15.256,IOC,False,False,15.256,TAKER,2984.67,0.0,['18.21365021 USDT'],NO_TRIGGER,FILLED,NO_CONTINGENCY,,,,,,,,4cc18cfc-04b7-4b4d-956d-5e2b8309f8c4,1715590800000000000,1715590800000000000
BACKTESTER-001,QuantBT-001-001,ETHUSDT-PERP.BINANCE,BINANCE-1-640,ETHUSDT-PERP.BINANCE-QuantBT-001-001,BINANCE-001,T-d6f404ab4f727635-153202,MARKET,SELL,15.256,IOC,False,False,15.256,TAKER,2955.69,0.0,['18.03680266 USDT'],NO_TRIGGER,FILLED,NO_CONTINGENCY,,,,,,,,642a9524-b0e0-4de6-9d93-6c5327e60d7d,1715626800000000000,1715626800000000000
BACKTESTER-001,QuantBT-001-001,ETHUSDT-PERP.BINANCE,BINANCE-1-641,ETHUSDT-PERP.BINANCE-QuantBT-001-001,BINANCE-001,T-c69610481c6fd4ef-153574,MARKET,SELL,14.636,IOC,False,False,14.636,TAKER,3094.68,0.0,['18.11749459 USDT'],NO_TRIGGER,FILLED,NO_CONTINGENCY,,,,,,,,948e8459-f2cf-4f39-bc1e-b65bd2d00c73,1715961600000000000,1715961600000000000
BACKTESTER-001,QuantBT-001-001,ETHUSDT-PERP.BINANCE,BINANCE-1-642,ETHUSDT-PERP.BINANCE-QuantBT-001-001,BINANCE-001,T-71688245c8999f76-153871,MARKET,BUY,14.636,IOC,False,False,14.636,TAKER,3147.04,0.0,['18.42403098 USDT'],NO_TRIGGER,FILLED,NO_CONTINGENCY,,,,,,,,618cc41a-d278-4cdc-b07c-57b7852cf710,1716228000000000000,1716228000000000000
BACKTESTER-001,QuantBT-001-001,ETHUSDT-PERP.BINANCE,BINANCE-1-643,ETHUSDT-PERP.BINANCE-QuantBT-001-001,BINANCE-001,T-43f9650f9265d2b4-153880,MARKET,BUY,12.823,IOC,False,False,12.823,TAKER,3500.83,0.0,['17.95645724 USDT'],NO_TRIGGER,FILLED,NO_CONTINGENCY,,,,,,,,ae4f5f0b-cf31-4ed7-92df-aa4fcd99de53,1716235200000000000,1716235200000000000
BACKTESTER-001,QuantBT-001-001,ETHUSDT-PERP.BINANCE,BINANCE-1-644,ETHUSDT-PERP.BINANCE-QuantBT-001-001,BINANCE-001,T-561825be420368b3-154141,MARKET,SELL,12.823,IOC,False,False,12.823,TAKER,3784.32,0.0,['19.41053414 USDT'],NO_TRIGGER,FILLED,NO_CONTINGENCY,,,,,,,,7abd1aac-fbc9-4e1b-9b76-e6575ed708c3,1716469200000000000,1716469200000000000
BACKTESTER-001,QuantBT-001-001,ETHUSDT-PERP.BINANCE,BINANCE-1-645,ETHUSDT-PERP.BINANCE-QuantBT-001-001,BINANCE-001,T-a14e2310e33e0a65-154441,MARKET,SELL,12.077,IOC,False,False,12.077,TAKER,3866.01,0.0,['18.67592111 USDT'],NO_TRIGGER,FILLED,NO_CONTINGENCY,,,,,,,,6de65adb-56b0-431b-a1ae-a5c173738a52,1716739200000000000,1716739200000000000
BACKTESTER-001,QuantBT-001-001,ETHUSDT-PERP.BINANCE,BINANCE-1-646,ETHUSDT-PERP.BINANCE-QuantBT-001-001,BINANCE-001,T-3dad5edb1aad0fe8-154446,MARKET,BUY,12.077,IOC,False,False,12.077,TAKER,3846.29,0.0,['18.58065773 USDT'],NO_TRIGGER,FILLED,NO_CONTINGENCY,,,,,,,,650584a7-ea51-4fe1-93fd-915002b9943d,1716742800000000000,1716742800000000000
BACKTESTER-001,QuantBT-001-001,ETHUSDT-PERP.BINANCE,BINANCE-1-647,ETHUSDT-PERP.BINANCE-QuantBT-001-001,BINANCE-001,T-9dc53510393a2a56-154914,MARKET,SELL,12.393,IOC,False,False,12.393,TAKER,3775.67,0.0,['18.71675132 USDT'],NO_TRIGGER,FILLED,NO_CONTINGENCY,,,,,,,,e3ee1a28-06df-4e64-bd5d-395c28d8c7fa,1717164000000000000,1717164000000000000
BACKTESTER-001,QuantBT-001-001,ETHUSDT-PERP.BINANCE,BINANCE-1-648,ETHUSDT-PERP.BINANCE-QuantBT-001-001,BINANCE-001,T-e5bb6df2eab2f3a8-155055,MARKET,BUY,12.393,IOC,False,False,12.393,TAKER,3826.11,0.0,['18.96679249 USDT'],NO_TRIGGER,FILLED,NO_CONTINGENCY,,,,,,,,1b5396c2-7d7b-48b9-a9d0-f0e462ecfe0e,1717290000000000000,1717290000000000000
BACKTESTER-001,QuantBT-001-001,ETHUSDT-PERP.BINANCE,BINANCE-1-649,ETHUSDT-PERP.BINANCE-QuantBT-001-001,BINANCE-001,T-3f52cd0c9bd8fa5c-155204,MARKET,SELL,12.320,IOC,False,False,12.320,TAKER,3771.12,0.0,['18.58407936 USDT'],NO_TRIGGER,FILLED,NO_CONTINGENCY,,,,,,,,bf4b4e27-520c-4e12-b946-ff25eece56fe,1717423200000000000,1717423200000000000
BACKTESTER-001,QuantBT-001-001,ETHUSDT-PERP.BINANCE,BINANCE-1-650,ETHUSDT-PERP.BINANCE-QuantBT-001-001,BINANCE-001,T-f30b7adfbe017f84-155421,MARKET,BUY,12.320,IOC,False,False,12.320,TAKER,3865.91,0.0,['19.05120448 USDT'],NO_TRIGGER,FILLED,NO_CONTINGENCY,,,,,,,,c54326f1-2ad7-4c97-8e29-8c347cbd64e1,1717617600000000000,1717617600000000000
BACKTESTER-001,QuantBT-001-001,ETHUSDT-PERP.BINANCE,BINANCE-1-651,ETHUSDT-PERP.BINANCE-QuantBT-001-001,BINANCE-001,T-e488467c40228520-155586,MARKET,SELL,12.013,IOC,False,False,12.013,TAKER,3817.28,0.0,['18.34279386 USDT'],NO_TRIGGER,FILLED,NO_CONTINGENCY,,,,,,,,8a6862f6-8954-4d3f-a979-bd0695c6669f,1717765200000000000,1717765200000000000
BACKTESTER-001,QuantBT-001-001,ETHUSDT-PERP.BINANCE,BINANCE-1-652,ETHUSDT-PERP.BINANCE-QuantBT-001-001,BINANCE-001,T-a017034fb1e25ff0-156290,MARKET,BUY,12.013,IOC,False,False,12.013,TAKER,3483.84,0.0,['16.74054797 USDT'],NO_TRIGGER,FILLED,NO_CONTINGENCY,,,,,,,,9bc3ded3-d548-4afd-b747-c30ca6337f51,1718402400000000000,1718402400000000000
BACKTESTER-001,QuantBT-001-001,ETHUSDT-PERP.BINANCE,BINANCE-1-653,ETHUSDT-PERP.BINANCE-QuantBT-001-001,BINANCE-001,T-c619f0c4d25c7cb1-156594,MARKET,SELL,13.959,IOC,False,False,13.959,TAKER,3427.53,0.0,['19.13795651 USDT'],NO_TRIGGER,FILLED,NO_CONTINGENCY,,,,,,,,1d760a7e-cd0e-4b48-8551-4ced55d5b726,1718676000000000000,1718676000000000000
BACKTESTER-001,QuantBT-001-001,ETHUSDT-PERP.BINANCE,BINANCE-1-654,ETHUSDT-PERP.BINANCE-QuantBT-001-001,BINANCE-001,T-9db555386904523b-156607,MARKET,BUY,13.959,IOC,False,False,13.959,TAKER,3443.44,0.0,['19.22679158 USDT'],NO_TRIGGER,FILLED,NO_CONTINGENCY,,,,,,,,ad8208b5-bde4-49ab-bcd7-0cfe48fee35e,1718686800000000000,1718686800000000000
BACKTESTER-001,QuantBT-001-001,ETHUSDT-PERP.BINANCE,BINANCE-1-655,ETHUSDT-PERP.BINANCE-QuantBT-001-001,BINANCE-001,T-2846cecc65287399-157434,MARKET,BUY,14.071,IOC,False,False,14.071,TAKER,3390.93,0.0,['19.08551041 USDT'],NO_TRIGGER,FILLED,NO_CONTINGENCY,,,,,,,,17ad5f34-4e39-4602-a909-0c50e488b463,1719432000000000000,1719432000000000000
BACKTESTER-001,QuantBT-001-001,ETHUSDT-PERP.BINANCE,BINANCE-1-656,ETHUSDT-PERP.BINANCE-QuantBT-001-001,BINANCE-001,T-58fe0fb901787f27-157455,MARKET,SELL,14.071,IOC,False,False,14.071,TAKER,3378.92,0.0,['19.01791333 USDT'],NO_TRIGGER,FILLED,NO_CONTINGENCY,,,,,,,,1d0c6763-9920-43b9-91e3-4648fdb0f31a,1719450000000000000,1719450000000000000
BACKTESTER-001,QuantBT-001-001,ETHUSDT-PERP.BINANCE,BINANCE-1-657,ETHUSDT-PERP.BINANCE-QuantBT-001-001,BINANCE-001,T-cf35eb7b1c5f47b1-157771,MARKET,BUY,14.030,IOC,False,False,14.030,TAKER,3393.49,0.0,['19.04426588 USDT'],NO_TRIGGER,FILLED,NO_CONTINGENCY,,,,,,,,b4cecc12-5bf7-4c9f-9850-c959e4b6ac29,1719734400000000000,1719734400000000000
BACKTESTER-001,QuantBT-001-001,ETHUSDT-PERP.BINANCE,BINANCE-1-658,ETHUSDT-PERP.BINANCE-QuantBT-001-001,BINANCE-001,T-83f2bdc36802084a-157848,MARKET,SELL,14.030,IOC,False,False,14.030,TAKER,3497.27,0.0,['19.62667924 USDT'],NO_TRIGGER,FILLED,NO_CONTINGENCY,,,,,,,,5dd2f84d-ed0e-48a7-80cc-2ba65b79c317,1719802800000000000,1719802800000000000
BACKTESTER-001,QuantBT-001-001,ETHUSDT-PERP.BINANCE,BINANCE-1-659,ETHUSDT-PERP.BINANCE-QuantBT-001-001,BINANCE-001,T-0b4a220209fcf8ea-158131,MARKET,SELL,14.971,IOC,False,False,14.971,TAKER,3227.43,0.0,['19.32714181 USDT'],NO_TRIGGER,FILLED,NO_CONTINGENCY,,,,,,,,ec26d004-cde8-4dca-a28a-09584394cea1,1720058400000000000,1720058400000000000
BACKTESTER-001,QuantBT-001-001,ETHUSDT-PERP.BINANCE,BINANCE-1-660,ETHUSDT-PERP.BINANCE-QuantBT-001-001,BINANCE-001,T-e3327809ae4ce935-158519,MARKET,BUY,14.971,IOC,False,False,14.971,TAKER,2877.9,0.0,['17.23401636 USDT'],NO_TRIGGER,FILLED,NO_CONTINGENCY,,,,,,,,5f37f96b-2322-414b-b13b-38125fb2b34f,1720407600000000000,1720407600000000000
BACKTESTER-001,QuantBT-001-001,ETHUSDT-PERP.BINANCE,BINANCE-1-661,ETHUSDT-PERP.BINANCE-QuantBT-001-001,BINANCE-001,T-83ba6b0b6dbd72ea-158568,MARKET,SELL,17.154,IOC,False,False,17.154,TAKER,2968.22,0.0,['20.36673835 USDT'],NO_TRIGGER,FILLED,NO_CONTINGENCY,,,,,,,,67840aac-6219-4f81-b14d-d0a1bd4ac14c,1720450800000000000,1720450800000000000
BACKTESTER-001,QuantBT-001-001,ETHUSDT-PERP.BINANCE,BINANCE-1-662,ETHUSDT-PERP.BINANCE-QuantBT-001-001,BINANCE-001,T-39f122d6a0964b1a-158573,MARKET,BUY,17.154,IOC,False,False,17.154,TAKER,2970.44,0.0,['20.38197110 USDT'],NO_TRIGGER,FILLED,NO_CONTINGENCY,,,,,,,,d0777cde-e7ce-4570-af9f-c99bb639cc96,1720454400000000000,1720454400000000000
BACKTESTER-001,QuantBT-001-001,ETHUSDT-PERP.BINANCE,BINANCE-1-663,ETHUSDT-PERP.BINANCE-QuantBT-001-001,BINANCE-001,T-458ae975aa987803-158857,MARKET,SELL,16.324,IOC,False,False,16.324,TAKER,3116.66,0.0,['20.35054314 USDT'],NO_TRIGGER,FILLED,NO_CONTINGENCY,,,,,,,,ef948940-89d7-4d8f-ab04-65677f6d602f,1720710000000000000,1720710000000000000
BACKTESTER-001,QuantBT-001-001,ETHUSDT-PERP.BINANCE,BINANCE-1-664,ETHUSDT-PERP.BINANCE-QuantBT-001-001,BINANCE-001,T-5f2a77d063c5c04a-159080,MARKET,BUY,16.324,IOC,False,False,16.324,TAKER,3174.01,0.0,['20.72501570 USDT'],NO_TRIGGER,FILLED,NO_CONTINGENCY,,,,,,,,e72b4bfb-be6c-4427-beff-ca0457a0b95d,1720911600000000000,1720911600000000000
BACKTESTER-001,QuantBT-001-001,ETHUSDT-PERP.BINANCE,BINANCE-1-665,ETHUSDT-PERP.BINANCE-QuantBT-001-001,BINANCE-001,T-11087dc706a308fa-159085,MARKET,SELL,15.817,IOC,False,False,15.817,TAKER,3185.69,0.0,['20.15522349 USDT'],NO_TRIGGER,FILLED,NO_CONTINGENCY,,,,,,,,c70b7eb4-ce1b-4fa3-b3f6-30a4251eca2c,1720915200000000000,1720915200000000000
BACKTESTER-001,QuantBT-001-001,ETHUSDT-PERP.BINANCE,BINANCE-1-666,ETHUSDT-PERP.BINANCE-QuantBT-001-001,BINANCE-001,T-9f773ceca9a7854c-159122,MARKET,BUY,15.817,IOC,False,False,15.817,TAKER,3211.52,0.0,['20.31864474 USDT'],NO_TRIGGER,FILLED,NO_CONTINGENCY,,,,,,,,1d178667-67ad-4c25-bde9-e9d70e011597,1720947600000000000,1720947600000000000
BACKTESTER-001,QuantBT-001-001,ETHUSDT-PERP.BINANCE,BINANCE-1-667,ETHUSDT-PERP.BINANCE-QuantBT-001-001,BINANCE-001,T-d760cb0603363150-159175,MARKET,BUY,15.460,IOC,False,False,15.460,TAKER,3244.64,0.0,['20.06485376 USDT'],NO_TRIGGER,FILLED,NO_CONTINGENCY,,,,,,,,c47856b0-4996-4b88-9296-402d6dad022e,1720994400000000000,1720994400000000000
BACKTESTER-001,QuantBT-001-001,ETHUSDT-PERP.BINANCE,BINANCE-1-668,ETHUSDT-PERP.BINANCE-QuantBT-001-001,BINANCE-001,T-3bada6f6055f957f-159532,MARKET,SELL,15.460,IOC,False,False,15.460,TAKER,3387.26,0.0,['20.94681584 USDT'],NO_TRIGGER,FILLED,NO_CONTINGENCY,,,,,,,,ad75e990-1e48-4027-9573-a7518f39d46a,1721314800000000000,1721314800000000000
BACKTESTER-001,QuantBT-001-001,ETHUSDT-PERP.BINANCE,BINANCE-1-669,ETHUSDT-PERP.BINANCE-QuantBT-001-001,BINANCE-001,T-3bc591b79b4c6951-159737,MARKET,BUY,14.520,IOC,False,False,14.520,TAKER,3529.3,0.0,['20.49817440 USDT'],NO_TRIGGER,FILLED,NO_CONTINGENCY,,,,,,,,39034bb5-c4b4-4179-bbfe-20fca3d879d0,1721498400000000000,1721498400000000000
BACKTESTER-001,QuantBT-001-001,ETHUSDT-PERP.BINANCE,BINANCE-1-670,ETHUSDT-PERP.BINANCE-QuantBT-001-001,BINANCE-001,T-88830601d340484a-159794,MARKET,SELL,14.520,IOC,False,False,14.520,TAKER,3486.53,0.0,['20.24976624 USDT'],NO_TRIGGER,FILLED,NO_CONTINGENCY,,,,,,,,943fd67f-e90c-4ba1-a3d1-6a83ed2f8314,1721548800000000000,1721548800000000000
BACKTESTER-001,QuantBT-001-001,ETHUSDT-PERP.BINANCE,BINANCE-1-671,ETHUSDT-PERP.BINANCE-QuantBT-001-001,BINANCE-001,T-3cb9cfbe6a8e3471-159830,MARKET,BUY,14.685,IOC,False,False,14.685,TAKER,3467.18,0.0,['20.36621532 USDT'],NO_TRIGGER,FILLED,NO_CONTINGENCY,,,,,,,,3d743f39-75ce-45ef-8761-d381cd6e5782,1721581200000000000,1721581200000000000
BACKTESTER-001,QuantBT-001-001,ETHUSDT-PERP.BINANCE,BINANCE-1-672,ETHUSDT-PERP.BINANCE-QuantBT-001-001,BINANCE-001,T-081383595d2e000c-159835,MARKET,SELL,14.685,IOC,False,False,14.685,TAKER,3462.2,0.0,['20.33696280 USDT'],NO_TRIGGER,FILLED,NO_CONTINGENCY,,,,,,,,1545f1ca-cdf1-4e63-9782-53c84f8f4635,1721584800000000000,1721584800000000000
BACKTESTER-001,QuantBT-001-001,ETHUSDT-PERP.BINANCE,BINANCE-1-673,ETHUSDT-PERP.BINANCE-QuantBT-001-001,BINANCE-001,T-a37cbbf1770fd670-160403,MARKET,SELL,15.549,IOC,False,False,15.549,TAKER,3270.86,0.0,['20.34344086 USDT'],NO_TRIGGER,FILLED,NO_CONTINGENCY,,,,,,,,74bbfeac-fce6-40d5-bce9-a2ce41690b77,1722096000000000000,1722096000000000000
BACKTESTER-001,QuantBT-001-001,ETHUSDT-PERP.BINANCE,BINANCE-1-674,ETHUSDT-PERP.BINANCE-QuantBT-001-001,BINANCE-001,T-4fc1264e6d52ab98-160544,MARKET,BUY,15.549,IOC,False,False,15.549,TAKER,3348.01,0.0,['20.82328300 USDT'],NO_TRIGGER,FILLED,NO_CONTINGENCY,,,,,,,,a157d33e-edcb-4594-b92d-4dc4c1f77029,1722222000000000000,1722222000000000000
BACKTESTER-001,QuantBT-001-001,ETHUSDT-PERP.BINANCE,BINANCE-1-675,ETHUSDT-PERP.BINANCE-QuantBT-001-001,BINANCE-001,T-6963df183fb04d7d-160689,MARKET,SELL,15.135,IOC,False,False,15.135,TAKER,3319.26,0.0,['20.09480004 USDT'],NO_TRIGGER,FILLED,NO_CONTINGENCY,,,,,,,,80fe574f-5ec3-4f33-b80b-f347ab8f0607,1722351600000000000,1722351600000000000
BACKTESTER-001,QuantBT-001-001,ETHUSDT-PERP.BINANCE,BINANCE-1-676,ETHUSDT-PERP.BINANCE-QuantBT-001-001,BINANCE-001,T-00c2507e83b518a1-160782,MARKET,BUY,15.135,IOC,False,False,15.135,TAKER,3319.88,0.0,['20.09855352 USDT'],NO_TRIGGER,FILLED,NO_CONTINGENCY,,,,,,,,0c4db803-d50c-49d0-b48a-02a39f59dfaa,1722434400000000000,1722434400000000000
BACKTESTER-001,QuantBT-001-001,ETHUSDT-PERP.BINANCE,BINANCE-1-677,ETHUSDT-PERP.BINANCE-QuantBT-001-001,BINANCE-001,T-182aede3720aafb9-160885,MARKET,SELL,16.165,IOC,False,False,16.165,TAKER,3106.29,0.0,['20.08527114 USDT'],NO_TRIGGER,FILLED,NO_CONTINGENCY,,,,,,,,925324da-8080-4fe6-a80c-80652a5b99a3,1722528000000000000,1722528000000000000
BACKTESTER-001,QuantBT-001-001,ETHUSDT-PERP.BINANCE,BINANCE-1-678,ETHUSDT-PERP.BINANCE-QuantBT-001-001,BINANCE-001,T-8e163b918ca0cb1d-160906,MARKET,BUY,16.165,IOC,False,False,16.165,TAKER,3175.0,0.0,['20.52955000 USDT'],NO_TRIGGER,FILLED,NO_CONTINGENCY,,,,,,,,b90203d6-743d-4bef-a023-908d79e855c7,1722546000000000000,1722546000000000000
BACKTESTER-001,QuantBT-001-001,ETHUSDT-PERP.BINANCE,BINANCE-1-679,ETHUSDT-PERP.BINANCE-QuantBT-001-001,BINANCE-001,T-7db5c345eafb832d-160975,MARKET,SELL,16.347,IOC,False,False,16.347,TAKER,3036.44,0.0,['19.85467387 USDT'],NO_TRIGGER,FILLED,NO_CONTINGENCY,,,,,,,,14357a2a-183d-4a39-801b-74ebe129da89,1722607200000000000,1722607200000000000
BACKTESTER-001,QuantBT-001-001,ETHUSDT-PERP.BINANCE,BINANCE-1-680,ETHUSDT-PERP.BINANCE-QuantBT-001-001,BINANCE-001,T-6af9d9847bf28b60-163096,MARKET,BUY,16.347,IOC,False,False,16.347,TAKER,2781.79,0.0,['18.18956845 USDT'],NO_TRIGGER,FILLED,NO_CONTINGENCY,,,,,,,,8f52b552-7fcb-4e2c-bb6d-7135b2456915,1724518800000000000,1724518800000000000
BACKTESTER-001,QuantBT-001-001,ETHUSDT-PERP.BINANCE,BINANCE-1-681,ETHUSDT-PERP.BINANCE-QuantBT-001-001,BINANCE-001,T-b26901de2e500a01-163221,MARKET,SELL,18.785,IOC,False,False,18.785,TAKER,2752.15,0.0,['20.67965510 USDT'],NO_TRIGGER,FILLED,NO_CONTINGENCY,,,,,,,,53a53242-f805-423a-a824-7fede1a66e51,1724630400000000000,1724630400000000000
BACKTESTER-001,QuantBT-001-001,ETHUSDT-PERP.BINANCE,BINANCE-1-682,ETHUSDT-PERP.BINANCE-QuantBT-001-001,BINANCE-001,T-34488689e9336d91-163261,MARKET,BUY,18.785,IOC,False,False,18.785,TAKER,2735.55,0.0,['20.55492270 USDT'],NO_TRIGGER,FILLED,NO_CONTINGENCY,,,,,,,,9bd57c0b-6f39-4d11-b20d-e812721b8527,1724666400000000000,1724666400000000000
BACKTESTER-001,QuantBT-001-001,ETHUSDT-PERP.BINANCE,BINANCE-1-683,ETHUSDT-PERP.BINANCE-QuantBT-001-001,BINANCE-001,T-02c4a6c8f40104fe-163361,MARKET,SELL,19.742,IOC,False,False,19.742,TAKER,2625.59,0.0,['20.73375911 USDT'],NO_TRIGGER,FILLED,NO_CONTINGENCY,,,,,,,,e6fea07b-0c79-41e2-a973-bd55bdf80457,1724756400000000000,1724756400000000000
BACKTESTER-001,QuantBT-001-001,ETHUSDT-PERP.BINANCE,BINANCE-1-684,ETHUSDT-PERP.BINANCE-QuantBT-001-001,BINANCE-001,T-2d572f8b5597f8a1-163860,MARKET,BUY,19.742,IOC,False,False,19.742,TAKER,2470.91,0.0,['19.51228209 USDT'],NO_TRIGGER,FILLED,NO_CONTINGENCY,,,,,,,,92e9a933-c8a6-4dc0-95ab-a1e5d38536b5,1725206400000000000,1725206400000000000
BACKTESTER-001,QuantBT-001-001,ETHUSDT-PERP.BINANCE,BINANCE-1-685,ETHUSDT-PERP.BINANCE-QuantBT-001-001,BINANCE-001,T-abbca6dd317607cf-163889,MARKET,SELL,22.001,IOC,False,False,22.001,TAKER,2424.55,0.0,['21.33700982 USDT'],NO_TRIGGER,FILLED,NO_CONTINGENCY,,,,,,,,f9f19a62-94c9-4c3f-a123-3da2cecae9c1,1725231600000000000,1725231600000000000
BACKTESTER-001,QuantBT-001-001,ETHUSDT-PERP.BINANCE,BINANCE-1-686,ETHUSDT-PERP.BINANCE-QuantBT-001-001,BINANCE-001,T-cdc9877b83c19d07-163898,MARKET,BUY,22.001,IOC,False,False,22.001,TAKER,2439.24,0.0,['21.46628770 USDT'],NO_TRIGGER,FILLED,NO_CONTINGENCY,,,,,,,,316b2245-5766-43ab-8e73-d24668689cb4,1725238800000000000,1725238800000000000
BACKTESTER-001,QuantBT-001-001,ETHUSDT-PERP.BINANCE,BINANCE-1-687,ETHUSDT-PERP.BINANCE-QuantBT-001-001,BINANCE-001,T-c040a4082c368ed1-163935,MARKET,BUY,21.062,IOC,False,False,21.062,TAKER,2523.91,0.0,['21.26343697 USDT'],NO_TRIGGER,FILLED,NO_CONTINGENCY,,,,,,,,cfa943cd-abf8-4493-9b94-d1459d9a873c,1725271200000000000,1725271200000000000
BACKTESTER-001,QuantBT-001-001,ETHUSDT-PERP.BINANCE,BINANCE-1-688,ETHUSDT-PERP.BINANCE-QuantBT-001-001,BINANCE-001,T-9c5464b7507dc479-164048,MARKET,SELL,21.062,IOC,False,False,21.062,TAKER,2445.44,0.0,['20.60234291 USDT'],NO_TRIGGER,FILLED,NO_CONTINGENCY,,,,,,,,6e8b0b3e-8f36-445a-82b3-0cf5e222845e,1725372000000000000,1725372000000000000
BACKTESTER-001,QuantBT-001-001,ETHUSDT-PERP.BINANCE,BINANCE-1-689,ETHUSDT-PERP.BINANCE-QuantBT-001-001,BINANCE-001,T-348fbf968e60f233-164336,MARKET,SELL,22.484,IOC,False,False,22.484,TAKER,2326.56,0.0,['20.92415002 USDT'],NO_TRIGGER,FILLED,NO_CONTINGENCY,,,,,,,,7014f9f9-bddf-4256-b9e2-d1018dbba9c5,1725631200000000000,1725631200000000000
BACKTESTER-001,QuantBT-001-001,ETHUSDT-PERP.BINANCE,BINANCE-1-690,ETHUSDT-PERP.BINANCE-QuantBT-001-001,BINANCE-001,T-2c7df442e7a3a90b-164544,MARKET,BUY,22.484,IOC,False,False,22.484,TAKER,2274.65,0.0,['20.45729224 USDT'],NO_TRIGGER,FILLED,NO_CONTINGENCY,,,,,,,,dd4e85c5-7259-46ce-9e10-b4b3c8a1fc08,1725818400000000000,1725818400000000000
BACKTESTER-001,QuantBT-001-001,ETHUSDT-PERP.BINANCE,BINANCE-1-691,ETHUSDT-PERP.BINANCE-QuantBT-001-001,BINANCE-001,T-a0b6f17d2e669082-164565,MARKET,BUY,23.030,IOC,False,False,23.030,TAKER,2295.89,0.0,['21.14973868 USDT'],NO_TRIGGER,FILLED,NO_CONTINGENCY,,,,,,,,40082099-6af9-4f21-ad36-d2a9eb4747ef,1725836400000000000,1725836400000000000
BACKTESTER-001,QuantBT-001-001,ETHUSDT-PERP.BINANCE,BINANCE-1-692,ETHUSDT-PERP.BINANCE-QuantBT-001-001,BINANCE-001,T-94d7ae87dadfd589-164769,MARKET,SELL,23.030,IOC,False,False,23.030,TAKER,2352.59,0.0,['21.67205908 USDT'],NO_TRIGGER,FILLED,NO_CONTINGENCY,,,,,,,,6de2c8d1-d149-45e0-b0ed-6abbd36fe2fa,1726020000000000000,1726020000000000000
BACKTESTER-001,QuantBT-001-001,ETHUSDT-PERP.BINANCE,BINANCE-1-693,ETHUSDT-PERP.BINANCE-QuantBT-001-001,BINANCE-001,T-b8cf020b69c7f737-165016,MARKET,BUY,22.239,IOC,False,False,22.239,TAKER,2405.95,0.0,['21.40236882 USDT'],NO_TRIGGER,FILLED,NO_CONTINGENCY,,,,,,,,425e7f2c-0bd3-4baf-a290-6918562a12a7,1726243200000000000,1726243200000000000
BACKTESTER-001,QuantBT-001-001,ETHUSDT-PERP.BINANCE,BINANCE-1-694,ETHUSDT-PERP.BINANCE-QuantBT-001-001,BINANCE-001,T-3279bf3e83a0fba7-165123,MARKET,SELL,22.239,IOC,False,False,22.239,TAKER,2407.57,0.0,['21.41677969 USDT'],NO_TRIGGER,FILLED,NO_CONTINGENCY,,,,,,,,6d47fa98-00da-44aa-ac95-8e0d6e78a8f9,1726340400000000000,1726340400000000000
BACKTESTER-001,QuantBT-001-001,ETHUSDT-PERP.BINANCE,BINANCE-1-695,ETHUSDT-PERP.BINANCE-QuantBT-001-001,BINANCE-001,T-75c402c20c460337-165642,MARKET,BUY,21.039,IOC,False,False,21.039,TAKER,2542.99,0.0,['21.40078664 USDT'],NO_TRIGGER,FILLED,NO_CONTINGENCY,,,,,,,,fc88d33b-bf94-4936-8adc-5f3d1ea051c7,1726808400000000000,1726808400000000000
BACKTESTER-001,QuantBT-001-001,ETHUSDT-PERP.BINANCE,BINANCE-1-696,ETHUSDT-PERP.BINANCE-QuantBT-001-001,BINANCE-001,T-efe9c05cca2744a8-166584,MARKET,SELL,21.039,IOC,False,False,21.039,TAKER,2614.0,0.0,['21.99837840 USDT'],NO_TRIGGER,FILLED,NO_CONTINGENCY,,,,,,,,aa4ab343-47fc-428b-ae19-e2803680bf36,1727658000000000000,1727658000000000000
BACKTESTER-001,QuantBT-001-001,ETHUSDT-PERP.BINANCE,BINANCE-1-697,ETHUSDT-PERP.BINANCE-QuantBT-001-001,BINANCE-001,T-c8e02b63db9f9871-166833,MARKET,SELL,22.049,IOC,False,False,22.049,TAKER,2459.43,0.0,['21.69118883 USDT'],NO_TRIGGER,FILLED,NO_CONTINGENCY,,,,,,,,0313d2a8-c342-4aaa-a762-ed4329fc63e7,1727881200000000000,1727881200000000000
BACKTESTER-001,QuantBT-001-001,ETHUSDT-PERP.BINANCE,BINANCE-1-698,ETHUSDT-PERP.BINANCE-QuantBT-001-001,BINANCE-001,T-7ccdc41a7a8c6837-166842,MARKET,BUY,22.049,IOC,False,False,22.049,TAKER,2445.8,0.0,['21.57097768 USDT'],NO_TRIGGER,FILLED,NO_CONTINGENCY,,,,,,,,992b2059-1077-4f30-8be8-daf159fc47a7,1727888400000000000,1727888400000000000
BACKTESTER-001,QuantBT-001-001,ETHUSDT-PERP.BINANCE,BINANCE-1-699,ETHUSDT-PERP.BINANCE-QuantBT-001-001,BINANCE-001,T-0fdc88b3d4c60c78-167267,MARKET,BUY,21.791,IOC,False,False,21.791,TAKER,2494.37,0.0,['21.74192667 USDT'],NO_TRIGGER,FILLED,NO_CONTINGENCY,,,,,,,,e30ce629-0861-4e65-a46c-12c571ababa8,1728270000000000000,1728270000000000000
BACKTESTER-001,QuantBT-001-001,ETHUSDT-PERP.BINANCE,BINANCE-1-700,ETHUSDT-PERP.BINANCE-QuantBT-001-001,BINANCE-001,T-02e9d59edb073715-167296,MARKET,SELL,21.791,IOC,False,False,21.791,TAKER,2448.09,0.0,['21.33853168 USDT'],NO_TRIGGER,FILLED,NO_CONTINGENCY,,,,,,,,6ce3c9f3-8be1-4d03-a34e-c251f6313045,1728295200000000000,1728295200000000000
BACKTESTER-001,QuantBT-001-001,ETHUSDT-PERP.BINANCE,BINANCE-1-701,ETHUSDT-PERP.BINANCE-QuantBT-001-001,BINANCE-001,T-06d713cfbdca468c-167413,MARKET,SELL,22.259,IOC,False,False,22.259,TAKER,2418.39,0.0,['21.53237720 USDT'],NO_TRIGGER,FILLED,NO_CONTINGENCY,,,,,,,,deb89a60-7388-4895-ad1d-fb139390d888,1728399600000000000,1728399600000000000
BACKTESTER-001,QuantBT-001-001,ETHUSDT-PERP.BINANCE,BINANCE-1-702,ETHUSDT-PERP.BINANCE-QuantBT-001-001,BINANCE-001,T-616389390dc62eb5-167442,MARKET,BUY,22.259,IOC,False,False,22.259,TAKER,2440.6,0.0,['21.73012616 USDT'],NO_TRIGGER,FILLED,NO_CONTINGENCY,,,,,,,,eac7f25c-9c45-4014-9560-2f485bc68f90,1728424800000000000,1728424800000000000
BACKTESTER-001,QuantBT-001-001,ETHUSDT-PERP.BINANCE,BINANCE-1-703,ETHUSDT-PERP.BINANCE-QuantBT-001-001,BINANCE-001,T-10a8b580cbe5ea37-167600,MARKET,SELL,22.497,IOC,False,False,22.497,TAKER,2380.86,0.0,['21.42488297 USDT'],NO_TRIGGER,FILLED,NO_CONTINGENCY,,,,,,,,609eaf06-ed19-444a-be1b-695efbd9e6e0,1728568800000000000,1728568800000000000
BACKTESTER-001,QuantBT-001-001,ETHUSDT-PERP.BINANCE,BINANCE-1-704,ETHUSDT-PERP.BINANCE-QuantBT-001-001,BINANCE-001,T-83e3dba09a376cce-167613,MARKET,BUY,22.497,IOC,False,False,22.497,TAKER,2372.2,0.0,['21.34695336 USDT'],NO_TRIGGER,FILLED,NO_CONTINGENCY,,,,,,,,29f11d12-6ec2-428a-839c-877bc86a7776,1728579600000000000,1728579600000000000
BACKTESTER-001,QuantBT-001-001,ETHUSDT-PERP.BINANCE,BINANCE-1-705,ETHUSDT-PERP.BINANCE-QuantBT-001-001,BINANCE-001,T-38e0c00071747965-167618,MARKET,SELL,22.758,IOC,False,False,22.758,TAKER,2356.88,0.0,['21.45515002 USDT'],NO_TRIGGER,FILLED,NO_CONTINGENCY,,,,,,,,76cbec43-0843-49fe-97a5-a3eec58c4214,1728583200000000000,1728583200000000000
BACKTESTER-001,QuantBT-001-001,ETHUSDT-PERP.BINANCE,BINANCE-1-706,ETHUSDT-PERP.BINANCE-QuantBT-001-001,BINANCE-001,T-e37fa0e5567d6ef9-167651,MARKET,BUY,22.758,IOC,False,False,22.758,TAKER,2398.96,0.0,['21.83821267 USDT'],NO_TRIGGER,FILLED,NO_CONTINGENCY,,,,,,,,cf57f31e-ae43-4455-976c-99d2c1a196e8,1728612000000000000,1728612000000000000
BACKTESTER-001,QuantBT-001-001,ETHUSDT-PERP.BINANCE,BINANCE-1-707,ETHUSDT-PERP.BINANCE-QuantBT-001-001,BINANCE-001,T-e9ebdc63a4579a3e-167906,MARKET,BUY,21.747,IOC,False,False,21.747,TAKER,2443.42,0.0,['21.25482190 USDT'],NO_TRIGGER,FILLED,NO_CONTINGENCY,,,,,,,,3662dfd3-8509-4cf2-8d16-4a0efa816d26,1728842400000000000,1728842400000000000
BACKTESTER-001,QuantBT-001-001,ETHUSDT-PERP.BINANCE,BINANCE-1-708,ETHUSDT-PERP.BINANCE-QuantBT-001-001,BINANCE-001,T-3c0eb79439ef75d3-168382,MARKET,SELL,21.747,IOC,False,False,21.747,TAKER,2646.0,0.0,['23.01702480 USDT'],NO_TRIGGER,FILLED,NO_CONTINGENCY,,,,,,,,46ceb462-466e-44ff-8fdc-78b66e282b8e,1729270800000000000,1729270800000000000
BACKTESTER-001,QuantBT-001-001,ETHUSDT-PERP.BINANCE,BINANCE-1-709,ETHUSDT-PERP.BINANCE-QuantBT-001-001,BINANCE-001,T-07e4772187668c84-168737,MARKET,SELL,21.014,IOC,False,False,21.014,TAKER,2632.46,0.0,['22.12740578 USDT'],NO_TRIGGER,FILLED,NO_CONTINGENCY,,,,,,,,05bcf925-14d6-440a-aa7f-cc747466c95d,1729591200000000000,1729591200000000000
BACKTESTER-001,QuantBT-001-001,ETHUSDT-PERP.BINANCE,BINANCE-1-710,ETHUSDT-PERP.BINANCE-QuantBT-001-001,BINANCE-001,T-2f1b5d72800deb27-169022,MARKET,BUY,21.014,IOC,False,False,21.014,TAKER,2539.12,0.0,['21.34282707 USDT'],NO_TRIGGER,FILLED,NO_CONTINGENCY,,,,,,,,ae3808ad-f131-4b81-8797-b66496bb023e,1729846800000000000,1729846800000000000
BACKTESTER-001,QuantBT-001-001,ETHUSDT-PERP.BINANCE,BINANCE-1-711,ETHUSDT-PERP.BINANCE-QuantBT-001-001,BINANCE-001,T-b0d64fa9d90ebcae-169051,MARKET,SELL,22.233,IOC,False,False,22.233,TAKER,2531.19,0.0,['22.51037891 USDT'],NO_TRIGGER,FILLED,NO_CONTINGENCY,,,,,,,,a1eabfee-1d7d-4748-96c3-e5859f20b741,1729872000000000000,1729872000000000000
BACKTESTER-001,QuantBT-001-001,ETHUSDT-PERP.BINANCE,BINANCE-1-712,ETHUSDT-PERP.BINANCE-QuantBT-001-001,BINANCE-001,T-220b97fb4dd311e5-169307,MARKET,BUY,22.233,IOC,False,False,22.233,TAKER,2512.29,0.0,['22.34229743 USDT'],NO_TRIGGER,FILLED,NO_CONTINGENCY,,,,,,,,c54c094a-dc87-4c39-b606-dbaf4acf27d1,1730102400000000000,1730102400000000000
BACKTESTER-001,QuantBT-001-001,ETHUSDT-PERP.BINANCE,BINANCE-1-713,ETHUSDT-PERP.BINANCE-QuantBT-001-001,BINANCE-001,T-733a96ab76a7a492-169316,MARKET,BUY,22.311,IOC,False,False,22.311,TAKER,2530.73,0.0,['22.58524681 USDT'],NO_TRIGGER,FILLED,NO_CONTINGENCY,,,,,,,,8f6b2247-8622-4e6f-a476-b0e88967996e,1730109600000000000,1730109600000000000
BACKTESTER-001,QuantBT-001-001,ETHUSDT-PERP.BINANCE,BINANCE-1-714,ETHUSDT-PERP.BINANCE-QuantBT-001-001,BINANCE-001,T-f58aed9dd71c783f-169333,MARKET,SELL,22.311,IOC,False,False,22.311,TAKER,2524.99,0.0,['22.53402076 USDT'],NO_TRIGGER,FILLED,NO_CONTINGENCY,,,,,,,,38b788c0-5e94-4718-bebb-ca5946f170a5,1730124000000000000,1730124000000000000
BACKTESTER-001,QuantBT-001-001,ETHUSDT-PERP.BINANCE,BINANCE-1-715,ETHUSDT-PERP.BINANCE-QuantBT-001-001,BINANCE-001,T-882e13c7ba4ad820-169534,MARKET,SELL,20.970,IOC,False,False,20.970,TAKER,2688.47,0.0,['22.55088636 USDT'],NO_TRIGGER,FILLED,NO_CONTINGENCY,,,,,,,,de80d737-c381-4282-bc51-77b3065ddc2e,1730304000000000000,1730304000000000000
BACKTESTER-001,QuantBT-001-001,ETHUSDT-PERP.BINANCE,BINANCE-1-716,ETHUSDT-PERP.BINANCE-QuantBT-001-001,BINANCE-001,T-c0440c30d02d5e02-169918,MARKET,BUY,20.970,IOC,False,False,20.970,TAKER,2442.36,0.0,['20.48651568 USDT'],NO_TRIGGER,FILLED,NO_CONTINGENCY,,,,,,,,67fea7ed-9d5f-40e2-868a-93f1e318d13f,1730649600000000000,1730649600000000000
BACKTESTER-001,QuantBT-001-001,ETHUSDT-PERP.BINANCE,BINANCE-1-717,ETHUSDT-PERP.BINANCE-QuantBT-001-001,BINANCE-001,T-f4bdc4dc0969bd2e-170111,MARKET,SELL,23.944,IOC,False,False,23.944,TAKER,2461.43,0.0,['23.57459197 USDT'],NO_TRIGGER,FILLED,NO_CONTINGENCY,,,,,,,,8de90376-37e7-46a9-abb8-f89a9e81fb85,1730822400000000000,1730822400000000000
BACKTESTER-001,QuantBT-001-001,ETHUSDT-PERP.BINANCE,BINANCE-1-718,ETHUSDT-PERP.BINANCE-QuantBT-001-001,BINANCE-001,T-3f48c09c6a6c26d5-170120,MARKET,BUY,23.944,IOC,False,False,23.944,TAKER,2451.65,0.0,['23.48092304 USDT'],NO_TRIGGER,FILLED,NO_CONTINGENCY,,,,,,,,116d9308-6ac9-49ab-be30-252601246479,1730829600000000000,1730829600000000000
BACKTESTER-001,QuantBT-001-001,ETHUSDT-PERP.BINANCE,BINANCE-1-719,ETHUSDT-PERP.BINANCE-QuantBT-001-001,BINANCE-001,T-8c3cfe97250b6c23-170161,MARKET,BUY,22.848,IOC,False,False,22.848,TAKER,2583.6,0.0,['23.61203712 USDT'],NO_TRIGGER,FILLED,NO_CONTINGENCY,,,,,,,,bc46b379-6204-44aa-a80e-3a792e0dd8ff,1730865600000000000,1730865600000000000
BACKTESTER-001,QuantBT-001-001,ETHUSDT-PERP.BINANCE,BINANCE-1-720,ETHUSDT-PERP.BINANCE-QuantBT-001-001,BINANCE-001,T-fc8bb9d535e1040a-170897,MARKET,SELL,22.848,IOC,False,False,22.848,TAKER,3170.06,0.0,['28.97181235 USDT'],NO_TRIGGER,FILLED,NO_CONTINGENCY,,,,,,,,bad848ed-c329-4cf4-bd54-8f882b1a1859,1731528000000000000,1731528000000000000
BACKTESTER-001,QuantBT-001-001,ETHUSDT-PERP.BINANCE,BINANCE-1-721,ETHUSDT-PERP.BINANCE-QuantBT-001-001,BINANCE-001,T-2b443646cf3a29d0-171342,MARKET,SELL,21.274,IOC,False,False,21.274,TAKER,3088.47,0.0,['26.28164431 USDT'],NO_TRIGGER,FILLED,NO_CONTINGENCY,,,,,,,,df4175d3-08ae-4365-8c9c-4d865b037dff,1731931200000000000,1731931200000000000
BACKTESTER-001,QuantBT-001-001,ETHUSDT-PERP.BINANCE,BINANCE-1-722,ETHUSDT-PERP.BINANCE-QuantBT-001-001,BINANCE-001,T-4acdcf19f1ce6578-171355,MARKET,BUY,21.274,IOC,False,False,21.274,TAKER,3146.14,0.0,['26.77239294 USDT'],NO_TRIGGER,FILLED,NO_CONTINGENCY,,,,,,,,4fbea147-7877-4484-8ddc-f75de306e1cf,1731942000000000000,1731942000000000000
BACKTESTER-001,QuantBT-001-001,ETHUSDT-PERP.BINANCE,BINANCE-1-723,ETHUSDT-PERP.BINANCE-QuantBT-001-001,BINANCE-001,T-bea22041cd839300-171364,MARKET,BUY,20.471,IOC,False,False,20.471,TAKER,3178.38,0.0,['26.02584679 USDT'],NO_TRIGGER,FILLED,NO_CONTINGENCY,,,,,,,,284c5197-571b-43fc-9b5b-762856c6c2fd,1731949200000000000,1731949200000000000
BACKTESTER-001,QuantBT-001-001,ETHUSDT-PERP.BINANCE,BINANCE-1-724,ETHUSDT-PERP.BINANCE-QuantBT-001-001,BINANCE-001,T-f9ecfd3a32f66a14-171377,MARKET,SELL,20.471,IOC,False,False,20.471,TAKER,3157.36,0.0,['25.85372662 USDT'],NO_TRIGGER,FILLED,NO_CONTINGENCY,,,,,,,,0def0117-2960-4077-98ea-83894d7c17e0,1731960000000000000,1731960000000000000
BACKTESTER-001,QuantBT-001-001,ETHUSDT-PERP.BINANCE,BINANCE-1-725,ETHUSDT-PERP.BINANCE-QuantBT-001-001,BINANCE-001,T-057a18bc5655de23-171553,MARKET,BUY,20.973,IOC,False,False,20.973,TAKER,3090.81,0.0,['25.92942325 USDT'],NO_TRIGGER,FILLED,NO_CONTINGENCY,,,,,,,,efd1a9c8-904f-4c7a-88ab-f675ea7d422f,1732118400000000000,1732118400000000000
BACKTESTER-001,QuantBT-001-001,ETHUSDT-PERP.BINANCE,BINANCE-1-726,ETHUSDT-PERP.BINANCE-QuantBT-001-001,BINANCE-001,T-9f2f55f69a30b860-171558,MARKET,SELL,20.973,IOC,False,False,20.973,TAKER,3065.54,0.0,['25.71742817 USDT'],NO_TRIGGER,FILLED,NO_CONTINGENCY,,,,,,,,25455b1a-677f-4717-9bf7-3f485f2b4646,1732122000000000000,1732122000000000000
BACKTESTER-001,QuantBT-001-001,ETHUSDT-PERP.BINANCE,BINANCE-1-727,ETHUSDT-PERP.BINANCE-QuantBT-001-001,BINANCE-001,T-7a133fc660988d07-171607,MARKET,BUY,20.752,IOC,False,False,20.752,TAKER,3109.59,0.0,['25.81208467 USDT'],NO_TRIGGER,FILLED,NO_CONTINGENCY,,,,,,,,fd53c841-ddb3-413a-8b3c-5f1e685aad5f,1732165200000000000,1732165200000000000
BACKTESTER-001,QuantBT-001-001,ETHUSDT-PERP.BINANCE,BINANCE-1-728,ETHUSDT-PERP.BINANCE-QuantBT-001-001,BINANCE-001,T-69fd8bdb961c5791-171652,MARKET,SELL,20.752,IOC,False,False,20.752,TAKER,3333.96,0.0,['27.67453517 USDT'],NO_TRIGGER,FILLED,NO_CONTINGENCY,,,,,,,,c2640d72-42a7-4403-931b-57552f5fb782,1732204800000000000,1732204800000000000
BACKTESTER-001,QuantBT-001-001,ETHUSDT-PERP.BINANCE,BINANCE-1-729,ETHUSDT-PERP.BINANCE-QuantBT-001-001,BINANCE-001,T-ad8d76b54b50fbc9-171849,MARKET,SELL,19.497,IOC,False,False,19.497,TAKER,3427.82,0.0,['26.73288262 USDT'],NO_TRIGGER,FILLED,NO_CONTINGENCY,,,,,,,,1edd4318-45a0-4036-bb3c-4bc2787c46f9,1732381200000000000,1732381200000000000
BACKTESTER-001,QuantBT-001-001,ETHUSDT-PERP.BINANCE,BINANCE-1-730,ETHUSDT-PERP.BINANCE-QuantBT-001-001,BINANCE-001,T-c2378a84e09bb280-172014,MARKET,BUY,19.497,IOC,False,False,19.497,TAKER,3504.57,0.0,['27.33144052 USDT'],NO_TRIGGER,FILLED,NO_CONTINGENCY,,,,,,,,ea769a64-b06e-447b-b023-60bc42c245f9,1732528800000000000,1732528800000000000
BACKTESTER-001,QuantBT-001-001,ETHUSDT-PERP.BINANCE,BINANCE-1-731,ETHUSDT-PERP.BINANCE-QuantBT-001-001,BINANCE-001,T-bce51dd059fb8ce7-172031,MARKET,SELL,19.368,IOC,False,False,19.368,TAKER,3410.61,0.0,['26.42267779 USDT'],NO_TRIGGER,FILLED,NO_CONTINGENCY,,,,,,,,39ff6da4-d1d2-4f86-9ec7-7a72556fbee0,1732543200000000000,1732543200000000000
BACKTESTER-001,QuantBT-001-001,ETHUSDT-PERP.BINANCE,BINANCE-1-732,ETHUSDT-PERP.BINANCE-QuantBT-001-001,BINANCE-001,T-f5f9782c5e227d0c-172036,MARKET,BUY,19.368,IOC,False,False,19.368,TAKER,3521.26,0.0,['27.27990547 USDT'],NO_TRIGGER,FILLED,NO_CONTINGENCY,,,,,,,,55463d46-c687-4298-bfe5-268c92f80beb,1732546800000000000,1732546800000000000
BACKTESTER-001,QuantBT-001-001,ETHUSDT-PERP.BINANCE,BINANCE-1-733,ETHUSDT-PERP.BINANCE-QuantBT-001-001,BINANCE-001,T-aeaf7273101ac808-172501,MARKET,SELL,17.768,IOC,False,False,17.768,TAKER,3656.05,0.0,['25.98427856 USDT'],NO_TRIGGER,FILLED,NO_CONTINGENCY,,,,,,,,2edb7eb3-0591-4fe3-8e35-1593e0fad33f,1732964400000000000,1732964400000000000
BACKTESTER-001,QuantBT-001-001,ETHUSDT-PERP.BINANCE,BINANCE-1-734,ETHUSDT-PERP.BINANCE-QuantBT-001-001,BINANCE-001,T-7808fe4e200d2c6e-172538,MARKET,BUY,17.768,IOC,False,False,17.768,TAKER,3714.32,0.0,['26.39841510 USDT'],NO_TRIGGER,FILLED,NO_CONTINGENCY,,,,,,,,46b43a79-2f17-49af-ab15-f8ecc3b55e8b,1732996800000000000,1732996800000000000
BACKTESTER-001,QuantBT-001-001,ETHUSDT-PERP.BINANCE,BINANCE-1-735,ETHUSDT-PERP.BINANCE-QuantBT-001-001,BINANCE-001,T-2131f13497da44fd-172666,MARKET,SELL,17.439,IOC,False,False,17.439,TAKER,3693.71,0.0,['25.76584348 USDT'],NO_TRIGGER,FILLED,NO_CONTINGENCY,,,,,,,,13914685-6634-4f08-af6e-b956622a4d1e,1733112000000000000,1733112000000000000
BACKTESTER-001,QuantBT-001-001,ETHUSDT-PERP.BINANCE,BINANCE-1-736,ETHUSDT-PERP.BINANCE-QuantBT-001-001,BINANCE-001,T-8c034056f7666ad7-172887,MARKET,BUY,17.439,IOC,False,False,17.439,TAKER,3731.0,0.0,['26.02596360 USDT'],NO_TRIGGER,FILLED,NO_CONTINGENCY,,,,,,,,ab65c285-759b-441a-89e5-b158831b1f90,1733310000000000000,1733310000000000000
BACKTESTER-001,QuantBT-001-001,ETHUSDT-PERP.BINANCE,BINANCE-1-737,ETHUSDT-PERP.BINANCE-QuantBT-001-001,BINANCE-001,T-7a5f13bcfe5319f7-172912,MARKET,SELL,16.799,IOC,False,False,16.799,TAKER,3813.64,0.0,['25.62613534 USDT'],NO_TRIGGER,FILLED,NO_CONTINGENCY,,,,,,,,36f86472-b739-4a4c-8f0a-174af2ad56f3,1733331600000000000,1733331600000000000
BACKTESTER-001,QuantBT-001-001,ETHUSDT-PERP.BINANCE,BINANCE-1-738,ETHUSDT-PERP.BINANCE-QuantBT-001-001,BINANCE-001,T-d95677ac9490400b-172917,MARKET,BUY,16.799,IOC,False,False,16.799,TAKER,3825.47,0.0,['25.70562821 USDT'],NO_TRIGGER,FILLED,NO_CONTINGENCY,,,,,,,,79f81e0f-d628-4856-9a06-d3aec8183be8,1733335200000000000,1733335200000000000
BACKTESTER-001,QuantBT-001-001,ETHUSDT-PERP.BINANCE,BINANCE-1-739,ETHUSDT-PERP.BINANCE-QuantBT-001-001,BINANCE-001,T-36c6f14a19a400c4-173329,MARKET,SELL,16.198,IOC,False,False,16.198,TAKER,3947.25,0.0,['25.57502220 USDT'],NO_TRIGGER,FILLED,NO_CONTINGENCY,,,,,,,,b88470a4-029f-414b-9da5-bfde1f5e15cc,1733706000000000000,1733706000000000000
BACKTESTER-001,QuantBT-001-001,ETHUSDT-PERP.BINANCE,BINANCE-1-740,ETHUSDT-PERP.BINANCE-QuantBT-001-001,BINANCE-001,T-b5b78e9311ae11a1-173418,MARKET,BUY,16.198,IOC,False,False,16.198,TAKER,3712.55,0.0,['24.05435396 USDT'],NO_TRIGGER,FILLED,NO_CONTINGENCY,,,,,,,,ddbe6df6-efc4-4255-bbb3-ae80072d6204,1733785200000000000,1733785200000000000
BACKTESTER-001,QuantBT-001-001,ETHUSDT-PERP.BINANCE,BINANCE-1-741,ETHUSDT-PERP.BINANCE-QuantBT-001-001,BINANCE-001,T-0424839e9fe2bebb-173775,MARKET,SELL,16.827,IOC,False,False,16.827,TAKER,3911.25,0.0,['26.32584150 USDT'],NO_TRIGGER,FILLED,NO_CONTINGENCY,,,,,,,,5ad763e1-b8ce-46ba-81c9-e51e036934b3,1734105600000000000,1734105600000000000
BACKTESTER-001,QuantBT-001-001,ETHUSDT-PERP.BINANCE,BINANCE-1-742,ETHUSDT-PERP.BINANCE-QuantBT-001-001,BINANCE-001,T-16654cf05483e208-173784,MARKET,BUY,16.827,IOC,False,False,16.827,TAKER,3912.1,0.0,['26.33156268 USDT'],NO_TRIGGER,FILLED,NO_CONTINGENCY,,,,,,,,dae7601f-e7d7-462e-a2db-92e2f23494e2,1734112800000000000,1734112800000000000
BACKTESTER-001,QuantBT-001-001,ETHUSDT-PERP.BINANCE,BINANCE-1-743,ETHUSDT-PERP.BINANCE-QuantBT-001-001,BINANCE-001,T-0401335ead2223ab-174005,MARKET,BUY,16.409,IOC,False,False,16.409,TAKER,4008.79,0.0,['26.31209404 USDT'],NO_TRIGGER,FILLED,NO_CONTINGENCY,,,,,,,,3452711a-ca5a-49c1-8211-6fb85d522846,1734310800000000000,1734310800000000000
BACKTESTER-001,QuantBT-001-001,ETHUSDT-PERP.BINANCE,BINANCE-1-744,ETHUSDT-PERP.BINANCE-QuantBT-001-001,BINANCE-001,T-3d26bfb65bc6fd98-174018,MARKET,SELL,16.409,IOC,False,False,16.409,TAKER,3953.86,0.0,['25.95155550 USDT'],NO_TRIGGER,FILLED,NO_CONTINGENCY,,,,,,,,28164885-215f-4509-bffb-b893ee158abb,1734321600000000000,1734321600000000000
BACKTESTER-001,QuantBT-001-001,ETHUSDT-PERP.BINANCE,BINANCE-1-745,ETHUSDT-PERP.BINANCE-QuantBT-001-001,BINANCE-001,T-ca796d5c953e5df0-174075,MARKET,BUY,15.978,IOC,False,False,15.978,TAKER,4087.25,0.0,['26.12243220 USDT'],NO_TRIGGER,FILLED,NO_CONTINGENCY,,,,,,,,863a31b9-97f0-4146-9a26-ae490da8b84f,1734372000000000000,1734372000000000000
BACKTESTER-001,QuantBT-001-001,ETHUSDT-PERP.BINANCE,BINANCE-1-746,ETHUSDT-PERP.BINANCE-QuantBT-001-001,BINANCE-001,T-272f5bdf695f0d32-174100,MARKET,SELL,15.978,IOC,False,False,15.978,TAKER,3957.18,0.0,['25.29112882 USDT'],NO_TRIGGER,FILLED,NO_CONTINGENCY,,,,,,,,a61e4639-134d-4465-9e3b-89fad33f473b,1734393600000000000,1734393600000000000
BACKTESTER-001,QuantBT-001-001,ETHUSDT-PERP.BINANCE,BINANCE-1-747,ETHUSDT-PERP.BINANCE-QuantBT-001-001,BINANCE-001,T-e4dbfbc6c36adede-174277,MARKET,SELL,17.390,IOC,False,False,17.390,TAKER,3693.99,0.0,['25.69539444 USDT'],NO_TRIGGER,FILLED,NO_CONTINGENCY,,,,,,,,30bff7ed-befc-4266-8bf1-d7a5ee2f0b24,1734552000000000000,1734552000000000000
BACKTESTER-001,QuantBT-001-001,ETHUSDT-PERP.BINANCE,BINANCE-1-748,ETHUSDT-PERP.BINANCE-QuantBT-001-001,BINANCE-001,T-02e2b48d3b96cdbb-174442,MARKET,BUY,17.390,IOC,False,False,17.390,TAKER,3296.12,0.0,['22.92781072 USDT'],NO_TRIGGER,FILLED,NO_CONTINGENCY,,,,,,,,3c00559d-b25e-4beb-83b8-b9c4371f2fb5,1734699600000000000,1734699600000000000
BACKTESTER-001,QuantBT-001-001,ETHUSDT-PERP.BINANCE,BINANCE-1-749,ETHUSDT-PERP.BINANCE-QuantBT-001-001,BINANCE-001,T-68f36362f5635462-175094,MARKET,SELL,20.157,IOC,False,False,20.157,TAKER,3357.49,0.0,['27.07077037 USDT'],NO_TRIGGER,FILLED,NO_CONTINGENCY,,,,,,,,756e42ec-df49-4e87-abbc-1470915e73d6,1735286400000000000,1735286400000000000
BACKTESTER-001,QuantBT-001-001,ETHUSDT-PERP.BINANCE,BINANCE-1-750,ETHUSDT-PERP.BINANCE-QuantBT-001-001,BINANCE-001,T-5755db8a755e5a75-175099,MARKET,BUY,20.157,IOC,False,False,20.157,TAKER,3421.29,0.0,['27.58517701 USDT'],NO_TRIGGER,FILLED,NO_CONTINGENCY,,,,,,,,781469d5-c849-4db2-905c-9284c2cbd7e3,1735290000000000000,1735290000000000000
BACKTESTER-001,QuantBT-001-001,ETHUSDT-PERP.BINANCE,BINANCE-1-751,ETHUSDT-PERP.BINANCE-QuantBT-001-001,BINANCE-001,T-70d8a01d8dc89a7f-175354,MARKET,BUY,19.593,IOC,False,False,19.593,TAKER,3419.9,0.0,['26.80244028 USDT'],NO_TRIGGER,FILLED,NO_CONTINGENCY,,,,,,,,ee06fa5d-bc07-432d-af71-982f49c6a5aa,1735520400000000000,1735520400000000000
BACKTESTER-001,QuantBT-001-001,ETHUSDT-PERP.BINANCE,BINANCE-1-752,ETHUSDT-PERP.BINANCE-QuantBT-001-001,BINANCE-001,T-64860bdeb2e52b0a-175407,MARKET,SELL,19.593,IOC,False,False,19.593,TAKER,3314.68,0.0,['25.97781010 USDT'],NO_TRIGGER,FILLED,NO_CONTINGENCY,,,,,,,,551af449-9af8-4be8-8571-fd44873363b7,1735567200000000000,1735567200000000000
