trader_id,strategy_id,instrument_id,account_id,opening_order_id,closing_order_id,entry,side,quantity,peak_qty,ts_init,ts_opened,ts_last,ts_closed,duration_ns,avg_px_open,avg_px_close,commissions,realized_return,realized_pnl,is_snapshot
BACKTESTER-001,QuantBT-001-001,ETHUSDT-PERP.BINANCE,BINANCE-001,O-20200103-150000-001-001-1,O-20200103-170000-001-001-2,SELL,FLAT,0.000,75.500,1578063600000000000,2020-01-03 15:00:00+00:00,1578070800000000000,2020-01-03 17:00:00+00:00,7200000000000,132.45,133.93,['8.04467600 USDT'],-0.01117,-119.78467600 USDT,True
BACKTESTER-001,QuantBT-001-001,ETHUSDT-PERP.BINANCE,BINANCE-001,O-20200105-220000-001-001-3,O-20200106-020000-001-001-4,SELL,FLAT,0.000,73.647,1578261600000000000,2020-01-05 22:00:00+00:00,1578276000000000000,2020-01-06 02:00:00+00:00,14400000000000,134.97,139.03,['8.07171120 USDT'],-0.03008,-307.07853120 USDT,True
BACKTESTER-001,QuantBT-001-001,ETHUSDT-PERP.BINANCE,BINANCE-001,O-20200106-140000-001-001-5,O-20200106-210000-001-001-6,SELL,FLAT,0.000,69.413,1578319200000000000,2020-01-06 14:00:00+00:00,1578344400000000000,2020-01-06 21:00:00+00:00,25200000000000,140.99,141.61,['7.84644552 USDT'],-0.0044,-50.88250552 USDT,True
BACKTESTER-001,QuantBT-001-001,ETHUSDT-PERP.BINANCE,BINANCE-001,O-20200111-180000-001-001-7,O-20200111-220000-001-001-8,BUY,FLAT,0.000,66.588,1578765600000000000,2020-01-11 18:00:00+00:00,1578780000000000000,2020-01-11 22:00:00+00:00,14400000000000,146.59,143.31,['7.72154448 USDT'],-0.02238,-226.13018448 USDT,True
BACKTESTER-001,QuantBT-001-001,ETHUSDT-PERP.BINANCE,BINANCE-001,O-20200114-130000-001-001-9,O-20200114-140000-001-001-10,SELL,FLAT,0.000,62.609,1579006800000000000,2020-01-14 13:00:00+00:00,1579010400000000000,2020-01-14 14:00:00+00:00,3600000000000,154.1,155.96,['7.76501862 USDT'],-0.01207,-124.21775862 USDT,True
BACKTESTER-001,QuantBT-001-001,ETHUSDT-PERP.BINANCE,BINANCE-001,O-20200114-150000-001-001-11,O-20200114-160000-001-001-12,BUY,FLAT,0.000,61.417,1579014000000000000,2020-01-14 15:00:00+00:00,1579017600000000000,2020-01-14 16:00:00+00:00,3600000000000,156.08,159.55,['7.75401908 USDT'],0.02223,205.36297092 USDT,True
BACKTESTER-001,QuantBT-001-001,ETHUSDT-PERP.BINANCE,BINANCE-001,O-20200114-190000-001-001-13,O-20200115-000000-001-001-14,SELL,FLAT,0.000,58.496,1579028400000000000,2020-01-14 19:00:00+00:00,1579046400000000000,2020-01-15 00:00:00+00:00,18000000000000,165.63,169.25,['7.83565619 USDT'],-0.02186,-219.59117619 USDT,True
BACKTESTER-001,QuantBT-001-001,ETHUSDT-PERP.BINANCE,BINANCE-001,O-20200117-070000-001-001-15,O-20200117-080000-001-001-16,SELL,FLAT,0.000,55.941,1579244400000000000,2020-01-17 07:00:00+00:00,1579248000000000000,2020-01-17 08:00:00+00:00,3600000000000,171.23,171.8,['7.67577649 USDT'],-0.00333,-39.56214649 USDT,True
BACKTESTER-001,QuantBT-001-001,ETHUSDT-PERP.BINANCE,BINANCE-001,O-20200118-170000-001-001-17,O-20200118-220000-001-001-18,SELL,FLAT,0.000,54.620,1579366800000000000,2020-01-18 17:00:00+00:00,1579384800000000000,2020-01-18 22:00:00+00:00,18000000000000,175.01,177.18,['7.69464712 USDT'],-0.0124,-126.22004712 USDT,True
BACKTESTER-001,QuantBT-001-001,ETHUSDT-PERP.BINANCE,BINANCE-001,O-20200121-220000-001-001-19,O-20200122-090000-001-001-20,BUY,FLAT,0.000,56.050,1579644000000000000,2020-01-21 22:00:00+00:00,1579683600000000000,2020-01-22 09:00:00+00:00,39600000000000,169.42,169.11,['7.58984260 USDT'],-0.00183,-24.96534260 USDT,True
BACKTESTER-001,QuantBT-001-001,ETHUSDT-PERP.BINANCE,BINANCE-001,O-20200124-030000-001-001-21,O-20200124-120000-001-001-22,SELL,FLAT,0.000,59.592,1579834800000000000,2020-01-24 03:00:00+00:00,1579867200000000000,2020-01-24 12:00:00+00:00,32400000000000,159.14,161.49,['7.64279318 USDT'],-0.01477,-147.68399318 USDT,True
BACKTESTER-001,QuantBT-001-001,ETHUSDT-PERP.BINANCE,BINANCE-001,O-20200124-130000-001-001-23,O-20200125-010000-001-001-24,BUY,FLAT,0.000,58.152,1579870800000000000,2020-01-24 13:00:00+00:00,1579914000000000000,2020-01-25 01:00:00+00:00,43200000000000,161.81,158.74,['7.45624944 USDT'],-0.01897,-185.98288944 USDT,True
BACKTESTER-001,QuantBT-001-001,ETHUSDT-PERP.BINANCE,BINANCE-001,O-20200127-010000-001-001-25,O-20200127-130000-001-001-26,SELL,FLAT,0.000,55.344,1580086800000000000,2020-01-27 01:00:00+00:00,1580130000000000000,2020-01-27 13:00:00+00:00,43200000000000,168.34,169.25,['7.47343238 USDT'],-0.00541,-57.83647238 USDT,True
BACKTESTER-001,QuantBT-001-001,ETHUSDT-PERP.BINANCE,BINANCE-001,O-20200130-170000-001-001-27,O-20200130-180000-001-001-28,SELL,FLAT,0.000,51.653,1580403600000000000,2020-01-30 17:00:00+00:00,1580407200000000000,2020-01-30 18:00:00+00:00,3600000000000,179.81,181.32,['7.46137915 USDT'],-0.0084,-85.45740915 USDT,True
BACKTESTER-001,QuantBT-001-001,ETHUSDT-PERP.BINANCE,BINANCE-001,O-20200202-070000-001-001-29,O-20200223-110000-001-001-30,BUY,FLAT,0.000,49.349,1580626800000000000,2020-02-02 07:00:00+00:00,1582455600000000000,2020-02-23 11:00:00+00:00,1828800000000000,187.34,268.51,['8.99829666 USDT'],0.43328,3996.66003334 USDT,True
BACKTESTER-001,QuantBT-001-001,ETHUSDT-PERP.BINANCE,BINANCE-001,O-20200225-120000-001-001-31,O-20200225-140000-001-001-32,BUY,FLAT,0.000,42.995,1582632000000000000,2020-02-25 12:00:00+00:00,1582639200000000000,2020-02-25 14:00:00+00:00,7200000000000,261.5,253.93,['8.86436514 USDT'],-0.02895,-334.33651514 USDT,True
BACKTESTER-001,QuantBT-001-001,ETHUSDT-PERP.BINANCE,BINANCE-001,O-20200225-150000-001-001-33,O-20200301-020000-001-001-34,SELL,FLAT,0.000,43.836,1582642800000000000,2020-02-25 15:00:00+00:00,1583028000000000000,2020-03-01 02:00:00+00:00,385200000000000,252.67,223.6,['8.35110869 USDT'],0.11505,1265.96141131 USDT,True
BACKTESTER-001,QuantBT-001-001,ETHUSDT-PERP.BINANCE,BINANCE-001,O-20200301-130000-001-001-35,O-20200302-110000-001-001-36,SELL,FLAT,0.000,52.639,1583067600000000000,2020-03-01 13:00:00+00:00,1583146800000000000,2020-03-02 11:00:00+00:00,79200000000000,222.44,224.84,['9.41774876 USDT'],-0.01079,-135.75134876 USDT,True
BACKTESTER-001,QuantBT-001-001,ETHUSDT-PERP.BINANCE,BINANCE-001,O-20200306-070000-001-001-37,O-20200307-170000-001-001-38,BUY,FLAT,0.000,49.415,1583478000000000000,2020-03-06 07:00:00+00:00,1583600400000000000,2020-03-07 17:00:00+00:00,122400000000000,235.58,239.13,['9.38311786 USDT'],0.01507,166.04013214 USDT,True
BACKTESTER-001,QuantBT-001-001,ETHUSDT-PERP.BINANCE,BINANCE-001,O-20200315-220000-001-001-39,O-20200315-230000-001-001-40,BUY,FLAT,0.000,94.604,1584309600000000000,2020-03-15 22:00:00+00:00,1584313200000000000,2020-03-15 23:00:00+00:00,3600000000000,123.93,123.89,['9.37790531 USDT'],-0.00032,-13.16206531 USDT,True
BACKTESTER-001,QuantBT-001-001,ETHUSDT-PERP.BINANCE,BINANCE-001,O-20200316-150000-001-001-41,O-20200316-200000-001-001-42,BUY,FLAT,0.000,102.204,1584370800000000000,2020-03-16 15:00:00+00:00,1584388800000000000,2020-03-16 20:00:00+00:00,18000000000000,114.65,109.27,['9.15420787 USDT'],-0.04693,-559.01172787 USDT,True
BACKTESTER-001,QuantBT-001-001,ETHUSDT-PERP.BINANCE,BINANCE-001,O-20200319-140000-001-001-43,O-20200319-160000-001-001-44,SELL,FLAT,0.000,90.707,1584626400000000000,2020-03-19 14:00:00+00:00,1584633600000000000,2020-03-19 16:00:00+00:00,7200000000000,126.1,135.2,['9.48069564 USDT'],-0.07216,-834.91439564 USDT,True
BACKTESTER-001,QuantBT-001-001,ETHUSDT-PERP.BINANCE,BINANCE-001,O-20200323-010000-001-001-45,O-20200323-020000-001-001-46,BUY,FLAT,0.000,89.396,1584925200000000000,2020-03-23 01:00:00+00:00,1584928800000000000,2020-03-23 02:00:00+00:00,3600000000000,123.28,124.13,['8.84698574 USDT'],0.00689,67.13961426 USDT,True
BACKTESTER-001,QuantBT-001-001,ETHUSDT-PERP.BINANCE,BINANCE-001,O-20200401-210000-001-001-47,O-20200402-190000-001-001-48,BUY,FLAT,0.000,83.999,1585774800000000000,2020-04-01 21:00:00+00:00,1585854000000000000,2020-04-02 19:00:00+00:00,79200000000000,131.6,140.87,['9.15488301 USDT'],0.07044,769.51584699 USDT,True
BACKTESTER-001,QuantBT-001-001,ETHUSDT-PERP.BINANCE,BINANCE-001,O-20200406-140000-001-001-49,O-20200406-160000-001-001-50,SELL,FLAT,0.000,73.374,1586181600000000000,2020-04-06 14:00:00+00:00,1586188800000000000,2020-04-06 16:00:00+00:00,7200000000000,155.9,163.32,['9.36897931 USDT'],-0.04759,-553.80405931 USDT,True
BACKTESTER-001,QuantBT-001-001,ETHUSDT-PERP.BINANCE,BINANCE-001,O-20200418-130000-001-001-51,O-20200418-170000-001-001-52,BUY,FLAT,0.000,60.859,1587214800000000000,2020-04-18 13:00:00+00:00,1587229200000000000,2020-04-18 17:00:00+00:00,14400000000000,183.41,182.43,['8.90586263 USDT'],-0.00534,-68.54768263 USDT,True
BACKTESTER-001,QuantBT-001-001,ETHUSDT-PERP.BINANCE,BINANCE-001,O-20200423-150000-001-001-53,O-20200424-000000-001-001-54,BUY,FLAT,0.000,58.769,1587654000000000000,2020-04-23 15:00:00+00:00,1587686400000000000,2020-04-24 00:00:00+00:00,32400000000000,189.35,186.27,['8.82992471 USDT'],-0.01627,-189.83844471 USDT,True
BACKTESTER-001,QuantBT-001-001,ETHUSDT-PERP.BINANCE,BINANCE-001,O-20200425-120000-001-001-55,O-20200425-140000-001-001-56,SELL,FLAT,0.000,56.789,1587816000000000000,2020-04-25 12:00:00+00:00,1587823200000000000,2020-04-25 14:00:00+00:00,7200000000000,194.28,195.56,['8.85544951 USDT'],-0.00659,-81.54536951 USDT,True
BACKTESTER-001,QuantBT-001-001,ETHUSDT-PERP.BINANCE,BINANCE-001,O-20200426-150000-001-001-57,O-20200427-140000-001-001-58,SELL,FLAT,0.000,56.646,1587913200000000000,2020-04-26 15:00:00+00:00,1587996000000000000,2020-04-27 14:00:00+00:00,82800000000000,194.05,191.89,['8.74478290 USDT'],0.01113,113.61057710 USDT,True
BACKTESTER-001,QuantBT-001-001,ETHUSDT-PERP.BINANCE,BINANCE-001,O-20200429-140000-001-001-59,O-20200429-170000-001-001-60,SELL,FLAT,0.000,52.752,1588168800000000000,2020-04-29 14:00:00+00:00,1588179600000000000,2020-04-29 17:00:00+00:00,10800000000000,209.45,215.29,['8.96235379 USDT'],-0.02788,-317.03403379 USDT,True
BACKTESTER-001,QuantBT-001-001,ETHUSDT-PERP.BINANCE,BINANCE-001,O-20200429-180000-001-001-61,O-20200430-020000-001-001-62,SELL,FLAT,0.000,50.715,1588183200000000000,2020-04-29 18:00:00+00:00,1588212000000000000,2020-04-30 02:00:00+00:00,28800000000000,214.74,218.5,['8.78870664 USDT'],-0.01751,-199.47710664 USDT,True
BACKTESTER-001,QuantBT-001-001,ETHUSDT-PERP.BINANCE,BINANCE-001,O-20200519-120000-001-001-63,O-20200520-070000-001-001-64,SELL,FLAT,0.000,51.136,1589889600000000000,2020-05-19 12:00:00+00:00,1589958000000000000,2020-05-20 07:00:00+00:00,68400000000000,211.02,213.4,['8.68125645 USDT'],-0.01128,-130.38493645 USDT,True
BACKTESTER-001,QuantBT-001-001,ETHUSDT-PERP.BINANCE,BINANCE-001,O-20200520-160000-001-001-65,O-20200520-220000-001-001-66,SELL,FLAT,0.000,51.282,1589990400000000000,2020-05-20 16:00:00+00:00,1590012000000000000,2020-05-20 22:00:00+00:00,21600000000000,209.15,210.1,['8.59999140 USDT'],-0.00454,-57.31789140 USDT,True
BACKTESTER-001,QuantBT-001-001,ETHUSDT-PERP.BINANCE,BINANCE-001,O-20200528-130000-001-001-67,O-20200605-110000-001-001-68,BUY,FLAT,0.000,51.118,1590670800000000000,2020-05-28 13:00:00+00:00,1591354800000000000,2020-06-05 11:00:00+00:00,684000000000000,209.26,243.3,['9.25358483 USDT'],0.16267,1730.80313517 USDT,True
BACKTESTER-001,QuantBT-001-001,ETHUSDT-PERP.BINANCE,BINANCE-001,O-20200607-200000-001-001-69,O-20200609-010000-001-001-70,BUY,FLAT,0.000,47.668,1591560000000000000,2020-06-07 20:00:00+00:00,1591664400000000000,2020-06-09 01:00:00+00:00,104400000000000,242.56,243.96,['9.27657414 USDT'],0.00577,57.45862586 USDT,True
BACKTESTER-001,QuantBT-001-001,ETHUSDT-PERP.BINANCE,BINANCE-001,O-20200610-190000-001-001-71,O-20200611-140000-001-001-72,BUY,FLAT,0.000,46.933,1591815600000000000,2020-06-10 19:00:00+00:00,1591884000000000000,2020-06-11 14:00:00+00:00,68400000000000,246.97,241.11,['9.16282345 USDT'],-0.02373,-284.19020345 USDT,True
BACKTESTER-001,QuantBT-001-001,ETHUSDT-PERP.BINANCE,BINANCE-001,O-20200622-030000-001-001-73,O-20200624-080000-001-001-74,BUY,FLAT,0.000,48.871,1592794800000000000,2020-06-22 03:00:00+00:00,1592985600000000000,2020-06-24 08:00:00+00:00,190800000000000,234.27,243.03,['9.33045132 USDT'],0.03739,418.77950868 USDT,True
BACKTESTER-001,QuantBT-001-001,ETHUSDT-PERP.BINANCE,BINANCE-001,O-20200708-050000-001-001-75,O-20200708-110000-001-001-76,SELL,FLAT,0.000,48.739,1594184400000000000,2020-07-08 05:00:00+00:00,1594206000000000000,2020-07-08 11:00:00+00:00,21600000000000,239.2,244.13,['9.42280835 USDT'],-0.02061,-249.70607835 USDT,True
BACKTESTER-001,QuantBT-001-001,ETHUSDT-PERP.BINANCE,BINANCE-001,O-20200708-130000-001-001-77,O-20200708-140000-001-001-78,SELL,FLAT,0.000,46.806,1594213200000000000,2020-07-08 13:00:00+00:00,1594216800000000000,2020-07-08 14:00:00+00:00,3600000000000,246.41,245.84,['9.21610140 USDT'],0.00231,17.46331860 USDT,True
BACKTESTER-001,QuantBT-001-001,ETHUSDT-PERP.BINANCE,BINANCE-001,O-20200712-230000-001-001-79,O-20200713-200000-001-001-80,BUY,FLAT,0.000,47.534,1594594800000000000,2020-07-12 23:00:00+00:00,1594670400000000000,2020-07-13 20:00:00+00:00,75600000000000,242.82,239.14,['9.16379465 USDT'],-0.01516,-184.08891465 USDT,True
BACKTESTER-001,QuantBT-001-001,ETHUSDT-PERP.BINANCE,BINANCE-001,O-20200716-070000-001-001-81,O-20200719-230000-001-001-82,SELL,FLAT,0.000,49.237,1594882800000000000,2020-07-16 07:00:00+00:00,1595199600000000000,2020-07-19 23:00:00+00:00,316800000000000,232.55,239.19,['9.29082495 USDT'],-0.02855,-336.22450495 USDT,True
BACKTESTER-001,QuantBT-001-001,ETHUSDT-PERP.BINANCE,BINANCE-001,O-20200725-170000-001-001-83,O-20200801-110000-001-001-84,BUY,FLAT,0.000,37.998,1595696400000000000,2020-07-25 17:00:00+00:00,1596279600000000000,2020-08-01 11:00:00+00:00,583200000000000,296.91,356.67,['9.93389313 USDT'],0.20127,2260.82658687 USDT,True
BACKTESTER-001,QuantBT-001-001,ETHUSDT-PERP.BINANCE,BINANCE-001,O-20200802-050000-001-001-85,O-20200802-060000-001-001-86,SELL,FLAT,0.000,33.497,1596344400000000000,2020-08-02 05:00:00+00:00,1596348000000000000,2020-08-02 06:00:00+00:00,3600000000000,370.55,373.96,['9.97554059 USDT'],-0.0092,-124.20031059 USDT,True
BACKTESTER-001,QuantBT-001-001,ETHUSDT-PERP.BINANCE,BINANCE-001,O-20200805-230000-001-001-87,O-20200806-000000-001-001-88,SELL,FLAT,0.000,30.803,1596668400000000000,2020-08-05 23:00:00+00:00,1596672000000000000,2020-08-06 00:00:00+00:00,3600000000000,400.95,399.85,['9.86681696 USDT'],0.00274,24.01648304 USDT,True
BACKTESTER-001,QuantBT-001-001,ETHUSDT-PERP.BINANCE,BINANCE-001,O-20200817-160000-001-001-89,O-20200817-190000-001-001-90,BUY,FLAT,0.000,28.038,1597680000000000000,2020-08-17 16:00:00+00:00,1597690800000000000,2020-08-17 19:00:00+00:00,10800000000000,440.92,438.39,['9.86163751 USDT'],-0.00574,-80.79777751 USDT,True
BACKTESTER-001,QuantBT-001-001,ETHUSDT-PERP.BINANCE,BINANCE-001,O-20200823-140000-001-001-91,O-20200825-150000-001-001-92,BUY,FLAT,0.000,31.601,1598191200000000000,2020-08-23 14:00:00+00:00,1598367600000000000,2020-08-25 15:00:00+00:00,176400000000000,389.92,385.76,['9.80490547 USDT'],-0.01067,-141.26506547 USDT,True
BACKTESTER-001,QuantBT-001-001,ETHUSDT-PERP.BINANCE,BINANCE-001,O-20200825-190000-001-001-93,O-20200827-180000-001-001-94,BUY,FLAT,0.000,32.268,1598382000000000000,2020-08-25 19:00:00+00:00,1598551200000000000,2020-08-27 18:00:00+00:00,169200000000000,379.67,380.55,['9.81231158 USDT'],0.00232,18.58352842 USDT,True
BACKTESTER-001,QuantBT-001-001,ETHUSDT-PERP.BINANCE,BINANCE-001,O-20200829-110000-001-001-95,O-20200829-160000-001-001-96,SELL,FLAT,0.000,30.814,1598698800000000000,2020-08-29 11:00:00+00:00,1598716800000000000,2020-08-29 16:00:00+00:00,18000000000000,397.89,402.64,['9.86701256 USDT'],-0.01194,-156.23351256 USDT,True
BACKTESTER-001,QuantBT-001-001,ETHUSDT-PERP.BINANCE,BINANCE-001,O-20200901-160000-001-001-97,O-20200901-170000-001-001-98,BUY,FLAT,0.000,25.433,1598976000000000000,2020-09-01 16:00:00+00:00,1598979600000000000,2020-09-01 17:00:00+00:00,3600000000000,479.01,475.63,['9.71174365 USDT'],-0.00706,-95.67528365 USDT,True
BACKTESTER-001,QuantBT-001-001,ETHUSDT-PERP.BINANCE,BINANCE-001,O-20200904-150000-001-001-99,O-20200904-200000-001-001-100,SELL,FLAT,0.000,31.578,1599231600000000000,2020-09-04 15:00:00+00:00,1599249600000000000,2020-09-04 20:00:00+00:00,18000000000000,384.28,391.28,['9.79625348 USDT'],-0.01822,-230.84225348 USDT,True
BACKTESTER-001,QuantBT-001-001,ETHUSDT-PERP.BINANCE,BINANCE-001,O-20200917-020000-001-001-101,O-20200917-110000-001-001-102,BUY,FLAT,0.000,31.623,1600308000000000000,2020-09-17 02:00:00+00:00,1600340400000000000,2020-09-17 11:00:00+00:00,32400000000000,380.08,382.79,['9.64969521 USDT'],0.00713,76.04863479 USDT,True
BACKTESTER-001,QuantBT-001-001,ETHUSDT-PERP.BINANCE,BINANCE-001,O-20201008-130000-001-001-103,O-20201014-150000-001-001-104,BUY,FLAT,0.000,35.064,1602162000000000000,2020-10-08 13:00:00+00:00,1602687600000000000,2020-10-14 15:00:00+00:00,525600000000000,343.86,375.92,['10.09534637 USDT'],0.09324,1114.05649363 USDT,True
BACKTESTER-001,QuantBT-001-001,ETHUSDT-PERP.BINANCE,BINANCE-001,O-20201015-130000-001-001-105,O-20201016-050000-001-001-106,BUY,FLAT,0.000,33.461,1602766800000000000,2020-10-15 13:00:00+00:00,1602824400000000000,2020-10-16 05:00:00+00:00,57600000000000,376.99,370.0,['9.99801296 USDT'],-0.01854,-243.89040296 USDT,True
BACKTESTER-001,QuantBT-001-001,ETHUSDT-PERP.BINANCE,BINANCE-001,O-20201022-110000-001-001-107,O-20201023-170000-001-001-108,BUY,FLAT,0.000,30.047,1603364400000000000,2020-10-22 11:00:00+00:00,1603472400000000000,2020-10-23 17:00:00+00:00,108000000000000,415.76,405.56,['9.87128082 USDT'],-0.02453,-316.35068082 USDT,True
BACKTESTER-001,QuantBT-001-001,ETHUSDT-PERP.BINANCE,BINANCE-001,O-20201031-110000-001-001-109,O-20201101-210000-001-001-110,SELL,FLAT,0.000,31.595,1604142000000000000,2020-10-31 11:00:00+00:00,1604264400000000000,2020-11-01 21:00:00+00:00,122400000000000,390.38,396.93,['9.95002378 USDT'],-0.01678,-216.89727378 USDT,True
BACKTESTER-001,QuantBT-001-001,ETHUSDT-PERP.BINANCE,BINANCE-001,O-20201104-170000-001-001-111,O-20201105-090000-001-001-112,BUY,FLAT,0.000,30.508,1604509200000000000,2020-11-04 17:00:00+00:00,1604566800000000000,2020-11-05 09:00:00+00:00,57600000000000,400.74,398.37,['9.75169915 USDT'],-0.00591,-82.05565915 USDT,True
BACKTESTER-001,QuantBT-001-001,ETHUSDT-PERP.BINANCE,BINANCE-001,O-20201114-180000-001-001-113,O-20201115-170000-001-001-114,BUY,FLAT,0.000,26.480,1605376800000000000,2020-11-14 18:00:00+00:00,1605459600000000000,2020-11-15 17:00:00+00:00,82800000000000,460.14,445.66,['9.59423360 USDT'],-0.03147,-393.02463360 USDT,True
BACKTESTER-001,QuantBT-001-001,ETHUSDT-PERP.BINANCE,BINANCE-001,O-20201116-170000-001-001-115,O-20201117-010000-001-001-116,SELL,FLAT,0.000,25.920,1605546000000000000,2020-11-16 17:00:00+00:00,1605574800000000000,2020-11-17 01:00:00+00:00,28800000000000,462.5,465.54,['9.62191872 USDT'],-0.00657,-88.41871872 USDT,True
BACKTESTER-001,QuantBT-001-001,ETHUSDT-PERP.BINANCE,BINANCE-001,O-20201120-100000-001-001-117,O-20201120-110000-001-001-118,SELL,FLAT,0.000,23.581,1605866400000000000,2020-11-20 10:00:00+00:00,1605870000000000000,2020-11-20 11:00:00+00:00,3600000000000,506.5,506.19,['9.55209716 USDT'],0.00061,-2.24198716 USDT,True
BACKTESTER-001,QuantBT-001-001,ETHUSDT-PERP.BINANCE,BINANCE-001,O-20201122-010000-001-001-119,O-20201122-190000-001-001-120,SELL,FLAT,0.000,21.979,1606006800000000000,2020-11-22 01:00:00+00:00,1606071600000000000,2020-11-22 19:00:00+00:00,64800000000000,543.37,574.79,['9.83041545 USDT'],-0.05782,-700.41059545 USDT,True
BACKTESTER-001,QuantBT-001-001,ETHUSDT-PERP.BINANCE,BINANCE-001,O-20201203-170000-001-001-121,O-20201204-130000-001-001-122,SELL,FLAT,0.000,18.908,1607014800000000000,2020-12-03 17:00:00+00:00,1607086800000000000,2020-12-04 13:00:00+00:00,72000000000000,613.11,591.15,['9.10805923 USDT'],0.03582,406.11162077 USDT,True
BACKTESTER-001,QuantBT-001-001,ETHUSDT-PERP.BINANCE,BINANCE-001,O-20201211-010000-001-001-123,O-20201211-090000-001-001-124,SELL,FLAT,0.000,21.587,1607648400000000000,2020-12-11 01:00:00+00:00,1607677200000000000,2020-12-11 09:00:00+00:00,28800000000000,546.43,541.68,['9.39561222 USDT'],0.00869,93.14263778 USDT,True
BACKTESTER-001,QuantBT-001-001,ETHUSDT-PERP.BINANCE,BINANCE-001,O-20201215-050000-001-001-125,O-20201215-200000-001-001-126,SELL,FLAT,0.000,20.320,1608008400000000000,2020-12-15 05:00:00+00:00,1608062400000000000,2020-12-15 20:00:00+00:00,54000000000000,582.78,591.04,['9.54080896 USDT'],-0.01417,-177.38400896 USDT,True
BACKTESTER-001,QuantBT-001-001,ETHUSDT-PERP.BINANCE,BINANCE-001,O-20201219-180000-001-001-127,O-20201223-130000-001-001-128,SELL,FLAT,0.000,17.812,1608400800000000000,2020-12-19 18:00:00+00:00,1608728400000000000,2020-12-23 13:00:00+00:00,327600000000000,659.87,608.44,['9.03645509 USDT'],0.07794,907.03470491 USDT,True
BACKTESTER-001,QuantBT-001-001,ETHUSDT-PERP.BINANCE,BINANCE-001,O-20201226-150000-001-001-129,O-20201231-020000-001-001-130,BUY,FLAT,0.000,19.414,1608994800000000000,2020-12-26 15:00:00+00:00,1609380000000000000,2020-12-31 02:00:00+00:00,385200000000000,628.77,739.08,['10.62217596 USDT'],0.17544,2130.93616404 USDT,True
BACKTESTER-001,QuantBT-001-001,ETHUSDT-PERP.BINANCE,BINANCE-001,O-20210102-020000-001-001-131,O-20210107-190000-001-001-132,BUY,FLAT,0.000,18.164,1609552800000000000,2021-01-02 02:00:00+00:00,1610046000000000000,2021-01-07 19:00:00+00:00,493200000000000,730.69,1236.5,['14.29281566 USDT'],0.69224,9173.24002434 USDT,True
BACKTESTER-001,QuantBT-001-001,ETHUSDT-PERP.BINANCE,BINANCE-001,O-20210119-090000-001-001-133,O-20210119-100000-001-001-134,SELL,FLAT,0.000,12.904,1611046800000000000,2021-01-19 09:00:00+00:00,1611050400000000000,2021-01-19 10:00:00+00:00,3600000000000,1383.97,1389.15,['14.31373619 USDT'],-0.00374,-81.15645619 USDT,True
BACKTESTER-001,QuantBT-001-001,ETHUSDT-PERP.BINANCE,BINANCE-001,O-20210119-130000-001-001-135,O-20210119-140000-001-001-136,SELL,FLAT,0.000,12.549,1611061200000000000,2021-01-19 13:00:00+00:00,1611064800000000000,2021-01-19 14:00:00+00:00,3600000000000,1419.96,1408.92,['14.19984605 USDT'],0.00777,124.34111395 USDT,True
BACKTESTER-001,QuantBT-001-001,ETHUSDT-PERP.BINANCE,BINANCE-001,O-20210120-130000-001-001-137,O-20210120-140000-001-001-138,BUY,FLAT,0.000,13.634,1611147600000000000,2021-01-20 13:00:00+00:00,1611151200000000000,2021-01-20 14:00:00+00:00,3600000000000,1311.5,1305.06,['14.26967162 USDT'],-0.00491,-102.07263162 USDT,True
BACKTESTER-001,QuantBT-001-001,ETHUSDT-PERP.BINANCE,BINANCE-001,O-20210202-010000-001-001-139,O-20210202-040000-001-001-140,BUY,FLAT,0.000,12.872,1612227600000000000,2021-02-02 01:00:00+00:00,1612238400000000000,2021-02-02 04:00:00+00:00,10800000000000,1385.11,1382.75,['14.25115757 USDT'],-0.0017,-44.62907757 USDT,True
BACKTESTER-001,QuantBT-001-001,ETHUSDT-PERP.BINANCE,BINANCE-001,O-20210202-100000-001-001-141,O-20210202-170000-001-001-142,SELL,FLAT,0.000,12.342,1612260000000000000,2021-02-02 10:00:00+00:00,1612285200000000000,2021-02-02 17:00:00+00:00,25200000000000,1442.87,1475.99,['14.40982805 USDT'],-0.02295,-423.17686805 USDT,True
BACKTESTER-001,QuantBT-001-001,ETHUSDT-PERP.BINANCE,BINANCE-001,O-20210203-160000-001-001-143,O-20210204-100000-001-001-144,BUY,FLAT,0.000,10.925,1612368000000000000,2021-02-03 16:00:00+00:00,1612432800000000000,2021-02-04 10:00:00+00:00,64800000000000,1610.59,1645.05,['14.22714680 USDT'],0.0214,362.24835320 USDT,True
BACKTESTER-001,QuantBT-001-001,ETHUSDT-PERP.BINANCE,BINANCE-001,O-20210208-160000-001-001-145,O-20210208-170000-001-001-146,SELL,FLAT,0.000,10.335,1612800000000000000,2021-02-08 16:00:00+00:00,1612803600000000000,2021-02-08 17:00:00+00:00,3600000000000,1720.11,1713.52,['14.19462642 USDT'],0.00383,53.91302358 USDT,True
BACKTESTER-001,QuantBT-001-001,ETHUSDT-PERP.BINANCE,BINANCE-001,O-20210220-010000-001-001-147,O-20210220-030000-001-001-148,SELL,FLAT,0.000,9.111,1613782800000000000,2021-02-20 01:00:00+00:00,1613790000000000000,2021-02-20 03:00:00+00:00,7200000000000,1954.09,2024.88,['14.50095827 USDT'],-0.03623,-659.46864827 USDT,True
BACKTESTER-001,QuantBT-001-001,ETHUSDT-PERP.BINANCE,BINANCE-001,O-20210303-140000-001-001-149,O-20210306-170000-001-001-150,SELL,FLAT,0.000,10.971,1614780000000000000,2021-03-03 14:00:00+00:00,1615050000000000000,2021-03-06 17:00:00+00:00,270000000000000,1592.71,1602.4,['14.02142072 USDT'],-0.00608,-120.33041072 USDT,True
BACKTESTER-001,QuantBT-001-001,ETHUSDT-PERP.BINANCE,BINANCE-001,O-20210310-210000-001-001-151,O-20210310-230000-001-001-152,SELL,FLAT,0.000,9.581,1615410000000000000,2021-03-10 21:00:00+00:00,1615417200000000000,2021-03-10 23:00:00+00:00,7200000000000,1817.49,1796.8,['13.85140500 USDT'],0.01138,184.37948500 USDT,True
BACKTESTER-001,QuantBT-001-001,ETHUSDT-PERP.BINANCE,BINANCE-001,O-20210329-160000-001-001-153,O-20210329-180000-001-001-154,SELL,FLAT,0.000,9.679,1617033600000000000,2021-03-29 16:00:00+00:00,1617040800000000000,2021-03-29 18:00:00+00:00,7200000000000,1808.68,1830.1,['14.08790065 USDT'],-0.01184,-221.41208065 USDT,True
BACKTESTER-001,QuantBT-001-001,ETHUSDT-PERP.BINANCE,BINANCE-001,O-20210402-150000-001-001-155,O-20210402-180000-001-001-156,BUY,FLAT,0.000,8.374,1617375600000000000,2021-04-02 15:00:00+00:00,1617386400000000000,2021-04-02 18:00:00+00:00,10800000000000,2077.2,2057.15,['13.84841876 USDT'],-0.00965,-181.74711876 USDT,True
BACKTESTER-001,QuantBT-001-001,ETHUSDT-PERP.BINANCE,BINANCE-001,O-20210412-070000-001-001-157,O-20210412-100000-001-001-158,BUY,FLAT,0.000,7.914,1618210800000000000,2021-04-12 07:00:00+00:00,1618221600000000000,2021-04-12 10:00:00+00:00,10800000000000,2186.61,2141.0,['13.69948222 USDT'],-0.02086,-374.65702222 USDT,True
BACKTESTER-001,QuantBT-001-001,ETHUSDT-PERP.BINANCE,BINANCE-001,O-20210413-190000-001-001-159,O-20210413-200000-001-001-160,SELL,FLAT,0.000,7.437,1618340400000000000,2021-04-13 19:00:00+00:00,1618344000000000000,2021-04-13 20:00:00+00:00,3600000000000,2301.61,2306.05,['13.70686697 USDT'],-0.00193,-46.72714697 USDT,True
BACKTESTER-001,QuantBT-001-001,ETHUSDT-PERP.BINANCE,BINANCE-001,O-20210415-090000-001-001-161,O-20210415-140000-001-001-162,SELL,FLAT,0.000,6.964,1618477200000000000,2021-04-15 09:00:00+00:00,1618495200000000000,2021-04-15 14:00:00+00:00,18000000000000,2454.52,2465.4,['13.70492915 USDT'],-0.00443,-89.47324915 USDT,True
BACKTESTER-001,QuantBT-001-001,ETHUSDT-PERP.BINANCE,BINANCE-001,O-20210416-050000-001-001-163,O-20210416-210000-001-001-164,SELL,FLAT,0.000,7.028,1618549200000000000,2021-04-16 05:00:00+00:00,1618606800000000000,2021-04-16 21:00:00+00:00,57600000000000,2426.0,2447.12,['13.69931494 USDT'],-0.00871,-162.13067494 USDT,True
BACKTESTER-001,QuantBT-001-001,ETHUSDT-PERP.BINANCE,BINANCE-001,O-20210421-010000-001-001-165,O-20210421-020000-001-001-166,SELL,FLAT,0.000,7.307,1618966800000000000,2021-04-21 01:00:00+00:00,1618970400000000000,2021-04-21 02:00:00+00:00,3600000000000,2322.32,2328.08,['13.59218912 USDT'],-0.00248,-55.68050912 USDT,True
BACKTESTER-001,QuantBT-001-001,ETHUSDT-PERP.BINANCE,BINANCE-001,O-20210421-150000-001-001-167,O-20210421-160000-001-001-168,BUY,FLAT,0.000,6.937,1619017200000000000,2021-04-21 15:00:00+00:00,1619020800000000000,2021-04-21 16:00:00+00:00,3600000000000,2442.08,2427.3,['13.51155562 USDT'],-0.00605,-116.04041562 USDT,True
BACKTESTER-001,QuantBT-001-001,ETHUSDT-PERP.BINANCE,BINANCE-001,O-20210422-120000-001-001-169,O-20210422-190000-001-001-170,BUY,FLAT,0.000,6.614,1619092800000000000,2021-04-22 12:00:00+00:00,1619118000000000000,2021-04-22 19:00:00+00:00,25200000000000,2552.53,2539.48,['13.47142166 USDT'],-0.00511,-99.78412166 USDT,True
BACKTESTER-001,QuantBT-001-001,ETHUSDT-PERP.BINANCE,BINANCE-001,O-20210422-210000-001-001-171,O-20210422-230000-001-001-172,SELL,FLAT,0.000,6.963,1619125200000000000,2021-04-22 21:00:00+00:00,1619132400000000000,2021-04-22 23:00:00+00:00,7200000000000,2417.53,2398.94,['13.41483225 USDT'],0.00769,116.02733775 USDT,True
BACKTESTER-001,QuantBT-001-001,ETHUSDT-PERP.BINANCE,BINANCE-001,O-20210428-130000-001-001-173,O-20210428-140000-001-001-174,BUY,FLAT,0.000,6.241,1619614800000000000,2021-04-28 13:00:00+00:00,1619618400000000000,2021-04-28 14:00:00+00:00,3600000000000,2706.46,2709.04,['13.51925420 USDT'],0.00095,2.58252580 USDT,True
BACKTESTER-001,QuantBT-001-001,ETHUSDT-PERP.BINANCE,BINANCE-001,O-20210503-100000-001-001-175,O-20210503-170000-001-001-176,SELL,FLAT,0.000,5.353,1620036000000000000,2021-05-03 10:00:00+00:00,1620061200000000000,2021-05-03 17:00:00+00:00,25200000000000,3155.69,3285.33,['13.79151203 USDT'],-0.04108,-707.75443203 USDT,True
BACKTESTER-001,QuantBT-001-001,ETHUSDT-PERP.BINANCE,BINANCE-001,O-20210506-190000-001-001-177,O-20210506-220000-001-001-178,SELL,FLAT,0.000,4.748,1620327600000000000,2021-05-06 19:00:00+00:00,1620338400000000000,2021-05-06 22:00:00+00:00,10800000000000,3483.25,3531.56,['13.32252715 USDT'],-0.01387,-242.69840715 USDT,True
BACKTESTER-001,QuantBT-001-001,ETHUSDT-PERP.BINANCE,BINANCE-001,O-20210508-140000-001-001-179,O-20210508-230000-001-001-180,BUY,FLAT,0.000,4.472,1620482400000000000,2021-05-08 14:00:00+00:00,1620514800000000000,2021-05-08 23:00:00+00:00,32400000000000,3671.0,3914.47,['13.56888874 USDT'],0.06632,1075.22895126 USDT,True
BACKTESTER-001,QuantBT-001-001,ETHUSDT-PERP.BINANCE,BINANCE-001,O-20210517-050000-001-001-181,O-20210517-060000-001-001-182,BUY,FLAT,0.000,5.067,1621227600000000000,2021-05-17 05:00:00+00:00,1621231200000000000,2021-05-17 06:00:00+00:00,3600000000000,3346.2,3402.76,['13.67879213 USDT'],0.0169,272.91072787 USDT,True
BACKTESTER-001,QuantBT-001-001,ETHUSDT-PERP.BINANCE,BINANCE-001,O-20210531-090000-001-001-183,O-20210603-120000-001-001-184,BUY,FLAT,0.000,6.869,1622451600000000000,2021-05-31 09:00:00+00:00,1622721600000000000,2021-06-03 12:00:00+00:00,270000000000000,2487.91,2827.07,['14.60343905 USDT'],0.13632,2315.08660095 USDT,True
BACKTESTER-001,QuantBT-001-001,ETHUSDT-PERP.BINANCE,BINANCE-001,O-20210603-140000-001-001-185,O-20210603-160000-001-001-186,SELL,FLAT,0.000,6.532,1622728800000000000,2021-06-03 14:00:00+00:00,1622736000000000000,2021-06-03 16:00:00+00:00,7200000000000,2793.45,2833.34,['14.70167691 USDT'],-0.01428,-275.26315691 USDT,True
BACKTESTER-001,QuantBT-001-001,ETHUSDT-PERP.BINANCE,BINANCE-001,O-20210607-140000-001-001-187,O-20210608-040000-001-001-188,SELL,FLAT,0.000,6.521,1623074400000000000,2021-06-07 14:00:00+00:00,1623124800000000000,2021-06-08 04:00:00+00:00,50400000000000,2777.11,2498.2,['13.76011860 USDT'],0.10043,1805.01199140 USDT,True
BACKTESTER-001,QuantBT-001-001,ETHUSDT-PERP.BINANCE,BINANCE-001,O-20210618-100000-001-001-189,O-20210618-110000-001-001-190,SELL,FLAT,0.000,8.164,1624010400000000000,2021-06-18 10:00:00+00:00,1624014000000000000,2021-06-18 11:00:00+00:00,3600000000000,2328.99,2318.88,['15.17808427 USDT'],0.00434,67.35995573 USDT,True
BACKTESTER-001,QuantBT-001-001,ETHUSDT-PERP.BINANCE,BINANCE-001,O-20210618-130000-001-001-191,O-20210622-160000-001-001-192,SELL,FLAT,0.000,8.362,1624021200000000000,2021-06-18 13:00:00+00:00,1624377600000000000,2021-06-22 16:00:00+00:00,356400000000000,2277.8,1910.71,['14.00972825 USDT'],0.16116,3055.59685175 USDT,True
BACKTESTER-001,QuantBT-001-001,ETHUSDT-PERP.BINANCE,BINANCE-001,O-20210626-080000-001-001-193,O-20210626-100000-001-001-194,SELL,FLAT,0.000,11.883,1624694400000000000,2021-06-26 08:00:00+00:00,1624701600000000000,2021-06-26 10:00:00+00:00,7200000000000,1731.36,1763.45,['16.61153089 USDT'],-0.01853,-397.93700089 USDT,True
BACKTESTER-001,QuantBT-001-001,ETHUSDT-PERP.BINANCE,BINANCE-001,O-20210627-230000-001-001-195,O-20210706-100000-001-001-196,BUY,FLAT,0.000,10.286,1624834800000000000,2021-06-27 23:00:00+00:00,1625565600000000000,2021-07-06 10:00:00+00:00,730800000000000,1980.83,2268.71,['17.48430737 USDT'],0.14533,2943.64937263 USDT,True
BACKTESTER-001,QuantBT-001-001,ETHUSDT-PERP.BINANCE,BINANCE-001,O-20210707-050000-001-001-197,O-20210707-080000-001-001-198,BUY,FLAT,0.000,9.164,1625634000000000000,2021-07-07 05:00:00+00:00,1625644800000000000,2021-07-07 08:00:00+00:00,10800000000000,2384.0,2381.68,['17.46907661 USDT'],-0.00097,-38.72955661 USDT,True
BACKTESTER-001,QuantBT-001-001,ETHUSDT-PERP.BINANCE,BINANCE-001,O-20210708-120000-001-001-199,O-20210708-140000-001-001-200,BUY,FLAT,0.000,10.107,1625745600000000000,2021-07-08 12:00:00+00:00,1625752800000000000,2021-07-08 14:00:00+00:00,7200000000000,2159.62,2156.99,['17.45119091 USDT'],-0.00122,-44.03260091 USDT,True
BACKTESTER-001,QuantBT-001-001,ETHUSDT-PERP.BINANCE,BINANCE-001,O-20210709-150000-001-001-201,O-20210709-180000-001-001-202,BUY,FLAT,0.000,10.040,1625842800000000000,2021-07-09 15:00:00+00:00,1625853600000000000,2021-07-09 18:00:00+00:00,10800000000000,2171.8,2131.92,['17.28373952 USDT'],-0.01836,-417.67893952 USDT,True
BACKTESTER-001,QuantBT-001-001,ETHUSDT-PERP.BINANCE,BINANCE-001,O-20210713-130000-001-001-203,O-20210713-160000-001-001-204,SELL,FLAT,0.000,10.921,1626181200000000000,2021-07-13 13:00:00+00:00,1626192000000000000,2021-07-13 16:00:00+00:00,10800000000000,1977.5,1991.14,['17.33660698 USDT'],-0.0069,-166.29904698 USDT,True
BACKTESTER-001,QuantBT-001-001,ETHUSDT-PERP.BINANCE,BINANCE-001,O-20210714-100000-001-001-205,O-20210715-110000-001-001-206,BUY,FLAT,0.000,11.081,1626256800000000000,2021-07-14 10:00:00+00:00,1626346800000000000,2021-07-15 11:00:00+00:00,90000000000000,1941.48,1912.84,['17.08388797 USDT'],-0.01475,-334.44372797 USDT,True
BACKTESTER-001,QuantBT-001-001,ETHUSDT-PERP.BINANCE,BINANCE-001,O-20210717-170000-001-001-207,O-20210719-020000-001-001-208,BUY,FLAT,0.000,11.274,1626541200000000000,2021-07-17 17:00:00+00:00,1626660000000000000,2021-07-19 02:00:00+00:00,118800000000000,1893.41,1877.62,['17.00583689 USDT'],-0.00834,-195.02229689 USDT,True
BACKTESTER-001,QuantBT-001-001,ETHUSDT-PERP.BINANCE,BINANCE-001,O-20210721-170000-001-001-209,O-20210721-190000-001-001-210,BUY,FLAT,0.000,10.776,1626886800000000000,2021-07-21 17:00:00+00:00,1626894000000000000,2021-07-21 19:00:00+00:00,7200000000000,1971.89,1937.27,['16.85004327 USDT'],-0.01756,-389.91516327 USDT,True
BACKTESTER-001,QuantBT-001-001,ETHUSDT-PERP.BINANCE,BINANCE-001,O-20210722-130000-001-001-211,O-20210722-150000-001-001-212,BUY,FLAT,0.000,10.580,1626958800000000000,2021-07-22 13:00:00+00:00,1626966000000000000,2021-07-22 15:00:00+00:00,7200000000000,1990.02,2033.07,['17.02571688 USDT'],0.02163,438.44328312 USDT,True
BACKTESTER-001,QuantBT-001-001,ETHUSDT-PERP.BINANCE,BINANCE-001,O-20210723-230000-001-001-213,O-20210728-180000-001-001-214,BUY,FLAT,0.000,10.014,1627081200000000000,2021-07-23 23:00:00+00:00,1627495200000000000,2021-07-28 18:00:00+00:00,414000000000000,2124.33,2320.08,['17.80252870 USDT'],0.09215,1942.43797130 USDT,True
BACKTESTER-001,QuantBT-001-001,ETHUSDT-PERP.BINANCE,BINANCE-001,O-20210730-210000-001-001-215,O-20210807-130000-001-001-216,BUY,FLAT,0.000,9.112,1627678800000000000,2021-07-30 21:00:00+00:00,1628341200000000000,2021-08-07 13:00:00+00:00,662400000000000,2441.19,3058.34,['20.04468694 USDT'],0.25281,5603.42611306 USDT,True
BACKTESTER-001,QuantBT-001-001,ETHUSDT-PERP.BINANCE,BINANCE-001,O-20210810-140000-001-001-217,O-20210810-150000-001-001-218,BUY,FLAT,0.000,7.993,1628604000000000000,2021-08-10 14:00:00+00:00,1628607600000000000,2021-08-10 15:00:00+00:00,3600000000000,3133.41,3123.24,['20.00376138 USDT'],-0.00325,-101.29257138 USDT,True
BACKTESTER-001,QuantBT-001-001,ETHUSDT-PERP.BINANCE,BINANCE-001,O-20210825-090000-001-001-219,O-20210825-120000-001-001-220,SELL,FLAT,0.000,8.067,1629882000000000000,2021-08-25 09:00:00+00:00,1629892800000000000,2021-08-25 12:00:00+00:00,10800000000000,3098.33,3149.67,['20.16104640 USDT'],-0.01657,-434.32082640 USDT,True
BACKTESTER-001,QuantBT-001-001,ETHUSDT-PERP.BINANCE,BINANCE-001,O-20210827-150000-001-001-221,O-20210829-030000-001-001-222,BUY,FLAT,0.000,7.647,1630076400000000000,2021-08-27 15:00:00+00:00,1630206000000000000,2021-08-29 03:00:00+00:00,129600000000000,3240.32,3180.74,['19.64073833 USDT'],-0.01839,-475.24899833 USDT,True
BACKTESTER-001,QuantBT-001-001,ETHUSDT-PERP.BINANCE,BINANCE-001,O-20210830-010000-001-001-223,O-20210830-170000-001-001-224,SELL,FLAT,0.000,7.652,1630285200000000000,2021-08-30 01:00:00+00:00,1630342800000000000,2021-08-30 17:00:00+00:00,57600000000000,3206.97,3295.14,['19.90165829 USDT'],-0.02749,-694.57849829 USDT,True
BACKTESTER-001,QuantBT-001-001,ETHUSDT-PERP.BINANCE,BINANCE-001,O-20210831-000000-001-001-225,O-20210831-080000-001-001-226,SELL,FLAT,0.000,7.527,1630368000000000000,2021-08-31 00:00:00+00:00,1630396800000000000,2021-08-31 08:00:00+00:00,28800000000000,3214.21,3349.77,['19.76283099 USDT'],-0.04218,-1040.12295099 USDT,True
BACKTESTER-001,QuantBT-001-001,ETHUSDT-PERP.BINANCE,BINANCE-001,O-20210831-150000-001-001-227,O-20210831-200000-001-001-228,SELL,FLAT,0.000,6.981,1630422000000000000,2021-08-31 15:00:00+00:00,1630440000000000000,2021-08-31 20:00:00+00:00,18000000000000,3391.05,3392.78,['18.94316689 USDT'],-0.00051,-31.02029689 USDT,True
BACKTESTER-001,QuantBT-001-001,ETHUSDT-PERP.BINANCE,BINANCE-001,O-20210903-090000-001-001-229,O-20210904-180000-001-001-230,BUY,FLAT,0.000,5.958,1630659600000000000,2021-09-03 09:00:00+00:00,1630778400000000000,2021-09-04 18:00:00+00:00,118800000000000,3971.06,3865.13,['18.67520801 USDT'],-0.02668,-649.80614801 USDT,True
BACKTESTER-001,QuantBT-001-001,ETHUSDT-PERP.BINANCE,BINANCE-001,O-20210919-120000-001-001-231,O-20210919-160000-001-001-232,SELL,FLAT,0.000,6.985,1632052800000000000,2021-09-19 12:00:00+00:00,1632067200000000000,2021-09-19 16:00:00+00:00,14400000000000,3340.38,3356.72,['18.71169740 USDT'],-0.00489,-132.84659740 USDT,True
BACKTESTER-001,QuantBT-001-001,ETHUSDT-PERP.BINANCE,BINANCE-001,O-20210921-010000-001-001-233,O-20210921-020000-001-001-234,SELL,FLAT,0.000,7.773,1632186000000000000,2021-09-21 01:00:00+00:00,1632189600000000000,2021-09-21 02:00:00+00:00,3600000000000,2993.3,3017.24,['18.68797097 USDT'],-0.008,-204.77359097 USDT,True
BACKTESTER-001,QuantBT-001-001,ETHUSDT-PERP.BINANCE,BINANCE-001,O-20210926-110000-001-001-235,O-20210928-010000-001-001-236,BUY,FLAT,0.000,7.792,1632654000000000000,2021-09-26 11:00:00+00:00,1632790800000000000,2021-09-28 01:00:00+00:00,136800000000000,2973.02,2935.15,['18.41458426 USDT'],-0.01274,-313.49762426 USDT,True
BACKTESTER-001,QuantBT-001-001,ETHUSDT-PERP.BINANCE,BINANCE-001,O-20210930-020000-001-001-237,O-20211003-220000-001-001-238,BUY,FLAT,0.000,7.694,1632967200000000000,2021-09-30 02:00:00+00:00,1633298400000000000,2021-10-03 22:00:00+00:00,331200000000000,2990.47,3409.03,['19.69510120 USDT'],0.13996,3200.70553880 USDT,True
BACKTESTER-001,QuantBT-001-001,ETHUSDT-PERP.BINANCE,BINANCE-001,O-20211008-100000-001-001-239,O-20211008-130000-001-001-240,BUY,FLAT,0.000,6.778,1633687200000000000,2021-10-08 10:00:00+00:00,1633698000000000000,2021-10-08 13:00:00+00:00,10800000000000,3630.56,3599.0,['19.60078307 USDT'],-0.00869,-233.51446307 USDT,True
BACKTESTER-001,QuantBT-001-001,ETHUSDT-PERP.BINANCE,BINANCE-001,O-20211016-090000-001-001-241,O-20211016-130000-001-001-242,BUY,FLAT,0.000,6.215,1634374800000000000,2021-10-16 09:00:00+00:00,1634389200000000000,2021-10-16 13:00:00+00:00,14400000000000,3940.81,3922.32,['19.54774118 USDT'],-0.00469,-134.46309118 USDT,True
BACKTESTER-001,QuantBT-001-001,ETHUSDT-PERP.BINANCE,BINANCE-001,O-20211017-160000-001-001-243,O-20211017-230000-001-001-244,SELL,FLAT,0.000,6.404,1634486400000000000,2021-10-17 16:00:00+00:00,1634511600000000000,2021-10-17 23:00:00+00:00,25200000000000,3813.88,3851.01,['19.63438223 USDT'],-0.00974,-257.41490223 USDT,True
BACKTESTER-001,QuantBT-001-001,ETHUSDT-PERP.BINANCE,BINANCE-001,O-20211020-130000-001-001-245,O-20211023-170000-001-001-246,BUY,FLAT,0.000,6.054,1634734800000000000,2021-10-20 13:00:00+00:00,1635008400000000000,2021-10-23 17:00:00+00:00,273600000000000,4012.86,4107.89,['19.66520820 USDT'],0.02368,555.64641180 USDT,True
BACKTESTER-001,QuantBT-001-001,ETHUSDT-PERP.BINANCE,BINANCE-001,O-20211029-160000-001-001-247,O-20211029-190000-001-001-248,BUY,FLAT,0.000,5.548,1635523200000000000,2021-10-29 16:00:00+00:00,1635534000000000000,2021-10-29 19:00:00+00:00,10800000000000,4429.25,4406.52,['19.60834078 USDT'],-0.00513,-145.71438078 USDT,True
BACKTESTER-001,QuantBT-001-001,ETHUSDT-PERP.BINANCE,BINANCE-001,O-20211101-030000-001-001-249,O-20211101-080000-001-001-250,SELL,FLAT,0.000,5.844,1635735600000000000,2021-11-01 03:00:00+00:00,1635753600000000000,2021-11-01 08:00:00+00:00,18000000000000,4192.61,4315.67,['19.88895533 USDT'],-0.02935,-739.05159533 USDT,True
BACKTESTER-001,QuantBT-001-001,ETHUSDT-PERP.BINANCE,BINANCE-001,O-20211102-110000-001-001-251,O-20211106-110000-001-001-252,BUY,FLAT,0.000,5.462,1635850800000000000,2021-11-02 11:00:00+00:00,1636196400000000000,2021-11-06 11:00:00+00:00,345600000000000,4417.84,4372.0,['19.20404243 USDT'],-0.01038,-269.58212243 USDT,True
BACKTESTER-001,QuantBT-001-001,ETHUSDT-PERP.BINANCE,BINANCE-001,O-20211121-170000-001-001-253,O-20211121-200000-001-001-254,BUY,FLAT,0.000,5.486,1637514000000000000,2021-11-21 17:00:00+00:00,1637524800000000000,2021-11-21 20:00:00+00:00,10800000000000,4374.1,4384.17,['19.21914769 USDT'],0.0023,36.02487231 USDT,True
BACKTESTER-001,QuantBT-001-001,ETHUSDT-PERP.BINANCE,BINANCE-001,O-20211122-020000-001-001-255,O-20211122-040000-001-001-256,BUY,FLAT,0.000,5.731,1637546400000000000,2021-11-22 02:00:00+00:00,1637553600000000000,2021-11-22 04:00:00+00:00,7200000000000,4189.91,4155.62,['19.13129297 USDT'],-0.00818,-215.64728297 USDT,True
BACKTESTER-001,QuantBT-001-001,ETHUSDT-PERP.BINANCE,BINANCE-001,O-20211122-200000-001-001-257,O-20211123-010000-001-001-258,SELL,FLAT,0.000,5.888,1637611200000000000,2021-11-22 20:00:00+00:00,1637629200000000000,2021-11-23 01:00:00+00:00,18000000000000,4060.0,4139.94,['19.31249869 USDT'],-0.01969,-489.99921869 USDT,True
BACKTESTER-001,QuantBT-001-001,ETHUSDT-PERP.BINANCE,BINANCE-001,O-20211130-120000-001-001-259,O-20211130-160000-001-001-260,BUY,FLAT,0.000,5.155,1638273600000000000,2021-11-30 12:00:00+00:00,1638288000000000000,2021-11-30 16:00:00+00:00,14400000000000,4590.01,4563.84,['18.87523870 USDT'],-0.0057,-153.78158870 USDT,True
BACKTESTER-001,QuantBT-001-001,ETHUSDT-PERP.BINANCE,BINANCE-001,O-20211203-150000-001-001-261,O-20211206-120000-001-001-262,SELL,FLAT,0.000,5.278,1638543600000000000,2021-12-03 15:00:00+00:00,1638792000000000000,2021-12-06 12:00:00+00:00,248400000000000,4468.8,4050.95,['17.98689620 USDT'],0.0935,2187.42540380 USDT,True
BACKTESTER-001,QuantBT-001-001,ETHUSDT-PERP.BINANCE,BINANCE-001,O-20211210-150000-001-001-263,O-20211210-160000-001-001-264,SELL,FLAT,0.000,6.139,1639148400000000000,2021-12-10 15:00:00+00:00,1639152000000000000,2021-12-10 16:00:00+00:00,3600000000000,4020.1,3975.18,['19.63320957 USDT'],0.01117,256.13067043 USDT,True
BACKTESTER-001,QuantBT-001-001,ETHUSDT-PERP.BINANCE,BINANCE-001,O-20211215-210000-001-001-265,O-20211215-230000-001-001-266,BUY,FLAT,0.000,6.106,1639602000000000000,2021-12-15 21:00:00+00:00,1639609200000000000,2021-12-15 23:00:00+00:00,7200000000000,4062.49,4019.01,['19.73825560 USDT'],-0.0107,-285.22713560 USDT,True
BACKTESTER-001,QuantBT-001-001,ETHUSDT-PERP.BINANCE,BINANCE-001,O-20211217-160000-001-001-267,O-20211218-020000-001-001-268,BUY,FLAT,0.000,6.310,1639756800000000000,2021-12-17 16:00:00+00:00,1639792800000000000,2021-12-18 02:00:00+00:00,36000000000000,3908.7,3787.47,['19.42513308 USDT'],-0.03102,-784.38643308 USDT,True
BACKTESTER-001,QuantBT-001-001,ETHUSDT-PERP.BINANCE,BINANCE-001,O-20211223-030000-001-001-269,O-20211223-080000-001-001-270,BUY,FLAT,0.000,6.130,1640228400000000000,2021-12-23 03:00:00+00:00,1640246400000000000,2021-12-23 08:00:00+00:00,18000000000000,3959.44,3928.26,['19.34064040 USDT'],-0.00787,-210.47404040 USDT,True
BACKTESTER-001,QuantBT-001-001,ETHUSDT-PERP.BINANCE,BINANCE-001,O-20220102-170000-001-001-271,O-20220102-190000-001-001-272,BUY,FLAT,0.000,6.320,1641142800000000000,2022-01-02 17:00:00+00:00,1641150000000000000,2022-01-02 19:00:00+00:00,7200000000000,3823.47,3797.01,['19.26457344 USDT'],-0.00692,-186.49177344 USDT,True
BACKTESTER-001,QuantBT-001-001,ETHUSDT-PERP.BINANCE,BINANCE-001,O-20220105-190000-001-001-273,O-20220110-170000-001-001-274,SELL,FLAT,0.000,6.589,1641409200000000000,2022-01-05 19:00:00+00:00,1641834000000000000,2022-01-10 17:00:00+00:00,424800000000000,3653.62,3010.45,['17.56382289 USDT'],0.17604,4220.28330711 USDT,True
BACKTESTER-001,QuantBT-001-001,ETHUSDT-PERP.BINANCE,BINANCE-001,O-20220111-180000-001-001-275,O-20220112-100000-001-001-276,SELL,FLAT,0.000,8.103,1641924000000000000,2022-01-11 18:00:00+00:00,1641981600000000000,2022-01-12 10:00:00+00:00,57600000000000,3231.29,3246.39,['20.99545642 USDT'],-0.00467,-143.35075642 USDT,True
BACKTESTER-001,QuantBT-001-001,ETHUSDT-PERP.BINANCE,BINANCE-001,O-20220112-150000-001-001-277,O-20220113-040000-001-001-278,BUY,FLAT,0.000,7.771,1641999600000000000,2022-01-12 15:00:00+00:00,1642046400000000000,2022-01-13 04:00:00+00:00,46800000000000,3360.27,3335.54,['20.81325581 USDT'],-0.00736,-212.99008581 USDT,True
BACKTESTER-001,QuantBT-001-001,ETHUSDT-PERP.BINANCE,BINANCE-001,O-20220116-130000-001-001-279,O-20220116-140000-001-001-280,BUY,FLAT,0.000,7.789,1642338000000000000,2022-01-16 13:00:00+00:00,1642341600000000000,2022-01-16 14:00:00+00:00,3600000000000,3338.73,3350.12,['20.83978106 USDT'],0.00341,67.87692894 USDT,True
BACKTESTER-001,QuantBT-001-001,ETHUSDT-PERP.BINANCE,BINANCE-001,O-20220118-140000-001-001-281,O-20220118-230000-001-001-282,SELL,FLAT,0.000,8.350,1642514400000000000,2022-01-18 14:00:00+00:00,1642546800000000000,2022-01-18 23:00:00+00:00,32400000000000,3118.38,3159.32,['20.96751800 USDT'],-0.01313,-362.81651800 USDT,True
BACKTESTER-001,QuantBT-001-001,ETHUSDT-PERP.BINANCE,BINANCE-001,O-20220119-040000-001-001-283,O-20220119-120000-001-001-284,SELL,FLAT,0.000,8.342,1642564800000000000,2022-01-19 04:00:00+00:00,1642593600000000000,2022-01-19 12:00:00+00:00,28800000000000,3099.56,3118.5,['20.74842261 USDT'],-0.00611,-178.74590261 USDT,True
BACKTESTER-001,QuantBT-001-001,ETHUSDT-PERP.BINANCE,BINANCE-001,O-20220121-230000-001-001-285,O-20220122-000000-001-001-286,SELL,FLAT,0.000,10.038,1642806000000000000,2022-01-21 23:00:00+00:00,1642809600000000000,2022-01-22 00:00:00+00:00,3600000000000,2566.91,2590.68,['20.70875537 USDT'],-0.00926,-259.31201537 USDT,True
BACKTESTER-001,QuantBT-001-001,ETHUSDT-PERP.BINANCE,BINANCE-001,O-20220207-000000-001-001-287,O-20220207-010000-001-001-288,BUY,FLAT,0.000,8.523,1644192000000000000,2022-02-07 00:00:00+00:00,1644195600000000000,2022-02-07 01:00:00+00:00,3600000000000,3008.12,3018.29,['20.54523697 USDT'],0.00338,66.13367303 USDT,True
BACKTESTER-001,QuantBT-001-001,ETHUSDT-PERP.BINANCE,BINANCE-001,O-20220209-140000-001-001-289,O-20220209-200000-001-001-290,SELL,FLAT,0.000,8.054,1644415200000000000,2022-02-09 14:00:00+00:00,1644436800000000000,2022-02-09 20:00:00+00:00,21600000000000,3187.51,3256.82,['20.76105353 USDT'],-0.02174,-578.98379353 USDT,True
BACKTESTER-001,QuantBT-001-001,ETHUSDT-PERP.BINANCE,BINANCE-001,O-20220216-200000-001-001-291,O-20220216-220000-001-001-292,BUY,FLAT,0.000,8.065,1645041600000000000,2022-02-16 20:00:00+00:00,1645048800000000000,2022-02-16 22:00:00+00:00,7200000000000,3147.2,3135.25,['20.26718370 USDT'],-0.0038,-116.64393370 USDT,True
BACKTESTER-001,QuantBT-001-001,ETHUSDT-PERP.BINANCE,BINANCE-001,O-20220218-150000-001-001-293,O-20220224-080000-001-001-294,SELL,FLAT,0.000,9.049,1645196400000000000,2022-02-18 15:00:00+00:00,1645689600000000000,2022-02-24 08:00:00+00:00,493200000000000,2798.58,2380.09,['18.74471393 USDT'],0.14954,3768.17129607 USDT,True
BACKTESTER-001,QuantBT-001-001,ETHUSDT-PERP.BINANCE,BINANCE-001,O-20220302-160000-001-001-295,O-20220307-090000-001-001-296,SELL,FLAT,0.000,9.182,1646236800000000000,2022-03-02 16:00:00+00:00,1646643600000000000,2022-03-07 09:00:00+00:00,406800000000000,2963.2,2529.5,['20.17358856 USDT'],0.14636,3962.05981144 USDT,True
BACKTESTER-001,QuantBT-001-001,ETHUSDT-PERP.BINANCE,BINANCE-001,O-20220307-200000-001-001-297,O-20220307-220000-001-001-298,SELL,FLAT,0.000,11.836,1646683200000000000,2022-03-07 20:00:00+00:00,1646690400000000000,2022-03-07 22:00:00+00:00,7200000000000,2466.17,2503.17,['23.52684330 USDT'],-0.015,-461.45884330 USDT,True
BACKTESTER-001,QuantBT-001-001,ETHUSDT-PERP.BINANCE,BINANCE-001,O-20220308-170000-001-001-299,O-20220308-180000-001-001-300,SELL,FLAT,0.000,11.173,1646758800000000000,2022-03-08 17:00:00+00:00,1646762400000000000,2022-03-08 18:00:00+00:00,3600000000000,2591.78,2568.97,['23.06442390 USDT'],0.0088,231.79170610 USDT,True
BACKTESTER-001,QuantBT-001-001,ETHUSDT-PERP.BINANCE,BINANCE-001,O-20220309-040000-001-001-301,O-20220310-020000-001-001-302,BUY,FLAT,0.000,10.697,1646798400000000000,2022-03-09 04:00:00+00:00,1646877600000000000,2022-03-10 02:00:00+00:00,79200000000000,2717.82,2660.72,['23.01369696 USDT'],-0.02101,-633.81239696 USDT,True
BACKTESTER-001,QuantBT-001-001,ETHUSDT-PERP.BINANCE,BINANCE-001,O-20220311-120000-001-001-303,O-20220311-140000-001-001-304,BUY,FLAT,0.000,10.841,1647000000000000000,2022-03-11 12:00:00+00:00,1647007200000000000,2022-03-11 14:00:00+00:00,7200000000000,2652.66,2609.01,['22.81670578 USDT'],-0.01646,-496.02635578 USDT,True
BACKTESTER-001,QuantBT-001-001,ETHUSDT-PERP.BINANCE,BINANCE-001,O-20220314-050000-001-001-305,O-20220314-180000-001-001-306,BUY,FLAT,0.000,11.111,1647234000000000000,2022-03-14 05:00:00+00:00,1647280800000000000,2022-03-14 18:00:00+00:00,46800000000000,2565.83,2528.5,['22.64124025 USDT'],-0.01455,-437.41487025 USDT,True
BACKTESTER-001,QuantBT-001-001,ETHUSDT-PERP.BINANCE,BINANCE-001,O-20220316-030000-001-001-307,O-20220316-040000-001-001-308,BUY,FLAT,0.000,10.798,1647399600000000000,2022-03-16 03:00:00+00:00,1647403200000000000,2022-03-16 04:00:00+00:00,3600000000000,2619.83,2617.98,['22.62314896 USDT'],-0.00071,-42.59944896 USDT,True
BACKTESTER-001,QuantBT-001-001,ETHUSDT-PERP.BINANCE,BINANCE-001,O-20220316-200000-001-001-309,O-20220321-170000-001-001-310,BUY,FLAT,0.000,10.197,1647460800000000000,2022-03-16 20:00:00+00:00,1647882000000000000,2022-03-21 17:00:00+00:00,421200000000000,2772.24,2919.54,['23.21563226 USDT'],0.05313,1478.80246774 USDT,True
BACKTESTER-001,QuantBT-001-001,ETHUSDT-PERP.BINANCE,BINANCE-001,O-20220325-130000-001-001-311,O-20220325-160000-001-001-312,BUY,FLAT,0.000,9.135,1648213200000000000,2022-03-25 13:00:00+00:00,1648224000000000000,2022-03-25 16:00:00+00:00,10800000000000,3175.39,3094.97,['22.91189544 USDT'],-0.02533,-757.54859544 USDT,True
BACKTESTER-001,QuantBT-001-001,ETHUSDT-PERP.BINANCE,BINANCE-001,O-20220327-170000-001-001-313,O-20220329-160000-001-001-314,BUY,FLAT,0.000,9.007,1648400400000000000,2022-03-27 17:00:00+00:00,1648569600000000000,2022-03-29 16:00:00+00:00,169200000000000,3178.41,3420.36,['23.77404856 USDT'],0.07612,2155.46960144 USDT,True
BACKTESTER-001,QuantBT-001-001,ETHUSDT-PERP.BINANCE,BINANCE-001,O-20220331-140000-001-001-315,O-20220401-150000-001-001-316,SELL,FLAT,0.000,8.792,1648735200000000000,2022-03-31 14:00:00+00:00,1648825200000000000,2022-04-01 15:00:00+00:00,90000000000000,3378.94,3432.2,['23.95341715 USDT'],-0.01576,-492.21533715 USDT,True
BACKTESTER-001,QuantBT-001-001,ETHUSDT-PERP.BINANCE,BINANCE-001,O-20220411-170000-001-001-317,O-20220411-210000-001-001-318,BUY,FLAT,0.000,9.752,1649696400000000000,2022-04-11 17:00:00+00:00,1649710800000000000,2022-04-11 21:00:00+00:00,14400000000000,3020.98,2962.39,['23.33992969 USDT'],-0.01939,-594.70960969 USDT,True
BACKTESTER-001,QuantBT-001-001,ETHUSDT-PERP.BINANCE,BINANCE-001,O-20220413-140000-001-001-319,O-20220414-140000-001-001-320,BUY,FLAT,0.000,9.496,1649858400000000000,2022-04-13 14:00:00+00:00,1649944800000000000,2022-04-14 14:00:00+00:00,86400000000000,3071.09,3041.7,['23.21882154 USDT'],-0.00957,-302.30626154 USDT,True
BACKTESTER-001,QuantBT-001-001,ETHUSDT-PERP.BINANCE,BINANCE-001,O-20220416-160000-001-001-321,O-20220416-230000-001-001-322,SELL,FLAT,0.000,9.592,1650124800000000000,2022-04-16 16:00:00+00:00,1650150000000000000,2022-04-16 23:00:00+00:00,25200000000000,3024.61,3057.99,['23.33771968 USDT'],-0.01104,-343.51867968 USDT,True
BACKTESTER-001,QuantBT-001-001,ETHUSDT-PERP.BINANCE,BINANCE-001,O-20220417-140000-001-001-323,O-20220417-190000-001-001-324,BUY,FLAT,0.000,9.418,1650204000000000000,2022-04-17 14:00:00+00:00,1650222000000000000,2022-04-17 19:00:00+00:00,18000000000000,3062.18,3050.24,['23.02670863 USDT'],-0.0039,-135.47762863 USDT,True
BACKTESTER-001,QuantBT-001-001,ETHUSDT-PERP.BINANCE,BINANCE-001,O-20220420-120000-001-001-325,O-20220420-140000-001-001-326,BUY,FLAT,0.000,9.122,1650456000000000000,2022-04-20 12:00:00+00:00,1650463200000000000,2022-04-20 14:00:00+00:00,7200000000000,3154.3,3097.86,['22.81288141 USDT'],-0.01789,-537.65856141 USDT,True
BACKTESTER-001,QuantBT-001-001,ETHUSDT-PERP.BINANCE,BINANCE-001,O-20220421-160000-001-001-327,O-20220429-140000-001-001-328,SELL,FLAT,0.000,9.261,1650556800000000000,2022-04-21 16:00:00+00:00,1651240800000000000,2022-04-29 14:00:00+00:00,684000000000000,3077.86,2857.85,['21.98824412 USDT'],0.07148,2015.52436588 USDT,True
BACKTESTER-001,QuantBT-001-001,ETHUSDT-PERP.BINANCE,BINANCE-001,O-20220506-140000-001-001-329,O-20220506-150000-001-001-330,SELL,FLAT,0.000,10.948,1651845600000000000,2022-05-06 14:00:00+00:00,1651849200000000000,2022-05-06 15:00:00+00:00,3600000000000,2695.65,2687.06,['23.57196363 USDT'],0.00319,70.47135637 USDT,True
BACKTESTER-001,QuantBT-001-001,ETHUSDT-PERP.BINANCE,BINANCE-001,O-20220509-160000-001-001-331,O-20220509-170000-001-001-332,BUY,FLAT,0.000,12.692,1652112000000000000,2022-05-09 16:00:00+00:00,1652115600000000000,2022-05-09 17:00:00+00:00,3600000000000,2328.05,2298.54,['23.48827211 USDT'],-0.01268,-398.02919211 USDT,True
BACKTESTER-001,QuantBT-001-001,ETHUSDT-PERP.BINANCE,BINANCE-001,O-20220511-080000-001-001-333,O-20220511-130000-001-001-334,BUY,FLAT,0.000,12.349,1652256000000000000,2022-05-11 08:00:00+00:00,1652274000000000000,2022-05-11 13:00:00+00:00,18000000000000,2376.57,2341.16,['23.30369911 USDT'],-0.0149,-460.58178911 USDT,True
BACKTESTER-001,QuantBT-001-001,ETHUSDT-PERP.BINANCE,BINANCE-001,O-20220512-080000-001-001-335,O-20220512-090000-001-001-336,BUY,FLAT,0.000,15.230,1652342400000000000,2022-05-12 08:00:00+00:00,1652346000000000000,2022-05-12 09:00:00+00:00,3600000000000,1911.94,1913.06,['23.30190000 USDT'],0.00059,-6.24430000 USDT,True
BACKTESTER-001,QuantBT-001-001,ETHUSDT-PERP.BINANCE,BINANCE-001,O-20220522-100000-001-001-337,O-20220522-160000-001-001-338,BUY,FLAT,0.000,14.360,1653213600000000000,2022-05-22 10:00:00+00:00,1653235200000000000,2022-05-22 16:00:00+00:00,21600000000000,2027.47,2008.18,['23.18077360 USDT'],-0.00951,-300.18517360 USDT,True
BACKTESTER-001,QuantBT-001-001,ETHUSDT-PERP.BINANCE,BINANCE-001,O-20220523-140000-001-001-339,O-20220526-150000-001-001-340,SELL,FLAT,0.000,14.078,1653314400000000000,2022-05-23 14:00:00+00:00,1653577200000000000,2022-05-26 15:00:00+00:00,262800000000000,2057.45,1860.9,['22.06501252 USDT'],0.09553,2744.96588748 USDT,True
BACKTESTER-001,QuantBT-001-001,ETHUSDT-PERP.BINANCE,BINANCE-001,O-20220526-170000-001-001-341,O-20220526-190000-001-001-342,BUY,FLAT,0.000,16.175,1653584400000000000,2022-05-26 17:00:00+00:00,1653591600000000000,2022-05-26 19:00:00+00:00,7200000000000,1875.52,1826.0,['23.94883440 USDT'],-0.0264,-824.93483440 USDT,True
BACKTESTER-001,QuantBT-001-001,ETHUSDT-PERP.BINANCE,BINANCE-001,O-20220530-020000-001-001-343,O-20220601-150000-001-001-344,BUY,FLAT,0.000,15.964,1653876000000000000,2022-05-30 02:00:00+00:00,1654095600000000000,2022-06-01 15:00:00+00:00,219600000000000,1874.46,1880.3,['23.97639546 USDT'],0.00312,69.25336454 USDT,True
BACKTESTER-001,QuantBT-001-001,ETHUSDT-PERP.BINANCE,BINANCE-001,O-20220605-180000-001-001-345,O-20220607-010000-001-001-346,BUY,FLAT,0.000,16.501,1654452000000000000,2022-06-05 18:00:00+00:00,1654563600000000000,2022-06-07 01:00:00+00:00,111600000000000,1815.61,1741.36,['23.47742478 USDT'],-0.0409,-1248.67667478 USDT,True
BACKTESTER-001,QuantBT-001-001,ETHUSDT-PERP.BINANCE,BINANCE-001,O-20220607-230000-001-001-347,O-20220608-000000-001-001-348,SELL,FLAT,0.000,16.184,1654642800000000000,2022-06-07 23:00:00+00:00,1654646400000000000,2022-06-08 00:00:00+00:00,3600000000000,1812.61,1813.5,['23.47398570 USDT'],-0.00049,-37.87774570 USDT,True
BACKTESTER-001,QuantBT-001-001,ETHUSDT-PERP.BINANCE,BINANCE-001,O-20220611-090000-001-001-349,O-20220611-100000-001-001-350,SELL,FLAT,0.000,18.377,1654938000000000000,2022-06-11 09:00:00+00:00,1654941600000000000,2022-06-11 10:00:00+00:00,3600000000000,1595.25,1585.82,['23.38340936 USDT'],0.00591,149.91170064 USDT,True
BACKTESTER-001,QuantBT-001-001,ETHUSDT-PERP.BINANCE,BINANCE-001,O-20220611-120000-001-001-351,O-20220615-110000-001-001-352,SELL,FLAT,0.000,18.932,1654948800000000000,2022-06-11 12:00:00+00:00,1655290800000000000,2022-06-15 11:00:00+00:00,342000000000000,1552.44,1119.5,['20.23406723 USDT'],0.27888,8176.18601277 USDT,True
BACKTESTER-001,QuantBT-001-001,ETHUSDT-PERP.BINANCE,BINANCE-001,O-20220618-220000-001-001-353,O-20220626-130000-001-001-354,BUY,FLAT,0.000,33.800,1655589600000000000,2022-06-18 22:00:00+00:00,1656248400000000000,2022-06-26 13:00:00+00:00,658800000000000,990.51,1228.0,['29.99425520 USDT'],0.23977,7997.16774480 USDT,True
BACKTESTER-001,QuantBT-001-001,ETHUSDT-PERP.BINANCE,BINANCE-001,O-20220628-150000-001-001-355,O-20220707-150000-001-001-356,SELL,FLAT,0.000,31.673,1656428400000000000,2022-06-28 15:00:00+00:00,1657206000000000000,2022-07-07 15:00:00+00:00,777600000000000,1183.26,1219.75,['30.44421429 USDT'],-0.03084,-1186.19198429 USDT,True
BACKTESTER-001,QuantBT-001-001,ETHUSDT-PERP.BINANCE,BINANCE-001,O-20220708-020000-001-001-357,O-20220708-030000-001-001-358,BUY,FLAT,0.000,29.436,1657245600000000000,2022-07-08 02:00:00+00:00,1657249200000000000,2022-07-08 03:00:00+00:00,3600000000000,1253.06,1258.57,['29.57293627 USDT'],0.0044,132.61942373 USDT,True
BACKTESTER-001,QuantBT-001-001,ETHUSDT-PERP.BINANCE,BINANCE-001,O-20220710-170000-001-001-359,O-20220711-010000-001-001-360,BUY,FLAT,0.000,31.547,1657472400000000000,2022-07-10 17:00:00+00:00,1657501200000000000,2022-07-11 01:00:00+00:00,28800000000000,1171.31,1152.12,['29.31889849 USDT'],-0.01638,-634.70582849 USDT,True
BACKTESTER-001,QuantBT-001-001,ETHUSDT-PERP.BINANCE,BINANCE-001,O-20220711-140000-001-001-361,O-20220711-180000-001-001-362,SELL,FLAT,0.000,32.174,1657548000000000000,2022-07-11 14:00:00+00:00,1657562400000000000,2022-07-11 18:00:00+00:00,14400000000000,1138.59,1148.57,['29.43483433 USDT'],-0.00877,-350.53135433 USDT,True
BACKTESTER-001,QuantBT-001-001,ETHUSDT-PERP.BINANCE,BINANCE-001,O-20220713-130000-001-001-363,O-20220713-140000-001-001-364,SELL,FLAT,0.000,35.021,1657717200000000000,2022-07-13 13:00:00+00:00,1657720800000000000,2022-07-13 14:00:00+00:00,3600000000000,1041.03,1065.83,['29.51373762 USDT'],-0.02382,-898.03453762 USDT,True
BACKTESTER-001,QuantBT-001-001,ETHUSDT-PERP.BINANCE,BINANCE-001,O-20220714-170000-001-001-365,O-20220720-170000-001-001-366,BUY,FLAT,0.000,30.127,1657818000000000000,2022-07-14 17:00:00+00:00,1658336400000000000,2022-07-20 17:00:00+00:00,518400000000000,1195.24,1544.96,['33.02160216 USDT'],0.29259,10502.99283784 USDT,True
BACKTESTER-001,QuantBT-001-001,ETHUSDT-PERP.BINANCE,BINANCE-001,O-20220725-200000-001-001-367,O-20220725-210000-001-001-368,SELL,FLAT,0.000,27.108,1658779200000000000,2022-07-25 20:00:00+00:00,1658782800000000000,2022-07-25 21:00:00+00:00,3600000000000,1522.09,1513.4,['32.91442517 USDT'],0.00571,202.65409483 USDT,True
BACKTESTER-001,QuantBT-001-001,ETHUSDT-PERP.BINANCE,BINANCE-001,O-20220725-230000-001-001-369,O-20220727-170000-001-001-370,SELL,FLAT,0.000,28.716,1658790000000000000,2022-07-25 23:00:00+00:00,1658941200000000000,2022-07-27 17:00:00+00:00,151200000000000,1440.4,1499.17,['33.76507685 USDT'],-0.0408,-1721.40439685 USDT,True
BACKTESTER-001,QuantBT-001-001,ETHUSDT-PERP.BINANCE,BINANCE-001,O-20220801-150000-001-001-371,O-20220801-170000-001-001-372,BUY,FLAT,0.000,24.224,1659366000000000000,2022-08-01 15:00:00+00:00,1659373200000000000,2022-08-01 17:00:00+00:00,7200000000000,1671.94,1632.9,['32.02257766 USDT'],-0.02335,-977.72753766 USDT,True
BACKTESTER-001,QuantBT-001-001,ETHUSDT-PERP.BINANCE,BINANCE-001,O-20220805-130000-001-001-373,O-20220805-150000-001-001-374,SELL,FLAT,0.000,23.744,1659704400000000000,2022-08-05 13:00:00+00:00,1659711600000000000,2022-08-05 15:00:00+00:00,7200000000000,1685.19,1669.65,['31.86292838 USDT'],0.00922,337.11883162 USDT,True
BACKTESTER-001,QuantBT-001-001,ETHUSDT-PERP.BINANCE,BINANCE-001,O-20220808-100000-001-001-375,O-20220809-100000-001-001-376,BUY,FLAT,0.000,22.671,1659952800000000000,2022-08-08 10:00:00+00:00,1660039200000000000,2022-08-09 10:00:00+00:00,86400000000000,1772.33,1712.65,['31.60319263 USDT'],-0.03367,-1384.60847263 USDT,True
BACKTESTER-001,QuantBT-001-001,ETHUSDT-PERP.BINANCE,BINANCE-001,O-20220813-050000-001-001-377,O-20220813-070000-001-001-378,SELL,FLAT,0.000,19.812,1660366800000000000,2022-08-13 05:00:00+00:00,1660374000000000000,2022-08-13 07:00:00+00:00,7200000000000,1993.22,1995.29,['31.60814405 USDT'],-0.00104,-72.61898405 USDT,True
BACKTESTER-001,QuantBT-001-001,ETHUSDT-PERP.BINANCE,BINANCE-001,O-20220815-070000-001-001-379,O-20220815-180000-001-001-380,SELL,FLAT,0.000,20.771,1660546800000000000,2022-08-15 07:00:00+00:00,1660586400000000000,2022-08-15 18:00:00+00:00,39600000000000,1899.38,1895.55,['31.52979641 USDT'],0.00202,48.02313359 USDT,True
BACKTESTER-001,QuantBT-001-001,ETHUSDT-PERP.BINANCE,BINANCE-001,O-20220817-080000-001-001-381,O-20220820-220000-001-001-382,SELL,FLAT,0.000,20.958,1660723200000000000,2022-08-17 08:00:00+00:00,1661032800000000000,2022-08-20 22:00:00+00:00,309600000000000,1883.62,1572.68,['28.97485416 USDT'],0.16508,6487.70566584 USDT,True
BACKTESTER-001,QuantBT-001-001,ETHUSDT-PERP.BINANCE,BINANCE-001,O-20220826-130000-001-001-383,O-20220826-150000-001-001-384,BUY,FLAT,0.000,25.287,1661518800000000000,2022-08-26 13:00:00+00:00,1661526000000000000,2022-08-26 15:00:00+00:00,7200000000000,1689.4,1592.56,['33.19636901 USDT'],-0.05732,-2481.98944901 USDT,True
BACKTESTER-001,QuantBT-001-001,ETHUSDT-PERP.BINANCE,BINANCE-001,O-20220901-150000-001-001-385,O-20220901-160000-001-001-386,SELL,FLAT,0.000,27.017,1662044400000000000,2022-09-01 15:00:00+00:00,1662048000000000000,2022-09-01 16:00:00+00:00,3600000000000,1535.32,1538.4,['33.21707730 USDT'],-0.00201,-116.42943730 USDT,True
BACKTESTER-001,QuantBT-001-001,ETHUSDT-PERP.BINANCE,BINANCE-001,O-20220902-140000-001-001-387,O-20220902-170000-001-001-388,BUY,FLAT,0.000,25.306,1662127200000000000,2022-09-02 14:00:00+00:00,1662138000000000000,2022-09-02 17:00:00+00:00,10800000000000,1636.82,1582.78,['32.59007904 USDT'],-0.03302,-1400.12631904 USDT,True
BACKTESTER-001,QuantBT-001-001,ETHUSDT-PERP.BINANCE,BINANCE-001,O-20220904-140000-001-001-389,O-20220904-170000-001-001-390,SELL,FLAT,0.000,26.214,1662300000000000000,2022-09-04 14:00:00+00:00,1662310800000000000,2022-09-04 17:00:00+00:00,10800000000000,1553.42,1569.03,['32.74076172 USDT'],-0.01005,-441.94130172 USDT,True
BACKTESTER-001,QuantBT-001-001,ETHUSDT-PERP.BINANCE,BINANCE-001,O-20220905-150000-001-001-391,O-20220906-020000-001-001-392,BUY,FLAT,0.000,25.318,1662390000000000000,2022-09-05 15:00:00+00:00,1662429600000000000,2022-09-06 02:00:00+00:00,39600000000000,1599.63,1643.0,['32.83876254 USDT'],0.02711,1065.20289746 USDT,True
BACKTESTER-001,QuantBT-001-001,ETHUSDT-PERP.BINANCE,BINANCE-001,O-20220912-160000-001-001-393,O-20220912-180000-001-001-394,SELL,FLAT,0.000,23.968,1662998400000000000,2022-09-12 16:00:00+00:00,1663005600000000000,2022-09-12 18:00:00+00:00,7200000000000,1711.99,1727.46,['32.97469504 USDT'],-0.00904,-403.75965504 USDT,True
BACKTESTER-001,QuantBT-001-001,ETHUSDT-PERP.BINANCE,BINANCE-001,O-20220913-130000-001-001-395,O-20220915-080000-001-001-396,SELL,FLAT,0.000,25.494,1663074000000000000,2022-09-13 13:00:00+00:00,1663228800000000000,2022-09-15 08:00:00+00:00,154800000000000,1601.61,1607.5,['32.72522014 USDT'],-0.00368,-182.88488014 USDT,True
BACKTESTER-001,QuantBT-001-001,ETHUSDT-PERP.BINANCE,BINANCE-001,O-20220921-200000-001-001-397,O-20220923-000000-001-001-398,SELL,FLAT,0.000,31.005,1663790400000000000,2022-09-21 20:00:00+00:00,1663891200000000000,2022-09-23 00:00:00+00:00,100800000000000,1313.97,1320.33,['32.67058860 USDT'],-0.00484,-229.86238860 USDT,True
BACKTESTER-001,QuantBT-001-001,ETHUSDT-PERP.BINANCE,BINANCE-001,O-20220930-160000-001-001-399,O-20220930-200000-001-001-400,BUY,FLAT,0.000,30.050,1664553600000000000,2022-09-30 16:00:00+00:00,1664568000000000000,2022-09-30 20:00:00+00:00,14400000000000,1351.88,1331.37,['32.25266500 USDT'],-0.01517,-648.57816500 USDT,True
BACKTESTER-001,QuantBT-001-001,ETHUSDT-PERP.BINANCE,BINANCE-001,O-20221004-090000-001-001-401,O-20221005-130000-001-001-402,BUY,FLAT,0.000,29.910,1664874000000000000,2022-10-04 09:00:00+00:00,1664974800000000000,2022-10-05 13:00:00+00:00,100800000000000,1347.39,1322.93,['31.94770848 USDT'],-0.01815,-763.54630848 USDT,True
BACKTESTER-001,QuantBT-001-001,ETHUSDT-PERP.BINANCE,BINANCE-001,O-20221005-170000-001-001-403,O-20221007-130000-001-001-404,BUY,FLAT,0.000,29.615,1664989200000000000,2022-10-05 17:00:00+00:00,1665147600000000000,2022-10-07 13:00:00+00:00,158400000000000,1347.9,1331.97,['31.74574002 USDT'],-0.01182,-503.51269002 USDT,True
BACKTESTER-001,QuantBT-001-001,ETHUSDT-PERP.BINANCE,BINANCE-001,O-20221010-020000-001-001-405,O-20221013-160000-001-001-406,SELL,FLAT,0.000,29.964,1665367200000000000,2022-10-10 02:00:00+00:00,1665676800000000000,2022-10-13 16:00:00+00:00,309600000000000,1323.82,1264.61,['31.02388661 USDT'],0.04473,1743.14455339 USDT,True
BACKTESTER-001,QuantBT-001-001,ETHUSDT-PERP.BINANCE,BINANCE-001,O-20221016-200000-001-001-407,O-20221016-220000-001-001-408,BUY,FLAT,0.000,30.951,1665950400000000000,2022-10-16 20:00:00+00:00,1665957600000000000,2022-10-16 22:00:00+00:00,7200000000000,1309.74,1307.94,['32.40792548 USDT'],-0.00137,-88.11972548 USDT,True
BACKTESTER-001,QuantBT-001-001,ETHUSDT-PERP.BINANCE,BINANCE-001,O-20221017-140000-001-001-409,O-20221017-150000-001-001-410,BUY,FLAT,0.000,30.548,1666015200000000000,2022-10-17 14:00:00+00:00,1666018800000000000,2022-10-17 15:00:00+00:00,3600000000000,1325.6,1328.53,['32.43134530 USDT'],0.00221,57.07429470 USDT,True
BACKTESTER-001,QuantBT-001-001,ETHUSDT-PERP.BINANCE,BINANCE-001,O-20221020-170000-001-001-411,O-20221021-140000-001-001-412,SELL,FLAT,0.000,31.555,1666285200000000000,2022-10-20 17:00:00+00:00,1666360800000000000,2022-10-21 14:00:00+00:00,75600000000000,1284.2,1278.96,['32.35220552 USDT'],0.00408,132.99599448 USDT,True
BACKTESTER-001,QuantBT-001-001,ETHUSDT-PERP.BINANCE,BINANCE-001,O-20221031-140000-001-001-413,O-20221031-160000-001-001-414,SELL,FLAT,0.000,26.085,1667224800000000000,2022-10-31 14:00:00+00:00,1667232000000000000,2022-10-31 16:00:00+00:00,7200000000000,1556.06,1562.95,['32.54375034 USDT'],-0.00443,-212.26940034 USDT,True
BACKTESTER-001,QuantBT-001-001,ETHUSDT-PERP.BINANCE,BINANCE-001,O-20221101-140000-001-001-415,O-20221102-060000-001-001-416,SELL,FLAT,0.000,25.807,1667311200000000000,2022-11-01 14:00:00+00:00,1667368800000000000,2022-11-02 06:00:00+00:00,57600000000000,1568.69,1586.91,['32.57462768 USDT'],-0.01161,-502.77816768 USDT,True
BACKTESTER-001,QuantBT-001-001,ETHUSDT-PERP.BINANCE,BINANCE-001,O-20221102-080000-001-001-417,O-20221102-190000-001-001-418,SELL,FLAT,0.000,25.569,1667376000000000000,2022-11-02 08:00:00+00:00,1667415600000000000,2022-11-02 19:00:00+00:00,39600000000000,1573.43,1535.24,['31.79423329 USDT'],0.02427,944.68587671 USDT,True
BACKTESTER-001,QuantBT-001-001,ETHUSDT-PERP.BINANCE,BINANCE-001,O-20221104-160000-001-001-419,O-20221104-190000-001-001-420,SELL,FLAT,0.000,25.104,1667577600000000000,2022-11-04 16:00:00+00:00,1667588400000000000,2022-11-04 19:00:00+00:00,10800000000000,1621.43,1647.39,['32.82418291 USDT'],-0.01601,-684.52402291 USDT,True
BACKTESTER-001,QuantBT-001-001,ETHUSDT-PERP.BINANCE,BINANCE-001,O-20221114-070000-001-001-421,O-20221114-140000-001-001-422,BUY,FLAT,0.000,32.042,1668409200000000000,2022-11-14 07:00:00+00:00,1668434400000000000,2022-11-14 14:00:00+00:00,25200000000000,1259.67,1251.07,['32.17965244 USDT'],-0.00683,-307.74085244 USDT,True
BACKTESTER-001,QuantBT-001-001,ETHUSDT-PERP.BINANCE,BINANCE-001,O-20221122-130000-001-001-423,O-20221202-140000-001-001-424,BUY,FLAT,0.000,35.500,1669122000000000000,2022-11-22 13:00:00+00:00,1669989600000000000,2022-12-02 14:00:00+00:00,867600000000000,1132.6,1279.21,['34.24770200 USDT'],0.12945,5170.40729800 USDT,True
BACKTESTER-001,QuantBT-001-001,ETHUSDT-PERP.BINANCE,BINANCE-001,O-20221206-150000-001-001-425,O-20221207-000000-001-001-426,SELL,FLAT,0.000,34.131,1670338800000000000,2022-12-06 15:00:00+00:00,1670371200000000000,2022-12-07 00:00:00+00:00,32400000000000,1253.79,1268.16,['34.43067018 USDT'],-0.01146,-524.89314018 USDT,True
BACKTESTER-001,QuantBT-001-001,ETHUSDT-PERP.BINANCE,BINANCE-001,O-20221208-130000-001-001-427,O-20221208-180000-001-001-428,SELL,FLAT,0.000,34.185,1670504400000000000,2022-12-08 13:00:00+00:00,1670522400000000000,2022-12-08 18:00:00+00:00,18000000000000,1244.13,1287.39,['34.61600448 USDT'],-0.03477,-1513.45910448 USDT,True
BACKTESTER-001,QuantBT-001-001,ETHUSDT-PERP.BINANCE,BINANCE-001,O-20221211-210000-001-001-429,O-20221213-100000-001-001-430,SELL,FLAT,0.000,33.037,1670792400000000000,2022-12-11 21:00:00+00:00,1670925600000000000,2022-12-13 10:00:00+00:00,133200000000000,1264.47,1278.73,['33.60787936 USDT'],-0.01128,-504.71549936 USDT,True
BACKTESTER-001,QuantBT-001-001,ETHUSDT-PERP.BINANCE,BINANCE-001,O-20221213-140000-001-001-431,O-20221213-170000-001-001-432,BUY,FLAT,0.000,31.162,1670940000000000000,2022-12-13 14:00:00+00:00,1670950800000000000,2022-12-13 17:00:00+00:00,10800000000000,1332.44,1308.3,['32.91629595 USDT'],-0.01812,-785.16697595 USDT,True
BACKTESTER-001,QuantBT-001-001,ETHUSDT-PERP.BINANCE,BINANCE-001,O-20221214-200000-001-001-433,O-20221222-210000-001-001-434,SELL,FLAT,0.000,31.430,1671048000000000000,2022-12-14 20:00:00+00:00,1671742800000000000,2022-12-22 21:00:00+00:00,694800000000000,1308.58,1214.56,['31.72091608 USDT'],0.07185,2923.32768392 USDT,True
BACKTESTER-001,QuantBT-001-001,ETHUSDT-PERP.BINANCE,BINANCE-001,O-20221225-220000-001-001-435,O-20221227-180000-001-001-436,BUY,FLAT,0.000,35.000,1672005600000000000,2022-12-25 22:00:00+00:00,1672164000000000000,2022-12-27 18:00:00+00:00,158400000000000,1216.88,1206.22,['33.92340000 USDT'],-0.00876,-407.02340000 USDT,True
BACKTESTER-001,QuantBT-001-001,ETHUSDT-PERP.BINANCE,BINANCE-001,O-20221228-220000-001-001-437,O-20221229-100000-001-001-438,SELL,FLAT,0.000,35.757,1672264800000000000,2022-12-28 22:00:00+00:00,1672308000000000000,2022-12-29 10:00:00+00:00,43200000000000,1185.43,1199.26,['34.10774413 USDT'],-0.01167,-528.62705413 USDT,True
BACKTESTER-001,QuantBT-001-001,ETHUSDT-PERP.BINANCE,BINANCE-001,O-20221230-150000-001-001-439,O-20230108-170000-001-001-440,BUY,FLAT,0.000,35.255,1672412400000000000,2022-12-30 15:00:00+00:00,1673197200000000000,2023-01-08 17:00:00+00:00,784800000000000,1194.81,1264.03,['34.67456168 USDT'],0.05793,2405.67653832 USDT,True
BACKTESTER-001,QuantBT-001-001,ETHUSDT-PERP.BINANCE,BINANCE-001,O-20230118-150000-001-001-441,O-20230118-160000-001-001-442,BUY,FLAT,0.000,27.950,1674054000000000000,2023-01-18 15:00:00+00:00,1674057600000000000,2023-01-18 16:00:00+00:00,3600000000000,1550.09,1538.67,['34.53233680 USDT'],-0.00737,-353.72133680 USDT,True
BACKTESTER-001,QuantBT-001-001,ETHUSDT-PERP.BINANCE,BINANCE-001,O-20230120-180000-001-001-443,O-20230122-210000-001-001-444,BUY,FLAT,0.000,27.103,1674237600000000000,2023-01-20 18:00:00+00:00,1674421200000000000,2023-01-22 21:00:00+00:00,183600000000000,1592.01,1629.01,['34.91972202 USDT'],0.02324,967.89127798 USDT,True
BACKTESTER-001,QuantBT-001-001,ETHUSDT-PERP.BINANCE,BINANCE-001,O-20230129-210000-001-001-445,O-20230202-010000-001-001-446,SELL,FLAT,0.000,26.548,1675026000000000000,2023-01-29 21:00:00+00:00,1675299600000000000,2023-02-02 01:00:00+00:00,273600000000000,1643.56,1676.23,['35.25351397 USDT'],-0.01988,-902.57667397 USDT,True
BACKTESTER-001,QuantBT-001-001,ETHUSDT-PERP.BINANCE,BINANCE-001,O-20230206-170000-001-001-447,O-20230207-180000-001-001-448,SELL,FLAT,0.000,26.214,1675702800000000000,2023-02-06 17:00:00+00:00,1675792800000000000,2023-02-07 18:00:00+00:00,90000000000000,1647.25,1638.52,['34.45326991 USDT'],0.0053,194.39495009 USDT,True
BACKTESTER-001,QuantBT-001-001,ETHUSDT-PERP.BINANCE,BINANCE-001,O-20230207-190000-001-001-449,O-20230207-210000-001-001-450,SELL,FLAT,0.000,26.128,1675796400000000000,2023-02-07 19:00:00+00:00,1675803600000000000,2023-02-07 21:00:00+00:00,7200000000000,1656.42,1667.43,['34.73822112 USDT'],-0.00665,-322.40750112 USDT,True
BACKTESTER-001,QuantBT-001-001,ETHUSDT-PERP.BINANCE,BINANCE-001,O-20230209-170000-001-001-451,O-20230212-170000-001-001-452,SELL,FLAT,0.000,26.555,1675962000000000000,2023-02-09 17:00:00+00:00,1676221200000000000,2023-02-12 17:00:00+00:00,259200000000000,1623.72,1540.19,['33.60705202 USDT'],0.05144,2184.53209798 USDT,True
BACKTESTER-001,QuantBT-001-001,ETHUSDT-PERP.BINANCE,BINANCE-001,O-20230214-160000-001-001-453,O-20230214-200000-001-001-454,SELL,FLAT,0.000,28.721,1676390400000000000,2023-02-14 16:00:00+00:00,1676404800000000000,2023-02-14 20:00:00+00:00,14400000000000,1539.29,1556.01,['35.56004452 USDT'],-0.01086,-515.77516452 USDT,True
BACKTESTER-001,QuantBT-001-001,ETHUSDT-PERP.BINANCE,BINANCE-001,O-20230215-130000-001-001-455,O-20230219-170000-001-001-456,BUY,FLAT,0.000,27.875,1676466000000000000,2023-02-15 13:00:00+00:00,1676826000000000000,2023-02-19 17:00:00+00:00,360000000000000,1576.72,1682.58,['36.34119500 USDT'],0.06714,2914.50630500 USDT,True
BACKTESTER-001,QuantBT-001-001,ETHUSDT-PERP.BINANCE,BINANCE-001,O-20230220-170000-001-001-457,O-20230221-100000-001-001-458,SELL,FLAT,0.000,26.766,1676912400000000000,2023-02-20 17:00:00+00:00,1676973600000000000,2023-02-21 10:00:00+00:00,61200000000000,1696.54,1679.98,['36.15037373 USDT'],0.00976,407.09458627 USDT,True
BACKTESTER-001,QuantBT-001-001,ETHUSDT-PERP.BINANCE,BINANCE-001,O-20230226-190000-001-001-459,O-20230227-210000-001-001-460,BUY,FLAT,0.000,27.937,1677438000000000000,2023-02-26 19:00:00+00:00,1677531600000000000,2023-02-27 21:00:00+00:00,93600000000000,1632.69,1626.27,['36.41822621 USDT'],-0.00393,-215.77376621 USDT,True
BACKTESTER-001,QuantBT-001-001,ETHUSDT-PERP.BINANCE,BINANCE-001,O-20230303-020000-001-001-461,O-20230303-050000-001-001-462,SELL,FLAT,0.000,29.106,1677808800000000000,2023-03-03 02:00:00+00:00,1677819600000000000,2023-03-03 05:00:00+00:00,10800000000000,1563.44,1565.65,['36.43011742 USDT'],-0.00141,-100.75437742 USDT,True
BACKTESTER-001,QuantBT-001-001,ETHUSDT-PERP.BINANCE,BINANCE-001,O-20230306-200000-001-001-463,O-20230312-180000-001-001-464,SELL,FLAT,0.000,29.129,1678132800000000000,2023-03-06 20:00:00+00:00,1678644000000000000,2023-03-12 18:00:00+00:00,511200000000000,1560.46,1531.58,['36.02721327 USDT'],0.01851,805.21830673 USDT,True
BACKTESTER-001,QuantBT-001-001,ETHUSDT-PERP.BINANCE,BINANCE-001,O-20230312-190000-001-001-465,O-20230312-200000-001-001-466,BUY,FLAT,0.000,30.327,1678647600000000000,2023-03-12 19:00:00+00:00,1678651200000000000,2023-03-12 20:00:00+00:00,3600000000000,1512.07,1540.59,['37.03120793 USDT'],0.01886,827.89483207 USDT,True
BACKTESTER-001,QuantBT-001-001,ETHUSDT-PERP.BINANCE,BINANCE-001,O-20230314-140000-001-001-467,O-20230314-200000-001-001-468,BUY,FLAT,0.000,26.297,1678802400000000000,2023-03-14 14:00:00+00:00,1678824000000000000,2023-03-14 20:00:00+00:00,21600000000000,1759.57,1701.47,['36.40598756 USDT'],-0.03302,-1564.26168756 USDT,True
BACKTESTER-001,QuantBT-001-001,ETHUSDT-PERP.BINANCE,BINANCE-001,O-20230326-150000-001-001-469,O-20230328-200000-001-001-470,SELL,FLAT,0.000,25.817,1679842800000000000,2023-03-26 15:00:00+00:00,1680033600000000000,2023-03-28 20:00:00+00:00,190800000000000,1761.98,1774.03,['36.51566806 USDT'],-0.00684,-347.61051806 USDT,True
BACKTESTER-001,QuantBT-001-001,ETHUSDT-PERP.BINANCE,BINANCE-001,O-20230403-150000-001-001-471,O-20230403-190000-001-001-472,SELL,FLAT,0.000,25.231,1680534000000000000,2023-04-03 15:00:00+00:00,1680548400000000000,2023-04-03 19:00:00+00:00,14400000000000,1796.02,1818.02,['36.47433730 USDT'],-0.01225,-591.55633730 USDT,True
BACKTESTER-001,QuantBT-001-001,ETHUSDT-PERP.BINANCE,BINANCE-001,O-20230410-180000-001-001-473,O-20230412-030000-001-001-474,BUY,FLAT,0.000,23.734,1681149600000000000,2023-04-10 18:00:00+00:00,1681268400000000000,2023-04-12 03:00:00+00:00,118800000000000,1896.8,1861.92,['35.68378419 USDT'],-0.01839,-863.52570419 USDT,True
BACKTESTER-001,QuantBT-001-001,ETHUSDT-PERP.BINANCE,BINANCE-001,O-20230413-130000-001-001-475,O-20230419-090000-001-001-476,BUY,FLAT,0.000,22.383,1681390800000000000,2023-04-13 13:00:00+00:00,1681894800000000000,2023-04-19 09:00:00+00:00,504000000000000,1992.0,1979.97,['35.56184180 USDT'],-0.00604,-304.82933180 USDT,True
BACKTESTER-001,QuantBT-001-001,ETHUSDT-PERP.BINANCE,BINANCE-001,O-20230430-200000-001-001-477,O-20230505-140000-001-001-478,SELL,FLAT,0.000,23.500,1682884800000000000,2023-04-30 20:00:00+00:00,1683295200000000000,2023-05-05 14:00:00+00:00,410400000000000,1890.85,1945.63,['36.06291200 USDT'],-0.02897,-1323.39291200 USDT,True
BACKTESTER-001,QuantBT-001-001,ETHUSDT-PERP.BINANCE,BINANCE-001,O-20230510-130000-001-001-479,O-20230510-180000-001-001-480,BUY,FLAT,0.000,23.358,1683723600000000000,2023-05-10 13:00:00+00:00,1683741600000000000,2023-05-10 18:00:00+00:00,18000000000000,1874.05,1833.62,['34.64150234 USDT'],-0.02157,-979.00544234 USDT,True
BACKTESTER-001,QuantBT-001-001,ETHUSDT-PERP.BINANCE,BINANCE-001,O-20230514-170000-001-001-481,O-20230515-020000-001-001-482,SELL,FLAT,0.000,23.976,1684083600000000000,2023-05-14 17:00:00+00:00,1684116000000000000,2023-05-15 02:00:00+00:00,32400000000000,1805.29,1822.24,['34.78946372 USDT'],-0.00939,-441.18266372 USDT,True
BACKTESTER-001,QuantBT-001-001,ETHUSDT-PERP.BINANCE,BINANCE-001,O-20230517-180000-001-001-483,O-20230518-180000-001-001-484,BUY,FLAT,0.000,23.695,1684346400000000000,2023-05-17 18:00:00+00:00,1684432800000000000,2023-05-18 18:00:00+00:00,86400000000000,1817.43,1784.55,['34.13956644 USDT'],-0.01809,-813.23116644 USDT,True
BACKTESTER-001,QuantBT-001-001,ETHUSDT-PERP.BINANCE,BINANCE-001,O-20230519-160000-001-001-485,O-20230523-020000-001-001-486,SELL,FLAT,0.000,23.549,1684512000000000000,2023-05-19 16:00:00+00:00,1684807200000000000,2023-05-23 02:00:00+00:00,295200000000000,1811.4,1841.77,['34.41140013 USDT'],-0.01677,-749.59453013 USDT,True
BACKTESTER-001,QuantBT-001-001,ETHUSDT-PERP.BINANCE,BINANCE-001,O-20230523-040000-001-001-487,O-20230523-140000-001-001-488,BUY,FLAT,0.000,22.771,1684814400000000000,2023-05-23 04:00:00+00:00,1684850400000000000,2023-05-23 14:00:00+00:00,36000000000000,1856.8,1855.23,['33.81065405 USDT'],-0.00085,-69.56112405 USDT,True
BACKTESTER-001,QuantBT-001-001,ETHUSDT-PERP.BINANCE,BINANCE-001,O-20230526-150000-001-001-489,O-20230601-030000-001-001-490,BUY,FLAT,0.000,23.088,1685113200000000000,2023-05-26 15:00:00+00:00,1685588400000000000,2023-06-01 03:00:00+00:00,475200000000000,1829.85,1854.81,['34.02857203 USDT'],0.01364,542.24790797 USDT,True
BACKTESTER-001,QuantBT-001-001,ETHUSDT-PERP.BINANCE,BINANCE-001,O-20230601-170000-001-001-491,O-20230602-010000-001-001-492,BUY,FLAT,0.000,22.735,1685638800000000000,2023-06-01 17:00:00+00:00,1685667600000000000,2023-06-02 01:00:00+00:00,28800000000000,1870.19,1867.31,['33.98882500 USDT'],-0.00154,-99.46562500 USDT,True
BACKTESTER-001,QuantBT-001-001,ETHUSDT-PERP.BINANCE,BINANCE-001,O-20230606-130000-001-001-493,O-20230606-150000-001-001-494,SELL,FLAT,0.000,23.378,1686056400000000000,2023-06-06 13:00:00+00:00,1686063600000000000,2023-06-06 15:00:00+00:00,7200000000000,1816.62,1841.38,['34.20668960 USDT'],-0.01363,-613.04596960 USDT,True
BACKTESTER-001,QuantBT-001-001,ETHUSDT-PERP.BINANCE,BINANCE-001,O-20230611-210000-001-001-495,O-20230611-230000-001-001-496,BUY,FLAT,0.000,23.915,1686517200000000000,2023-06-11 21:00:00+00:00,1686524400000000000,2023-06-11 23:00:00+00:00,7200000000000,1762.97,1751.8,['33.62228982 USDT'],-0.00634,-300.75283982 USDT,True
BACKTESTER-001,QuantBT-001-001,ETHUSDT-PERP.BINANCE,BINANCE-001,O-20230613-130000-001-001-497,O-20230616-160000-001-001-498,SELL,FLAT,0.000,24.176,1686661200000000000,2023-06-13 13:00:00+00:00,1686931200000000000,2023-06-16 16:00:00+00:00,270000000000000,1737.72,1685.26,['33.10158579 USDT'],0.03019,1235.17137421 USDT,True
BACKTESTER-001,QuantBT-001-001,ETHUSDT-PERP.BINANCE,BINANCE-001,O-20230616-180000-001-001-499,O-20230619-190000-001-001-500,BUY,FLAT,0.000,24.832,1686938400000000000,2023-06-16 18:00:00+00:00,1687201200000000000,2023-06-19 19:00:00+00:00,262800000000000,1716.67,1723.48,['34.17032192 USDT'],0.00397,134.93559808 USDT,True
BACKTESTER-001,QuantBT-001-001,ETHUSDT-PERP.BINANCE,BINANCE-001,O-20230620-180000-001-001-501,O-20230626-150000-001-001-502,BUY,FLAT,0.000,23.955,1687284000000000000,2023-06-20 18:00:00+00:00,1687791600000000000,2023-06-26 15:00:00+00:00,507600000000000,1782.38,1888.45,['35.17389306 USDT'],0.05951,2505.73295694 USDT,True
BACKTESTER-001,QuantBT-001-001,ETHUSDT-PERP.BINANCE,BINANCE-001,O-20230626-170000-001-001-503,O-20230627-030000-001-001-504,SELL,FLAT,0.000,23.810,1687798800000000000,2023-06-26 17:00:00+00:00,1687834800000000000,2023-06-27 03:00:00+00:00,36000000000000,1845.83,1871.25,['35.40146992 USDT'],-0.01377,-640.65166992 USDT,True
BACKTESTER-001,QuantBT-001-001,ETHUSDT-PERP.BINANCE,BINANCE-001,O-20230629-140000-001-001-505,O-20230630-040000-001-001-506,SELL,FLAT,0.000,23.601,1688047200000000000,2023-06-29 14:00:00+00:00,1688097600000000000,2023-06-30 04:00:00+00:00,50400000000000,1848.61,1887.38,['35.26923999 USDT'],-0.02097,-950.28000999 USDT,True
BACKTESTER-001,QuantBT-001-001,ETHUSDT-PERP.BINANCE,BINANCE-001,O-20230630-060000-001-001-507,O-20230630-140000-001-001-508,BUY,FLAT,0.000,23.025,1688104800000000000,2023-06-30 06:00:00+00:00,1688133600000000000,2023-06-30 14:00:00+00:00,28800000000000,1874.23,1844.53,['34.24977960 USDT'],-0.01585,-718.09227960 USDT,True
BACKTESTER-001,QuantBT-001-001,ETHUSDT-PERP.BINANCE,BINANCE-001,O-20230703-090000-001-001-509,O-20230711-150000-001-001-510,SELL,FLAT,0.000,21.884,1688374800000000000,2023-07-03 09:00:00+00:00,1689087600000000000,2023-07-11 15:00:00+00:00,712800000000000,1955.53,1871.16,['33.49731359 USDT'],0.04314,1812.85576641 USDT,True
BACKTESTER-001,QuantBT-001-001,ETHUSDT-PERP.BINANCE,BINANCE-001,O-20230717-000000-001-001-511,O-20230730-150000-001-001-512,SELL,FLAT,0.000,22.757,1689552000000000000,2023-07-17 00:00:00+00:00,1690729200000000000,2023-07-30 15:00:00+00:00,1177200000000000,1920.36,1875.27,['34.55086077 USDT'],0.02348,991.56226923 USDT,True
BACKTESTER-001,QuantBT-001-001,ETHUSDT-PERP.BINANCE,BINANCE-001,O-20230731-010000-001-001-513,O-20230801-030000-001-001-514,BUY,FLAT,0.000,23.608,1690765200000000000,2023-07-31 01:00:00+00:00,1690858800000000000,2023-08-01 03:00:00+00:00,93600000000000,1872.16,1825.62,['34.91887609 USDT'],-0.02486,-1133.63519609 USDT,True
BACKTESTER-001,QuantBT-001-001,ETHUSDT-PERP.BINANCE,BINANCE-001,O-20230804-140000-001-001-515,O-20230804-190000-001-001-516,BUY,FLAT,0.000,23.629,1691157600000000000,2023-08-04 14:00:00+00:00,1691175600000000000,2023-08-04 19:00:00+00:00,18000000000000,1846.47,1830.52,['34.75343868 USDT'],-0.00864,-411.63598868 USDT,True
BACKTESTER-001,QuantBT-001-001,ETHUSDT-PERP.BINANCE,BINANCE-001,O-20230808-140000-001-001-517,O-20230808-170000-001-001-518,SELL,FLAT,0.000,23.632,1691503200000000000,2023-08-08 14:00:00+00:00,1691514000000000000,2023-08-08 17:00:00+00:00,10800000000000,1837.5,1852.89,['34.88451859 USDT'],-0.00838,-398.58099859 USDT,True
BACKTESTER-001,QuantBT-001-001,ETHUSDT-PERP.BINANCE,BINANCE-001,O-20230811-160000-001-001-519,O-20230815-150000-001-001-520,SELL,FLAT,0.000,23.450,1691769600000000000,2023-08-11 16:00:00+00:00,1692111600000000000,2023-08-15 15:00:00+00:00,342000000000000,1843.29,1839.53,['34.54485160 USDT'],0.00204,53.62714840 USDT,True
BACKTESTER-001,QuantBT-001-001,ETHUSDT-PERP.BINANCE,BINANCE-001,O-20230815-200000-001-001-521,O-20230817-230000-001-001-522,SELL,FLAT,0.000,23.649,1692129600000000000,2023-08-15 20:00:00+00:00,1692313200000000000,2023-08-17 23:00:00+00:00,183600000000000,1828.95,1681.0,['33.20272302 USDT'],0.08089,3465.66682698 USDT,True
BACKTESTER-001,QuantBT-001-001,ETHUSDT-PERP.BINANCE,BINANCE-001,O-20230828-130000-001-001-523,O-20230831-140000-001-001-524,BUY,FLAT,0.000,27.290,1693227600000000000,2023-08-28 13:00:00+00:00,1693490400000000000,2023-08-31 14:00:00+00:00,262800000000000,1648.43,1704.54,['36.60102052 USDT'],0.03404,1494.64087948 USDT,True
BACKTESTER-001,QuantBT-001-001,ETHUSDT-PERP.BINANCE,BINANCE-001,O-20230901-170000-001-001-525,O-20230903-210000-001-001-526,SELL,FLAT,0.000,28.485,1693587600000000000,2023-09-01 17:00:00+00:00,1693774800000000000,2023-09-03 21:00:00+00:00,187200000000000,1605.5,1636.29,['36.93695526 USDT'],-0.01918,-913.99010526 USDT,True
BACKTESTER-001,QuantBT-001-001,ETHUSDT-PERP.BINANCE,BINANCE-001,O-20230906-180000-001-001-527,O-20230906-190000-001-001-528,BUY,FLAT,0.000,27.819,1694023200000000000,2023-09-06 18:00:00+00:00,1694026800000000000,2023-09-06 19:00:00+00:00,3600000000000,1627.49,1630.68,['36.25561249 USDT'],0.00196,52.48699751 USDT,True
BACKTESTER-001,QuantBT-001-001,ETHUSDT-PERP.BINANCE,BINANCE-001,O-20230914-150000-001-001-529,O-20230915-150000-001-001-530,BUY,FLAT,0.000,27.724,1694703600000000000,2023-09-14 15:00:00+00:00,1694790000000000000,2023-09-15 15:00:00+00:00,86400000000000,1634.02,1618.62,['36.07047654 USDT'],-0.00942,-463.02007654 USDT,True
BACKTESTER-001,QuantBT-001-001,ETHUSDT-PERP.BINANCE,BINANCE-001,O-20230918-030000-001-001-531,O-20230920-200000-001-001-532,BUY,FLAT,0.000,27.661,1695006000000000000,2023-09-18 03:00:00+00:00,1695240000000000000,2023-09-20 20:00:00+00:00,234000000000000,1629.35,1624.12,['35.99769347 USDT'],-0.00321,-180.66472347 USDT,True
BACKTESTER-001,QuantBT-001-001,ETHUSDT-PERP.BINANCE,BINANCE-001,O-20230924-190000-001-001-533,O-20230927-100000-001-001-534,SELL,FLAT,0.000,28.374,1695582000000000000,2023-09-24 19:00:00+00:00,1695808800000000000,2023-09-27 10:00:00+00:00,226800000000000,1585.23,1616.02,['36.33290700 USDT'],-0.01942,-909.96836700 USDT,True
BACKTESTER-001,QuantBT-001-001,ETHUSDT-PERP.BINANCE,BINANCE-001,O-20230930-160000-001-001-535,O-20231001-230000-001-001-536,SELL,FLAT,0.000,26.501,1696089600000000000,2023-09-30 16:00:00+00:00,1696201200000000000,2023-10-01 23:00:00+00:00,111600000000000,1680.1,1733.39,['36.18435940 USDT'],-0.03172,-1448.42264940 USDT,True
BACKTESTER-001,QuantBT-001-001,ETHUSDT-PERP.BINANCE,BINANCE-001,O-20231004-010000-001-001-537,O-20231006-220000-001-001-538,SELL,FLAT,0.000,26.735,1696381200000000000,2023-10-04 01:00:00+00:00,1696629600000000000,2023-10-06 22:00:00+00:00,248400000000000,1638.3,1644.24,['35.10348276 USDT'],-0.00363,-193.90938276 USDT,True
BACKTESTER-001,QuantBT-001-001,ETHUSDT-PERP.BINANCE,BINANCE-001,O-20231008-150000-001-001-539,O-20231009-090000-001-001-540,BUY,FLAT,0.000,26.802,1696777200000000000,2023-10-08 15:00:00+00:00,1696842000000000000,2023-10-09 09:00:00+00:00,64800000000000,1630.63,1591.58,['34.54466896 USDT'],-0.02395,-1081.16276896 USDT,True
BACKTESTER-001,QuantBT-001-001,ETHUSDT-PERP.BINANCE,BINANCE-001,O-20231015-190000-001-001-541,O-20231015-230000-001-001-542,BUY,FLAT,0.000,27.673,1697396400000000000,2023-10-15 19:00:00+00:00,1697410800000000000,2023-10-15 23:00:00+00:00,14400000000000,1559.76,1557.25,['34.50280709 USDT'],-0.00161,-103.96203709 USDT,True
BACKTESTER-001,QuantBT-001-001,ETHUSDT-PERP.BINANCE,BINANCE-001,O-20231016-140000-001-001-543,O-20231016-200000-001-001-544,SELL,FLAT,0.000,27.181,1697464800000000000,2023-10-16 14:00:00+00:00,1697486400000000000,2023-10-16 20:00:00+00:00,21600000000000,1586.09,1586.8,['34.49692924 USDT'],-0.00045,-53.79543924 USDT,True
BACKTESTER-001,QuantBT-001-001,ETHUSDT-PERP.BINANCE,BINANCE-001,O-20231020-030000-001-001-545,O-20231025-170000-001-001-546,BUY,FLAT,0.000,27.163,1697770800000000000,2023-10-20 03:00:00+00:00,1698253200000000000,2023-10-25 17:00:00+00:00,482400000000000,1586.11,1790.43,['36.68678241 USDT'],0.12882,5513.25737759 USDT,True
BACKTESTER-001,QuantBT-001-001,ETHUSDT-PERP.BINANCE,BINANCE-001,O-20231026-110000-001-001-547,O-20231030-090000-001-001-548,SELL,FLAT,0.000,25.286,1698318000000000000,2023-10-26 11:00:00+00:00,1698656400000000000,2023-10-30 09:00:00+00:00,338400000000000,1812.89,1817.4,['36.71820518 USDT'],-0.00249,-150.75806518 USDT,True
BACKTESTER-001,QuantBT-001-001,ETHUSDT-PERP.BINANCE,BINANCE-001,O-20231030-100000-001-001-549,O-20231030-180000-001-001-550,BUY,FLAT,0.000,25.222,1698660000000000000,2023-10-30 10:00:00+00:00,1698688800000000000,2023-10-30 18:00:00+00:00,28800000000000,1814.5,1800.21,['36.46808625 USDT'],-0.00788,-396.89046625 USDT,True
BACKTESTER-001,QuantBT-001-001,ETHUSDT-PERP.BINANCE,BINANCE-001,O-20231101-190000-001-001-551,O-20231102-170000-001-001-552,BUY,FLAT,0.000,24.807,1698865200000000000,2023-11-01 19:00:00+00:00,1698944400000000000,2023-11-02 17:00:00+00:00,79200000000000,1836.87,1805.09,['36.13844069 USDT'],-0.0173,-824.50490069 USDT,True
BACKTESTER-001,QuantBT-001-001,ETHUSDT-PERP.BINANCE,BINANCE-001,O-20231107-160000-001-001-553,O-20231108-220000-001-001-554,BUY,FLAT,0.000,24.289,1699372800000000000,2023-11-07 16:00:00+00:00,1699480800000000000,2023-11-08 22:00:00+00:00,108000000000000,1859.02,1891.47,['36.43826064 USDT'],0.01746,751.73978936 USDT,True
BACKTESTER-001,QuantBT-001-001,ETHUSDT-PERP.BINANCE,BINANCE-001,O-20231109-150000-001-001-555,O-20231113-000000-001-001-556,BUY,FLAT,0.000,22.324,1699542000000000000,2023-11-09 15:00:00+00:00,1699833600000000000,2023-11-13 00:00:00+00:00,291600000000000,2039.56,2055.42,['36.56653341 USDT'],0.00778,317.49210659 USDT,True
BACKTESTER-001,QuantBT-001-001,ETHUSDT-PERP.BINANCE,BINANCE-001,O-20231113-020000-001-001-557,O-20231113-060000-001-001-558,BUY,FLAT,0.000,22.125,1699840800000000000,2023-11-13 02:00:00+00:00,1699855200000000000,2023-11-13 06:00:00+00:00,14400000000000,2065.01,2041.64,['36.34385250 USDT'],-0.01132,-553.40510250 USDT,True
BACKTESTER-001,QuantBT-001-001,ETHUSDT-PERP.BINANCE,BINANCE-001,O-20231113-220000-001-001-559,O-20231114-200000-001-001-560,SELL,FLAT,0.000,22.045,1699912800000000000,2023-11-13 22:00:00+00:00,1699992000000000000,2023-11-14 20:00:00+00:00,79200000000000,2060.0,1976.26,['35.59174068 USDT'],0.04065,1810.45655932 USDT,True
BACKTESTER-001,QuantBT-001-001,ETHUSDT-PERP.BINANCE,BINANCE-001,O-20231120-120000-001-001-561,O-20231120-160000-001-001-562,SELL,FLAT,0.000,22.924,1700481600000000000,2023-11-20 12:00:00+00:00,1700496000000000000,2023-11-20 16:00:00+00:00,14400000000000,2020.5,2020.89,['37.05792974 USDT'],-0.00019,-45.99828974 USDT,True
BACKTESTER-001,QuantBT-001-001,ETHUSDT-PERP.BINANCE,BINANCE-001,O-20231122-170000-001-001-563,O-20231122-190000-001-001-564,SELL,FLAT,0.000,22.757,1700672400000000000,2023-11-22 17:00:00+00:00,1700679600000000000,2023-11-22 19:00:00+00:00,7200000000000,2034.29,2077.35,['37.42743659 USDT'],-0.02117,-1017.34385659 USDT,True
BACKTESTER-001,QuantBT-001-001,ETHUSDT-PERP.BINANCE,BINANCE-001,O-20231124-170000-001-001-565,O-20231126-210000-001-001-566,SELL,FLAT,0.000,21.752,1700845200000000000,2023-11-24 17:00:00+00:00,1701032400000000000,2023-11-26 21:00:00+00:00,187200000000000,2104.87,2073.9,['36.35864202 USDT'],0.01471,637.30079798 USDT,True
BACKTESTER-001,QuantBT-001-001,ETHUSDT-PERP.BINANCE,BINANCE-001,O-20231128-180000-001-001-567,O-20231128-230000-001-001-568,BUY,FLAT,0.000,22.413,1701194400000000000,2023-11-28 18:00:00+00:00,1701212400000000000,2023-11-28 23:00:00+00:00,18000000000000,2057.02,2048.2,['36.80411834 USDT'],-0.00429,-234.48677834 USDT,True
BACKTESTER-001,QuantBT-001-001,ETHUSDT-PERP.BINANCE,BINANCE-001,O-20231202-190000-001-001-569,O-20231209-090000-001-001-570,BUY,FLAT,0.000,21.299,1701543600000000000,2023-12-02 19:00:00+00:00,1702112400000000000,2023-12-09 09:00:00+00:00,568800000000000,2159.1,2360.05,['38.50135034 USDT'],0.09307,4241.53269966 USDT,True
BACKTESTER-001,QuantBT-001-001,ETHUSDT-PERP.BINANCE,BINANCE-001,O-20231213-030000-001-001-571,O-20231213-050000-001-001-572,BUY,FLAT,0.000,22.197,1702436400000000000,2023-12-13 03:00:00+00:00,1702443600000000000,2023-12-13 05:00:00+00:00,7200000000000,2167.28,2174.67,['38.55130566 USDT'],0.00341,125.48452434 USDT,True
BACKTESTER-001,QuantBT-001-001,ETHUSDT-PERP.BINANCE,BINANCE-001,O-20231220-160000-001-001-573,O-20231221-130000-001-001-574,SELL,FLAT,0.000,21.652,1703088000000000000,2023-12-20 16:00:00+00:00,1703163600000000000,2023-12-21 13:00:00+00:00,75600000000000,2224.76,2253.5,['38.78531421 USDT'],-0.01292,-661.06379421 USDT,True
BACKTESTER-001,QuantBT-001-001,ETHUSDT-PERP.BINANCE,BINANCE-001,O-20231221-150000-001-001-575,O-20231221-180000-001-001-576,SELL,FLAT,0.000,21.410,1703170800000000000,2023-12-21 15:00:00+00:00,1703181600000000000,2023-12-21 18:00:00+00:00,10800000000000,2234.5,2231.96,['38.25076344 USDT'],0.00114,16.13063656 USDT,True
BACKTESTER-001,QuantBT-001-001,ETHUSDT-PERP.BINANCE,BINANCE-001,O-20231222-090000-001-001-577,O-20231224-230000-001-001-578,BUY,FLAT,0.000,20.642,1703235600000000000,2023-12-22 09:00:00+00:00,1703458800000000000,2023-12-24 23:00:00+00:00,223200000000000,2318.03,2265.43,['37.84471252 USDT'],-0.02269,-1123.61391252 USDT,True
BACKTESTER-001,QuantBT-001-001,ETHUSDT-PERP.BINANCE,BINANCE-001,O-20231225-170000-001-001-579,O-20231227-150000-001-001-580,SELL,FLAT,0.000,20.723,1703523600000000000,2023-12-25 17:00:00+00:00,1703689200000000000,2023-12-27 15:00:00+00:00,165600000000000,2281.85,2345.01,['38.35296791 USDT'],-0.02768,-1347.21764791 USDT,True
BACKTESTER-001,QuantBT-001-001,ETHUSDT-PERP.BINANCE,BINANCE-001,O-20231229-160000-001-001-581,O-20240102-010000-001-001-582,SELL,FLAT,0.000,20.259,1703865600000000000,2023-12-29 16:00:00+00:00,1704157200000000000,2024-01-02 01:00:00+00:00,291600000000000,2300.87,2382.05,['37.94851051 USDT'],-0.03528,-1682.57413051 USDT,True
BACKTESTER-001,QuantBT-001-001,ETHUSDT-PERP.BINANCE,BINANCE-001,O-20240102-020000-001-001-583,O-20240102-090000-001-001-584,SELL,FLAT,0.000,19.191,1704160800000000000,2024-01-02 02:00:00+00:00,1704186000000000000,2024-01-02 09:00:00+00:00,25200000000000,2385.0,2417.03,['36.86230309 USDT'],-0.01343,-651.55003309 USDT,True
BACKTESTER-001,QuantBT-001-001,ETHUSDT-PERP.BINANCE,BINANCE-001,O-20240103-120000-001-001-585,O-20240108-190000-001-001-586,SELL,FLAT,0.000,20.202,1704283200000000000,2024-01-03 12:00:00+00:00,1704740400000000000,2024-01-08 19:00:00+00:00,457200000000000,2249.55,2355.24,['37.21038703 USDT'],-0.04698,-2172.35976703 USDT,True
BACKTESTER-001,QuantBT-001-001,ETHUSDT-PERP.BINANCE,BINANCE-001,O-20240111-000000-001-001-587,O-20240112-170000-001-001-588,BUY,FLAT,0.000,17.015,1704931200000000000,2024-01-11 00:00:00+00:00,1705078800000000000,2024-01-12 17:00:00+00:00,147600000000000,2607.06,2604.52,['35.47001348 USDT'],-0.00097,-78.68811348 USDT,True
BACKTESTER-001,QuantBT-001-001,ETHUSDT-PERP.BINANCE,BINANCE-001,O-20240116-140000-001-001-589,O-20240116-160000-001-001-590,SELL,FLAT,0.000,17.482,1705413600000000000,2024-01-16 14:00:00+00:00,1705420800000000000,2024-01-16 16:00:00+00:00,7200000000000,2535.18,2575.37,['35.73705404 USDT'],-0.01585,-738.33863404 USDT,True
BACKTESTER-001,QuantBT-001-001,ETHUSDT-PERP.BINANCE,BINANCE-001,O-20240118-170000-001-001-591,O-20240122-090000-001-001-592,SELL,FLAT,0.000,17.712,1705597200000000000,2024-01-18 17:00:00+00:00,1705914000000000000,2024-01-22 09:00:00+00:00,316800000000000,2481.42,2389.26,['34.50779367 USDT'],0.03714,1597.83012633 USDT,True
BACKTESTER-001,QuantBT-001-001,ETHUSDT-PERP.BINANCE,BINANCE-001,O-20240126-120000-001-001-593,O-20240201-020000-001-001-594,BUY,FLAT,0.000,19.919,1706270400000000000,2024-01-26 12:00:00+00:00,1706752800000000000,2024-02-01 02:00:00+00:00,482400000000000,2246.62,2259.77,['35.90511296 USDT'],0.00585,226.02973704 USDT,True
BACKTESTER-001,QuantBT-001-001,ETHUSDT-PERP.BINANCE,BINANCE-001,O-20240204-190000-001-001-595,O-20240205-090000-001-001-596,SELL,FLAT,0.000,19.687,1707073200000000000,2024-02-04 19:00:00+00:00,1707123600000000000,2024-02-05 09:00:00+00:00,50400000000000,2278.82,2320.39,['36.21785891 USDT'],-0.01824,-854.60644891 USDT,True
BACKTESTER-001,QuantBT-001-001,ETHUSDT-PERP.BINANCE,BINANCE-001,O-20240205-160000-001-001-597,O-20240206-030000-001-001-598,SELL,FLAT,0.000,19.317,1707148800000000000,2024-02-05 16:00:00+00:00,1707188400000000000,2024-02-06 03:00:00+00:00,39600000000000,2300.31,2315.79,['35.66768148 USDT'],-0.00673,-334.69484148 USDT,True
BACKTESTER-001,QuantBT-001-001,ETHUSDT-PERP.BINANCE,BINANCE-001,O-20240207-170000-001-001-599,O-20240209-150000-001-001-600,BUY,FLAT,0.000,18.372,1707325200000000000,2024-02-07 17:00:00+00:00,1707490800000000000,2024-02-09 15:00:00+00:00,165600000000000,2409.59,2494.24,['36.03726590 USDT'],0.03513,1519.15253410 USDT,True
BACKTESTER-001,QuantBT-001-001,ETHUSDT-PERP.BINANCE,BINANCE-001,O-20240218-230000-001-001-601,O-20240228-120000-001-001-602,BUY,FLAT,0.000,15.615,1708297200000000000,2024-02-18 23:00:00+00:00,1709121600000000000,2024-02-28 12:00:00+00:00,824400000000000,2883.58,3315.79,['38.72126502 USDT'],0.14989,6710.23788498 USDT,True
BACKTESTER-001,QuantBT-001-001,ETHUSDT-PERP.BINANCE,BINANCE-001,O-20240228-180000-001-001-603,O-20240229-010000-001-001-604,SELL,FLAT,0.000,14.564,1709143200000000000,2024-02-28 18:00:00+00:00,1709168400000000000,2024-02-29 01:00:00+00:00,25200000000000,3322.06,3423.62,['39.29763341 USDT'],-0.03057,-1518.41747341 USDT,True
BACKTESTER-001,QuantBT-001-001,ETHUSDT-PERP.BINANCE,BINANCE-001,O-20240303-170000-001-001-605,O-20240304-010000-001-001-606,BUY,FLAT,0.000,13.749,1709485200000000000,2024-03-03 17:00:00+00:00,1709514000000000000,2024-03-04 01:00:00+00:00,28800000000000,3463.84,3482.04,['38.19956164 USDT'],0.00525,212.03223836 USDT,True
BACKTESTER-001,QuantBT-001-001,ETHUSDT-PERP.BINANCE,BINANCE-001,O-20240305-160000-001-001-607,O-20240306-090000-001-001-608,SELL,FLAT,0.000,12.917,1709654400000000000,2024-03-05 16:00:00+00:00,1709715600000000000,2024-03-06 09:00:00+00:00,61200000000000,3695.0,3796.87,['38.70899392 USDT'],-0.02757,-1354.56378392 USDT,True
BACKTESTER-001,QuantBT-001-001,ETHUSDT-PERP.BINANCE,BINANCE-001,O-20240308-160000-001-001-609,O-20240308-180000-001-001-610,SELL,FLAT,0.000,12.038,1709913600000000000,2024-03-08 16:00:00+00:00,1709920800000000000,2024-03-08 18:00:00+00:00,7200000000000,3908.63,3931.75,['37.75299778 USDT'],-0.00592,-316.07155778 USDT,True
BACKTESTER-001,QuantBT-001-001,ETHUSDT-PERP.BINANCE,BINANCE-001,O-20240312-130000-001-001-611,O-20240312-160000-001-001-612,BUY,FLAT,0.000,11.639,1710248400000000000,2024-03-12 13:00:00+00:00,1710259200000000000,2024-03-12 16:00:00+00:00,10800000000000,4028.94,3925.46,['37.03250464 USDT'],-0.02568,-1241.43622464 USDT,True
BACKTESTER-001,QuantBT-001-001,ETHUSDT-PERP.BINANCE,BINANCE-001,O-20240315-030000-001-001-613,O-20240315-200000-001-001-614,SELL,FLAT,0.000,12.423,1710471600000000000,2024-03-15 03:00:00+00:00,1710532800000000000,2024-03-15 20:00:00+00:00,61200000000000,3724.84,3632.19,['36.55855348 USDT'],0.02487,1114.43239652 USDT,True
BACKTESTER-001,QuantBT-001-001,ETHUSDT-PERP.BINANCE,BINANCE-001,O-20240320-160000-001-001-615,O-20240320-180000-001-001-616,SELL,FLAT,0.000,14.439,1710950400000000000,2024-03-20 16:00:00+00:00,1710957600000000000,2024-03-20 18:00:00+00:00,7200000000000,3243.41,3400.66,['38.37349070 USDT'],-0.04848,-2308.90624070 USDT,True
BACKTESTER-001,QuantBT-001-001,ETHUSDT-PERP.BINANCE,BINANCE-001,O-20240325-150000-001-001-617,O-20240327-140000-001-001-618,BUY,FLAT,0.000,12.743,1711378800000000000,2024-03-25 15:00:00+00:00,1711548000000000000,2024-03-27 14:00:00+00:00,169200000000000,3584.48,3562.1,['36.42754758 USDT'],-0.00624,-321.61588758 USDT,True
BACKTESTER-001,QuantBT-001-001,ETHUSDT-PERP.BINANCE,BINANCE-001,O-20240402-030000-001-001-619,O-20240402-140000-001-001-620,SELL,FLAT,0.000,13.515,1712026800000000000,2024-04-02 03:00:00+00:00,1712066400000000000,2024-04-02 14:00:00+00:00,39600000000000,3367.81,3294.81,['36.01812372 USDT'],0.02168,950.57687628 USDT,True
BACKTESTER-001,QuantBT-001-001,ETHUSDT-PERP.BINANCE,BINANCE-001,O-20240404-190000-001-001-621,O-20240407-230000-001-001-622,SELL,FLAT,0.000,13.656,1712257200000000000,2024-04-04 19:00:00+00:00,1712530800000000000,2024-04-07 23:00:00+00:00,273600000000000,3367.84,3455.99,['37.27448900 USDT'],-0.02617,-1241.05088900 USDT,True
BACKTESTER-001,QuantBT-001-001,ETHUSDT-PERP.BINANCE,BINANCE-001,O-20240408-000000-001-001-623,O-20240408-040000-001-001-624,BUY,FLAT,0.000,13.224,1712534400000000000,2024-04-08 00:00:00+00:00,1712548800000000000,2024-04-08 04:00:00+00:00,14400000000000,3431.02,3421.31,['36.24608477 USDT'],-0.00283,-164.65112477 USDT,True
BACKTESTER-001,QuantBT-001-001,ETHUSDT-PERP.BINANCE,BINANCE-001,O-20240408-140000-001-001-625,O-20240408-180000-001-001-626,SELL,FLAT,0.000,12.413,1712584800000000000,2024-04-08 14:00:00+00:00,1712599200000000000,2024-04-08 18:00:00+00:00,14400000000000,3648.4,3694.32,['36.45807334 USDT'],-0.01259,-606.46303334 USDT,True
BACKTESTER-001,QuantBT-001-001,ETHUSDT-PERP.BINANCE,BINANCE-001,O-20240410-130000-001-001-627,O-20240410-150000-001-001-628,SELL,FLAT,0.000,12.986,1712754000000000000,2024-04-10 13:00:00+00:00,1712761200000000000,2024-04-10 15:00:00+00:00,7200000000000,3464.0,3481.08,['36.07552355 USDT'],-0.00493,-257.87640355 USDT,True
BACKTESTER-001,QuantBT-001-001,ETHUSDT-PERP.BINANCE,BINANCE-001,O-20240418-130000-001-001-629,O-20240418-150000-001-001-630,SELL,FLAT,0.000,14.718,1713445200000000000,2024-04-18 13:00:00+00:00,1713452400000000000,2024-04-18 15:00:00+00:00,7200000000000,3047.72,3066.99,['35.99852071 USDT'],-0.00632,-319.61438071 USDT,True
BACKTESTER-001,QuantBT-001-001,ETHUSDT-PERP.BINANCE,BINANCE-001,O-20240427-010000-001-001-631,O-20240427-140000-001-001-632,SELL,FLAT,0.000,14.452,1714179600000000000,2024-04-27 01:00:00+00:00,1714226400000000000,2024-04-27 14:00:00+00:00,46800000000000,3092.7,3149.0,['36.08201936 USDT'],-0.0182,-849.72961936 USDT,True
BACKTESTER-001,QuantBT-001-001,ETHUSDT-PERP.BINANCE,BINANCE-001,O-20240501-200000-001-001-633,O-20240506-110000-001-001-634,BUY,FLAT,0.000,15.061,1714593600000000000,2024-05-01 20:00:00+00:00,1714993200000000000,2024-05-06 11:00:00+00:00,399600000000000,2939.39,3147.89,['36.67220964 USDT'],0.07093,3103.54629036 USDT,True
BACKTESTER-001,QuantBT-001-001,ETHUSDT-PERP.BINANCE,BINANCE-001,O-20240508-210000-001-001-635,O-20240509-010000-001-001-636,SELL,FLAT,0.000,15.425,1715202000000000000,2024-05-08 21:00:00+00:00,1715216400000000000,2024-05-09 01:00:00+00:00,14400000000000,2970.78,2996.35,['36.81719210 USDT'],-0.00861,-431.23444210 USDT,True
BACKTESTER-001,QuantBT-001-001,ETHUSDT-PERP.BINANCE,BINANCE-001,O-20240509-140000-001-001-637,O-20240509-160000-001-001-638,SELL,FLAT,0.000,15.274,1715263200000000000,2024-05-09 14:00:00+00:00,1715270400000000000,2024-05-09 16:00:00+00:00,7200000000000,2985.95,2993.3,['36.53082580 USDT'],-0.00246,-148.79472580 USDT,True
BACKTESTER-001,QuantBT-001-001,ETHUSDT-PERP.BINANCE,BINANCE-001,O-20240513-090000-001-001-639,O-20240513-190000-001-001-640,BUY,FLAT,0.000,15.256,1715590800000000000,2024-05-13 09:00:00+00:00,1715626800000000000,2024-05-13 19:00:00+00:00,36000000000000,2984.67,2955.69,['36.25045287 USDT'],-0.00971,-478.36933287 USDT,True
BACKTESTER-001,QuantBT-001-001,ETHUSDT-PERP.BINANCE,BINANCE-001,O-20240517-160000-001-001-641,O-20240520-180000-001-001-642,SELL,FLAT,0.000,14.636,1715961600000000000,2024-05-17 16:00:00+00:00,1716228000000000000,2024-05-20 18:00:00+00:00,266400000000000,3094.68,3147.04,['36.54152557 USDT'],-0.01692,-802.88248557 USDT,True
BACKTESTER-001,QuantBT-001-001,ETHUSDT-PERP.BINANCE,BINANCE-001,O-20240520-200000-001-001-643,O-20240523-130000-001-001-644,BUY,FLAT,0.000,12.823,1716235200000000000,2024-05-20 20:00:00+00:00,1716469200000000000,2024-05-23 13:00:00+00:00,234000000000000,3500.83,3784.32,['37.36699138 USDT'],0.08098,3597.82527862 USDT,True
BACKTESTER-001,QuantBT-001-001,ETHUSDT-PERP.BINANCE,BINANCE-001,O-20240526-160000-001-001-645,O-20240526-170000-001-001-646,SELL,FLAT,0.000,12.077,1716739200000000000,2024-05-26 16:00:00+00:00,1716742800000000000,2024-05-26 17:00:00+00:00,3600000000000,3866.01,3846.29,['37.25657884 USDT'],0.0051,200.90186116 USDT,True
BACKTESTER-001,QuantBT-001-001,ETHUSDT-PERP.BINANCE,BINANCE-001,O-20240531-140000-001-001-647,O-20240602-010000-001-001-648,SELL,FLAT,0.000,12.393,1717164000000000000,2024-05-31 14:00:00+00:00,1717290000000000000,2024-06-02 01:00:00+00:00,126000000000000,3775.67,3826.11,['37.68354381 USDT'],-0.01336,-662.78646381 USDT,True
BACKTESTER-001,QuantBT-001-001,ETHUSDT-PERP.BINANCE,BINANCE-001,O-20240603-140000-001-001-649,O-20240605-200000-001-001-650,SELL,FLAT,0.000,12.320,1717423200000000000,2024-06-03 14:00:00+00:00,1717617600000000000,2024-06-05 20:00:00+00:00,194400000000000,3771.12,3865.91,['37.63528384 USDT'],-0.02514,-1205.44808384 USDT,True
BACKTESTER-001,QuantBT-001-001,ETHUSDT-PERP.BINANCE,BINANCE-001,O-20240607-130000-001-001-651,O-20240614-220000-001-001-652,SELL,FLAT,0.000,12.013,1717765200000000000,2024-06-07 13:00:00+00:00,1718402400000000000,2024-06-14 22:00:00+00:00,637200000000000,3817.28,3483.84,['35.08334183 USDT'],0.08735,3970.53137817 USDT,True
BACKTESTER-001,QuantBT-001-001,ETHUSDT-PERP.BINANCE,BINANCE-001,O-20240618-020000-001-001-653,O-20240618-050000-001-001-654,SELL,FLAT,0.000,13.959,1718676000000000000,2024-06-18 02:00:00+00:00,1718686800000000000,2024-06-18 05:00:00+00:00,10800000000000,3427.53,3443.44,['38.36474809 USDT'],-0.00464,-260.45243809 USDT,True
BACKTESTER-001,QuantBT-001-001,ETHUSDT-PERP.BINANCE,BINANCE-001,O-20240626-200000-001-001-655,O-20240627-010000-001-001-656,BUY,FLAT,0.000,14.071,1719432000000000000,2024-06-26 20:00:00+00:00,1719450000000000000,2024-06-27 01:00:00+00:00,18000000000000,3390.93,3378.92,['38.10342374 USDT'],-0.00354,-207.09613374 USDT,True
BACKTESTER-001,QuantBT-001-001,ETHUSDT-PERP.BINANCE,BINANCE-001,O-20240630-080000-001-001-657,O-20240701-030000-001-001-658,BUY,FLAT,0.000,14.030,1719734400000000000,2024-06-30 08:00:00+00:00,1719802800000000000,2024-07-01 03:00:00+00:00,68400000000000,3393.49,3497.27,['38.67094512 USDT'],0.03058,1417.36245488 USDT,True
BACKTESTER-001,QuantBT-001-001,ETHUSDT-PERP.BINANCE,BINANCE-001,O-20240704-020000-001-001-659,O-20240708-030000-001-001-660,SELL,FLAT,0.000,14.971,1720058400000000000,2024-07-04 02:00:00+00:00,1720407600000000000,2024-07-08 03:00:00+00:00,349200000000000,3227.43,2877.9,['36.56115817 USDT'],0.1083,5196.25247183 USDT,True
BACKTESTER-001,QuantBT-001-001,ETHUSDT-PERP.BINANCE,BINANCE-001,O-20240708-150000-001-001-661,O-20240708-160000-001-001-662,SELL,FLAT,0.000,17.154,1720450800000000000,2024-07-08 15:00:00+00:00,1720454400000000000,2024-07-08 16:00:00+00:00,3600000000000,2968.22,2970.44,['40.74870945 USDT'],-0.00075,-78.83058945 USDT,True
BACKTESTER-001,QuantBT-001-001,ETHUSDT-PERP.BINANCE,BINANCE-001,O-20240711-150000-001-001-663,O-20240713-230000-001-001-664,SELL,FLAT,0.000,16.324,1720710000000000000,2024-07-11 15:00:00+00:00,1720911600000000000,2024-07-13 23:00:00+00:00,201600000000000,3116.66,3174.01,['41.07555884 USDT'],-0.0184,-977.25695884 USDT,True
BACKTESTER-001,QuantBT-001-001,ETHUSDT-PERP.BINANCE,BINANCE-001,O-20240714-000000-001-001-665,O-20240714-090000-001-001-666,SELL,FLAT,0.000,15.817,1720915200000000000,2024-07-14 00:00:00+00:00,1720947600000000000,2024-07-14 09:00:00+00:00,32400000000000,3185.69,3211.52,['40.47386823 USDT'],-0.00811,-449.02697823 USDT,True
BACKTESTER-001,QuantBT-001-001,ETHUSDT-PERP.BINANCE,BINANCE-001,O-20240714-220000-001-001-667,O-20240718-150000-001-001-668,BUY,FLAT,0.000,15.460,1720994400000000000,2024-07-14 22:00:00+00:00,1721314800000000000,2024-07-18 15:00:00+00:00,320400000000000,3244.64,3387.26,['41.01166960 USDT'],0.04396,2163.89353040 USDT,True
BACKTESTER-001,QuantBT-001-001,ETHUSDT-PERP.BINANCE,BINANCE-001,O-20240720-180000-001-001-669,O-20240721-080000-001-001-670,BUY,FLAT,0.000,14.520,1721498400000000000,2024-07-20 18:00:00+00:00,1721548800000000000,2024-07-21 08:00:00+00:00,50400000000000,3529.3,3486.53,['40.74794064 USDT'],-0.01212,-661.76834064 USDT,True
BACKTESTER-001,QuantBT-001-001,ETHUSDT-PERP.BINANCE,BINANCE-001,O-20240721-170000-001-001-671,O-20240721-180000-001-001-672,BUY,FLAT,0.000,14.685,1721581200000000000,2024-07-21 17:00:00+00:00,1721584800000000000,2024-07-21 18:00:00+00:00,3600000000000,3467.18,3462.2,['40.70317812 USDT'],-0.00144,-113.83447812 USDT,True
BACKTESTER-001,QuantBT-001-001,ETHUSDT-PERP.BINANCE,BINANCE-001,O-20240727-160000-001-001-673,O-20240729-030000-001-001-674,SELL,FLAT,0.000,15.549,1722096000000000000,2024-07-27 16:00:00+00:00,1722222000000000000,2024-07-29 03:00:00+00:00,126000000000000,3270.86,3348.01,['41.16672386 USDT'],-0.02359,-1240.77207386 USDT,True
BACKTESTER-001,QuantBT-001-001,ETHUSDT-PERP.BINANCE,BINANCE-001,O-20240730-150000-001-001-675,O-20240731-140000-001-001-676,SELL,FLAT,0.000,15.135,1722351600000000000,2024-07-30 15:00:00+00:00,1722434400000000000,2024-07-31 14:00:00+00:00,82800000000000,3319.26,3319.88,['40.19335356 USDT'],-0.00019,-49.57705356 USDT,True
BACKTESTER-001,QuantBT-001-001,ETHUSDT-PERP.BINANCE,BINANCE-001,O-20240801-160000-001-001-677,O-20240801-210000-001-001-678,SELL,FLAT,0.000,16.165,1722528000000000000,2024-08-01 16:00:00+00:00,1722546000000000000,2024-08-01 21:00:00+00:00,18000000000000,3106.29,3175.0,['40.61482114 USDT'],-0.02212,-1151.31197114 USDT,True
BACKTESTER-001,QuantBT-001-001,ETHUSDT-PERP.BINANCE,BINANCE-001,O-20240802-140000-001-001-679,O-20240824-170000-001-001-680,SELL,FLAT,0.000,16.347,1722607200000000000,2024-08-02 14:00:00+00:00,1724518800000000000,2024-08-24 17:00:00+00:00,1911600000000000,3036.44,2781.79,['38.04424232 USDT'],0.08386,4124.71930768 USDT,True
BACKTESTER-001,QuantBT-001-001,ETHUSDT-PERP.BINANCE,BINANCE-001,O-20240826-000000-001-001-681,O-20240826-100000-001-001-682,SELL,FLAT,0.000,18.785,1724630400000000000,2024-08-26 00:00:00+00:00,1724666400000000000,2024-08-26 10:00:00+00:00,36000000000000,2752.15,2735.55,['41.23457780 USDT'],0.00603,270.59642220 USDT,True
BACKTESTER-001,QuantBT-001-001,ETHUSDT-PERP.BINANCE,BINANCE-001,O-20240827-110000-001-001-683,O-20240901-160000-001-001-684,SELL,FLAT,0.000,19.742,1724756400000000000,2024-08-27 11:00:00+00:00,1725206400000000000,2024-09-01 16:00:00+00:00,450000000000000,2625.59,2470.91,['40.24604120 USDT'],0.05891,3013.44651880 USDT,True
BACKTESTER-001,QuantBT-001-001,ETHUSDT-PERP.BINANCE,BINANCE-001,O-20240901-230000-001-001-685,O-20240902-010000-001-001-686,SELL,FLAT,0.000,22.001,1725231600000000000,2024-09-01 23:00:00+00:00,1725238800000000000,2024-09-02 01:00:00+00:00,7200000000000,2424.55,2439.24,['42.80329752 USDT'],-0.00606,-365.99798752 USDT,True
BACKTESTER-001,QuantBT-001-001,ETHUSDT-PERP.BINANCE,BINANCE-001,O-20240902-100000-001-001-687,O-20240903-140000-001-001-688,BUY,FLAT,0.000,21.062,1725271200000000000,2024-09-02 10:00:00+00:00,1725372000000000000,2024-09-03 14:00:00+00:00,100800000000000,2523.91,2445.44,['41.86577988 USDT'],-0.03109,-1694.60091988 USDT,True
BACKTESTER-001,QuantBT-001-001,ETHUSDT-PERP.BINANCE,BINANCE-001,O-20240906-140000-001-001-689,O-20240908-180000-001-001-690,SELL,FLAT,0.000,22.484,1725631200000000000,2024-09-06 14:00:00+00:00,1725818400000000000,2024-09-08 18:00:00+00:00,187200000000000,2326.56,2274.65,['41.38144226 USDT'],0.02231,1125.76299774 USDT,True
BACKTESTER-001,QuantBT-001-001,ETHUSDT-PERP.BINANCE,BINANCE-001,O-20240908-230000-001-001-691,O-20240911-020000-001-001-692,BUY,FLAT,0.000,23.030,1725836400000000000,2024-09-08 23:00:00+00:00,1726020000000000000,2024-09-11 02:00:00+00:00,183600000000000,2295.89,2352.59,['42.82179776 USDT'],0.0247,1262.97920224 USDT,True
BACKTESTER-001,QuantBT-001-001,ETHUSDT-PERP.BINANCE,BINANCE-001,O-20240913-160000-001-001-693,O-20240914-190000-001-001-694,BUY,FLAT,0.000,22.239,1726243200000000000,2024-09-13 16:00:00+00:00,1726340400000000000,2024-09-14 19:00:00+00:00,97200000000000,2405.95,2407.57,['42.81914851 USDT'],0.00067,-6.79196851 USDT,True
BACKTESTER-001,QuantBT-001-001,ETHUSDT-PERP.BINANCE,BINANCE-001,O-20240920-050000-001-001-695,O-20240930-010000-001-001-696,BUY,FLAT,0.000,21.039,1726808400000000000,2024-09-20 05:00:00+00:00,1727658000000000000,2024-09-30 01:00:00+00:00,849600000000000,2542.99,2614.0,['43.39916504 USDT'],0.02792,1450.58022496 USDT,True
BACKTESTER-001,QuantBT-001-001,ETHUSDT-PERP.BINANCE,BINANCE-001,O-20241002-150000-001-001-697,O-20241002-170000-001-001-698,SELL,FLAT,0.000,22.049,1727881200000000000,2024-10-02 15:00:00+00:00,1727888400000000000,2024-10-02 17:00:00+00:00,7200000000000,2459.43,2445.8,['43.26216651 USDT'],0.00554,257.26570349 USDT,True
BACKTESTER-001,QuantBT-001-001,ETHUSDT-PERP.BINANCE,BINANCE-001,O-20241007-030000-001-001-699,O-20241007-100000-001-001-700,BUY,FLAT,0.000,21.791,1728270000000000000,2024-10-07 03:00:00+00:00,1728295200000000000,2024-10-07 10:00:00+00:00,25200000000000,2494.37,2448.09,['43.08045835 USDT'],-0.01855,-1051.56793835 USDT,True
BACKTESTER-001,QuantBT-001-001,ETHUSDT-PERP.BINANCE,BINANCE-001,O-20241008-150000-001-001-701,O-20241008-220000-001-001-702,SELL,FLAT,0.000,22.259,1728399600000000000,2024-10-08 15:00:00+00:00,1728424800000000000,2024-10-08 22:00:00+00:00,25200000000000,2418.39,2440.6,['43.26250336 USDT'],-0.00918,-537.63489336 USDT,True
BACKTESTER-001,QuantBT-001-001,ETHUSDT-PERP.BINANCE,BINANCE-001,O-20241010-140000-001-001-703,O-20241010-170000-001-001-704,SELL,FLAT,0.000,22.497,1728568800000000000,2024-10-10 14:00:00+00:00,1728579600000000000,2024-10-10 17:00:00+00:00,10800000000000,2380.86,2372.2,['42.77183633 USDT'],0.00364,152.05218367 USDT,True
BACKTESTER-001,QuantBT-001-001,ETHUSDT-PERP.BINANCE,BINANCE-001,O-20241010-180000-001-001-705,O-20241011-020000-001-001-706,SELL,FLAT,0.000,22.758,1728583200000000000,2024-10-10 18:00:00+00:00,1728612000000000000,2024-10-11 02:00:00+00:00,28800000000000,2356.88,2398.96,['43.29336269 USDT'],-0.01785,-1000.95000269 USDT,True
BACKTESTER-001,QuantBT-001-001,ETHUSDT-PERP.BINANCE,BINANCE-001,O-20241013-180000-001-001-707,O-20241018-170000-001-001-708,BUY,FLAT,0.000,21.747,1728842400000000000,2024-10-13 18:00:00+00:00,1729270800000000000,2024-10-18 17:00:00+00:00,428400000000000,2443.42,2646.0,['44.27184670 USDT'],0.08291,4361.23541330 USDT,True
BACKTESTER-001,QuantBT-001-001,ETHUSDT-PERP.BINANCE,BINANCE-001,O-20241022-100000-001-001-709,O-20241025-090000-001-001-710,SELL,FLAT,0.000,21.014,1729591200000000000,2024-10-22 10:00:00+00:00,1729846800000000000,2024-10-25 09:00:00+00:00,255600000000000,2632.46,2539.12,['43.47023285 USDT'],0.03546,1917.97652715 USDT,True
BACKTESTER-001,QuantBT-001-001,ETHUSDT-PERP.BINANCE,BINANCE-001,O-20241025-160000-001-001-711,O-20241028-080000-001-001-712,SELL,FLAT,0.000,22.233,1729872000000000000,2024-10-25 16:00:00+00:00,1730102400000000000,2024-10-28 08:00:00+00:00,230400000000000,2531.19,2512.29,['44.85267634 USDT'],0.00747,375.35102366 USDT,True
BACKTESTER-001,QuantBT-001-001,ETHUSDT-PERP.BINANCE,BINANCE-001,O-20241028-100000-001-001-713,O-20241028-140000-001-001-714,BUY,FLAT,0.000,22.311,1730109600000000000,2024-10-28 10:00:00+00:00,1730124000000000000,2024-10-28 14:00:00+00:00,14400000000000,2530.73,2524.99,['45.11926757 USDT'],-0.00227,-173.18440757 USDT,True
BACKTESTER-001,QuantBT-001-001,ETHUSDT-PERP.BINANCE,BINANCE-001,O-20241030-160000-001-001-715,O-20241103-160000-001-001-716,SELL,FLAT,0.000,20.970,1730304000000000000,2024-10-30 16:00:00+00:00,1730649600000000000,2024-11-03 16:00:00+00:00,345600000000000,2688.47,2442.36,['43.03740204 USDT'],0.09154,5117.88929796 USDT,True
BACKTESTER-001,QuantBT-001-001,ETHUSDT-PERP.BINANCE,BINANCE-001,O-20241105-160000-001-001-717,O-20241105-180000-001-001-718,SELL,FLAT,0.000,23.944,1730822400000000000,2024-11-05 16:00:00+00:00,1730829600000000000,2024-11-05 18:00:00+00:00,7200000000000,2461.43,2451.65,['47.05551501 USDT'],0.00397,187.11680499 USDT,True
BACKTESTER-001,QuantBT-001-001,ETHUSDT-PERP.BINANCE,BINANCE-001,O-20241106-040000-001-001-719,O-20241113-200000-001-001-720,BUY,FLAT,0.000,22.848,1730865600000000000,2024-11-06 04:00:00+00:00,1731528000000000000,2024-11-13 20:00:00+00:00,662400000000000,2583.6,3170.06,['52.58384947 USDT'],0.22699,13346.85423053 USDT,True
BACKTESTER-001,QuantBT-001-001,ETHUSDT-PERP.BINANCE,BINANCE-001,O-20241118-120000-001-001-721,O-20241118-150000-001-001-722,SELL,FLAT,0.000,21.274,1731931200000000000,2024-11-18 12:00:00+00:00,1731942000000000000,2024-11-18 15:00:00+00:00,10800000000000,3088.47,3146.14,['53.05403725 USDT'],-0.01867,-1279.92561725 USDT,True
BACKTESTER-001,QuantBT-001-001,ETHUSDT-PERP.BINANCE,BINANCE-001,O-20241118-170000-001-001-723,O-20241118-200000-001-001-724,BUY,FLAT,0.000,20.471,1731949200000000000,2024-11-18 17:00:00+00:00,1731960000000000000,2024-11-18 20:00:00+00:00,10800000000000,3178.38,3157.36,['51.87957341 USDT'],-0.00661,-482.17999341 USDT,True
BACKTESTER-001,QuantBT-001-001,ETHUSDT-PERP.BINANCE,BINANCE-001,O-20241120-160000-001-001-725,O-20241120-170000-001-001-726,BUY,FLAT,0.000,20.973,1732118400000000000,2024-11-20 16:00:00+00:00,1732122000000000000,2024-11-20 17:00:00+00:00,3600000000000,3090.81,3065.54,['51.64685142 USDT'],-0.00818,-581.63456142 USDT,True
BACKTESTER-001,QuantBT-001-001,ETHUSDT-PERP.BINANCE,BINANCE-001,O-20241121-050000-001-001-727,O-20241121-160000-001-001-728,BUY,FLAT,0.000,20.752,1732165200000000000,2024-11-21 05:00:00+00:00,1732204800000000000,2024-11-21 16:00:00+00:00,39600000000000,3109.59,3333.96,['53.48661984 USDT'],0.07215,4602.63962016 USDT,True
BACKTESTER-001,QuantBT-001-001,ETHUSDT-PERP.BINANCE,BINANCE-001,O-20241123-170000-001-001-729,O-20241125-100000-001-001-730,SELL,FLAT,0.000,19.497,1732381200000000000,2024-11-23 17:00:00+00:00,1732528800000000000,2024-11-25 10:00:00+00:00,147600000000000,3427.82,3504.57,['54.06432314 USDT'],-0.02239,-1550.45907314 USDT,True
BACKTESTER-001,QuantBT-001-001,ETHUSDT-PERP.BINANCE,BINANCE-001,O-20241125-140000-001-001-731,O-20241125-150000-001-001-732,SELL,FLAT,0.000,19.368,1732543200000000000,2024-11-25 14:00:00+00:00,1732546800000000000,2024-11-25 15:00:00+00:00,3600000000000,3410.61,3521.26,['53.70258326 USDT'],-0.03244,-2196.77178326 USDT,True
BACKTESTER-001,QuantBT-001-001,ETHUSDT-PERP.BINANCE,BINANCE-001,O-20241130-110000-001-001-733,O-20241130-200000-001-001-734,SELL,FLAT,0.000,17.768,1732964400000000000,2024-11-30 11:00:00+00:00,1732996800000000000,2024-11-30 20:00:00+00:00,32400000000000,3656.05,3714.32,['52.38269366 USDT'],-0.01594,-1087.72405366 USDT,True
BACKTESTER-001,QuantBT-001-001,ETHUSDT-PERP.BINANCE,BINANCE-001,O-20241202-040000-001-001-735,O-20241204-110000-001-001-736,SELL,FLAT,0.000,17.439,1733112000000000000,2024-12-02 04:00:00+00:00,1733310000000000000,2024-12-04 11:00:00+00:00,198000000000000,3693.71,3731.0,['51.79180708 USDT'],-0.0101,-702.09211708 USDT,True
BACKTESTER-001,QuantBT-001-001,ETHUSDT-PERP.BINANCE,BINANCE-001,O-20241204-170000-001-001-737,O-20241204-180000-001-001-738,SELL,FLAT,0.000,16.799,1733331600000000000,2024-12-04 17:00:00+00:00,1733335200000000000,2024-12-04 18:00:00+00:00,3600000000000,3813.64,3825.47,['51.33176355 USDT'],-0.0031,-250.06393355 USDT,True
BACKTESTER-001,QuantBT-001-001,ETHUSDT-PERP.BINANCE,BINANCE-001,O-20241209-010000-001-001-739,O-20241209-230000-001-001-740,SELL,FLAT,0.000,16.198,1733706000000000000,2024-12-09 01:00:00+00:00,1733785200000000000,2024-12-09 23:00:00+00:00,79200000000000,3947.25,3712.55,['49.62937616 USDT'],0.05946,3752.04122384 USDT,True
BACKTESTER-001,QuantBT-001-001,ETHUSDT-PERP.BINANCE,BINANCE-001,O-20241213-160000-001-001-741,O-20241213-180000-001-001-742,SELL,FLAT,0.000,16.827,1734105600000000000,2024-12-13 16:00:00+00:00,1734112800000000000,2024-12-13 18:00:00+00:00,7200000000000,3911.25,3912.1,['52.65740418 USDT'],-0.00022,-66.96035418 USDT,True
BACKTESTER-001,QuantBT-001-001,ETHUSDT-PERP.BINANCE,BINANCE-001,O-20241216-010000-001-001-743,O-20241216-040000-001-001-744,BUY,FLAT,0.000,16.409,1734310800000000000,2024-12-16 01:00:00+00:00,1734321600000000000,2024-12-16 04:00:00+00:00,10800000000000,4008.79,3953.86,['52.26364954 USDT'],-0.0137,-953.61001954 USDT,True
BACKTESTER-001,QuantBT-001-001,ETHUSDT-PERP.BINANCE,BINANCE-001,O-20241216-180000-001-001-745,O-20241217-000000-001-001-746,BUY,FLAT,0.000,15.978,1734372000000000000,2024-12-16 18:00:00+00:00,1734393600000000000,2024-12-17 00:00:00+00:00,21600000000000,4087.25,3957.18,['51.41356102 USDT'],-0.03182,-2129.67202102 USDT,True
BACKTESTER-001,QuantBT-001-001,ETHUSDT-PERP.BINANCE,BINANCE-001,O-20241218-200000-001-001-747,O-20241220-130000-001-001-748,SELL,FLAT,0.000,17.390,1734552000000000000,2024-12-18 20:00:00+00:00,1734699600000000000,2024-12-20 13:00:00+00:00,147600000000000,3693.99,3296.12,['48.62320516 USDT'],0.10771,6870.33609484 USDT,True
BACKTESTER-001,QuantBT-001-001,ETHUSDT-PERP.BINANCE,BINANCE-001,O-20241227-080000-001-001-749,O-20241227-090000-001-001-750,SELL,FLAT,0.000,20.157,1735286400000000000,2024-12-27 08:00:00+00:00,1735290000000000000,2024-12-27 09:00:00+00:00,3600000000000,3357.49,3421.29,['54.65594738 USDT'],-0.019,-1340.67254738 USDT,True
BACKTESTER-001,QuantBT-001-001,ETHUSDT-PERP.BINANCE,BINANCE-001,O-20241230-010000-001-001-751,O-20241230-140000-001-001-752,BUY,FLAT,0.000,19.593,1735520400000000000,2024-12-30 01:00:00+00:00,1735567200000000000,2024-12-30 14:00:00+00:00,46800000000000,3419.9,3314.68,['52.78025038 USDT'],-0.03077,-2114.35571038 USDT,False
