total,locked,free,currency,account_id,account_type,base_currency,margins,reported,info
20000.00000000,0.00000000,20000.00000000,USDT,BINANCE-001,MARGIN,USDT,[],True,{}
19996.00001000,349.99912500,19646.00088500,USDT,BINANCE-001,MARGIN,USDT,"[{'type': 'MarginBalance', 'initial': '0.00000000', 'maintenance': '349.99912500', 'currency': 'USDT', 'instrument_id': 'ETHUSDT-PERP.BINANCE'}]",False,{}
19880.21532400,0.00000000,19880.21532400,USDT,BINANCE-001,MARGIN,USDT,[],False,{}
19876.23926976,347.90474565,19528.33452411,USDT,BINANCE-001,MARGIN,USDT,"[{'type': 'MarginBalance', 'initial': '0.00000000', 'maintenance': '347.90474565', 'currency': 'USDT', 'instrument_id': 'ETHUSDT-PERP.BINANCE'}]",False,{}
19573.13679280,0.00000000,19573.13679280,USDT,BINANCE-001,MARGIN,USDT,[],False,{}
19569.22217725,342.52886045,19226.69331680,USDT,BINANCE-001,MARGIN,USDT,"[{'type': 'MarginBalance', 'initial': '0.00000000', 'maintenance': '342.52886045', 'currency': 'USDT', 'instrument_id': 'ETHUSDT-PERP.BINANCE'}]",False,{}
19522.25428728,0.00000000,19522.25428728,USDT,BINANCE-001,MARGIN,USDT,[],False,{}
19518.34983331,341.63972220,19176.71011111,USDT,BINANCE-001,MARGIN,USDT,"[{'type': 'MarginBalance', 'initial': '0.00000000', 'maintenance': '341.63972220', 'currency': 'USDT', 'instrument_id': 'ETHUSDT-PERP.BINANCE'}]",False,{}
19296.12410280,0.00000000,19296.12410280,USDT,BINANCE-001,MARGIN,USDT,[],False,{}
19292.26488404,337.68164150,18954.58324254,USDT,BINANCE-001,MARGIN,USDT,"[{'type': 'MarginBalance', 'initial': '0.00000000', 'maintenance': '337.68164150', 'currency': 'USDT', 'instrument_id': 'ETHUSDT-PERP.BINANCE'}]",False,{}
19171.90634418,0.00000000,19171.90634418,USDT,BINANCE-001,MARGIN,USDT,[],False,{}
19168.07195804,335.50878760,18832.56317044,USDT,BINANCE-001,MARGIN,USDT,"[{'type': 'MarginBalance', 'initial': '0.00000000', 'maintenance': '335.50878760', 'currency': 'USDT', 'instrument_id': 'ETHUSDT-PERP.BINANCE'}]",False,{}
19377.26931510,0.00000000,19377.26931510,USDT,BINANCE-001,MARGIN,USDT,[],False,{}
19373.39383811,339.10423680,19034.28960131,USDT,BINANCE-001,MARGIN,USDT,"[{'type': 'MarginBalance', 'initial': '0.00000000', 'maintenance': '339.10423680', 'currency': 'USDT', 'instrument_id': 'ETHUSDT-PERP.BINANCE'}]",False,{}
19157.67813891,0.00000000,19157.67813891,USDT,BINANCE-001,MARGIN,USDT,[],False,{}
19153.84662794,335.25721005,18818.58941789,USDT,BINANCE-001,MARGIN,USDT,"[{'type': 'MarginBalance', 'initial': '0.00000000', 'maintenance': '335.25721005', 'currency': 'USDT', 'instrument_id': 'ETHUSDT-PERP.BINANCE'}]",False,{}
19118.11599242,0.00000000,19118.11599242,USDT,BINANCE-001,MARGIN,USDT,[],False,{}
19114.29237394,334.56661700,18779.72575694,USDT,BINANCE-001,MARGIN,USDT,"[{'type': 'MarginBalance', 'initial': '0.00000000', 'maintenance': '334.56661700', 'currency': 'USDT', 'instrument_id': 'ETHUSDT-PERP.BINANCE'}]",False,{}
18991.89594530,0.00000000,18991.89594530,USDT,BINANCE-001,MARGIN,USDT,[],False,{}
18988.09754890,332.35968500,18655.73786390,USDT,BINANCE-001,MARGIN,USDT,"[{'type': 'MarginBalance', 'initial': '0.00000000', 'maintenance': '332.35968500', 'currency': 'USDT', 'instrument_id': 'ETHUSDT-PERP.BINANCE'}]",False,{}
18966.93060270,0.00000000,18966.93060270,USDT,BINANCE-001,MARGIN,USDT,[],False,{}
18963.13721435,331.92148080,18631.21573355,USDT,BINANCE-001,MARGIN,USDT,"[{'type': 'MarginBalance', 'initial': '0.00000000', 'maintenance': '331.92148080', 'currency': 'USDT', 'instrument_id': 'ETHUSDT-PERP.BINANCE'}]",False,{}
18819.24660952,0.00000000,18819.24660952,USDT,BINANCE-001,MARGIN,USDT,[],False,{}
18815.48277947,329.33512920,18486.14765027,USDT,BINANCE-001,MARGIN,USDT,"[{'type': 'MarginBalance', 'initial': '0.00000000', 'maintenance': '329.33512920', 'currency': 'USDT', 'instrument_id': 'ETHUSDT-PERP.BINANCE'}]",False,{}
18633.26372008,0.00000000,18633.26372008,USDT,BINANCE-001,MARGIN,USDT,[],False,{}
18629.53707650,326.08131360,18303.45576290,USDT,BINANCE-001,MARGIN,USDT,"[{'type': 'MarginBalance', 'initial': '0.00000000', 'maintenance': '326.08131360', 'currency': 'USDT', 'instrument_id': 'ETHUSDT-PERP.BINANCE'}]",False,{}
18575.42724770,0.00000000,18575.42724770,USDT,BINANCE-001,MARGIN,USDT,[],False,{}
18571.71215733,325.07040755,18246.64174978,USDT,BINANCE-001,MARGIN,USDT,"[{'type': 'MarginBalance', 'initial': '0.00000000', 'maintenance': '325.07040755', 'currency': 'USDT', 'instrument_id': 'ETHUSDT-PERP.BINANCE'}]",False,{}
18489.96983855,0.00000000,18489.96983855,USDT,BINANCE-001,MARGIN,USDT,[],False,{}
18486.27182189,323.57645810,18162.69536379,USDT,BINANCE-001,MARGIN,USDT,"[{'type': 'MarginBalance', 'initial': '0.00000000', 'maintenance': '323.57645810', 'currency': 'USDT', 'instrument_id': 'ETHUSDT-PERP.BINANCE'}]",False,{}
22486.62987189,0.00000000,22486.62987189,USDT,BINANCE-001,MARGIN,USDT,[],False,{}
22482.13259489,393.51173750,22088.62085739,USDT,BINANCE-001,MARGIN,USDT,"[{'type': 'MarginBalance', 'initial': '0.00000000', 'maintenance': '393.51173750', 'currency': 'USDT', 'instrument_id': 'ETHUSDT-PERP.BINANCE'}]",False,{}
22152.29335675,0.00000000,22152.29335675,USDT,BINANCE-001,MARGIN,USDT,[],False,{}
22147.86293990,387.66147420,21760.20146570,USDT,BINANCE-001,MARGIN,USDT,"[{'type': 'MarginBalance', 'initial': '0.00000000', 'maintenance': '387.66147420', 'currency': 'USDT', 'instrument_id': 'ETHUSDT-PERP.BINANCE'}]",False,{}
23418.25476806,0.00000000,23418.25476806,USDT,BINANCE-001,MARGIN,USDT,[],False,{}
23413.57116040,409.81567060,23003.75548980,USDT,BINANCE-001,MARGIN,USDT,"[{'type': 'MarginBalance', 'initial': '0.00000000', 'maintenance': '409.81567060', 'currency': 'USDT', 'instrument_id': 'ETHUSDT-PERP.BINANCE'}]",False,{}
23282.50341930,0.00000000,23282.50341930,USDT,BINANCE-001,MARGIN,USDT,[],False,{}
23277.84694502,407.44149950,22870.40544552,USDT,BINANCE-001,MARGIN,USDT,"[{'type': 'MarginBalance', 'initial': '0.00000000', 'maintenance': '407.44149950', 'currency': 'USDT', 'instrument_id': 'ETHUSDT-PERP.BINANCE'}]",False,{}
23448.54355144,0.00000000,23448.54355144,USDT,BINANCE-001,MARGIN,USDT,[],False,{}
23443.85384195,410.34958020,23033.50426175,USDT,BINANCE-001,MARGIN,USDT,"[{'type': 'MarginBalance', 'initial': '0.00000000', 'maintenance': '410.34958020', 'currency': 'USDT', 'instrument_id': 'ETHUSDT-PERP.BINANCE'}]",False,{}
23435.38148613,0.00000000,23435.38148613,USDT,BINANCE-001,MARGIN,USDT,[],False,{}
23430.69441069,410.11910100,23020.57530969,USDT,BINANCE-001,MARGIN,USDT,"[{'type': 'MarginBalance', 'initial': '0.00000000', 'maintenance': '410.11910100', 'currency': 'USDT', 'instrument_id': 'ETHUSDT-PERP.BINANCE'}]",False,{}
22876.36975826,0.00000000,22876.36975826,USDT,BINANCE-001,MARGIN,USDT,[],False,{}
22871.79449718,400.33534450,22471.45915268,USDT,BINANCE-001,MARGIN,USDT,"[{'type': 'MarginBalance', 'initial': '0.00000000', 'maintenance': '400.33534450', 'currency': 'USDT', 'instrument_id': 'ETHUSDT-PERP.BINANCE'}]",False,{}
22041.45536262,0.00000000,22041.45536262,USDT,BINANCE-001,MARGIN,USDT,[],False,{}
22037.04706707,385.72586080,21651.32120627,USDT,BINANCE-001,MARGIN,USDT,"[{'type': 'MarginBalance', 'initial': '0.00000000', 'maintenance': '385.72586080', 'currency': 'USDT', 'instrument_id': 'ETHUSDT-PERP.BINANCE'}]",False,{}
22108.59497688,0.00000000,22108.59497688,USDT,BINANCE-001,MARGIN,USDT,[],False,{}
22104.17326952,386.89939400,21717.27387552,USDT,BINANCE-001,MARGIN,USDT,"[{'type': 'MarginBalance', 'initial': '0.00000000', 'maintenance': '386.89939400', 'currency': 'USDT', 'instrument_id': 'ETHUSDT-PERP.BINANCE'}]",False,{}
22878.11082387,0.00000000,22878.11082387,USDT,BINANCE-001,MARGIN,USDT,[],False,{}
22873.53522123,400.36523100,22473.16999023,USDT,BINANCE-001,MARGIN,USDT,"[{'type': 'MarginBalance', 'initial': '0.00000000', 'maintenance': '400.36523100', 'currency': 'USDT', 'instrument_id': 'ETHUSDT-PERP.BINANCE'}]",False,{}
22324.30676456,0.00000000,22324.30676456,USDT,BINANCE-001,MARGIN,USDT,[],False,{}
22319.84190488,390.67522165,21929.16668323,USDT,BINANCE-001,MARGIN,USDT,"[{'type': 'MarginBalance', 'initial': '0.00000000', 'maintenance': '390.67522165', 'currency': 'USDT', 'instrument_id': 'ETHUSDT-PERP.BINANCE'}]",False,{}
22255.75908193,0.00000000,22255.75908193,USDT,BINANCE-001,MARGIN,USDT,[],False,{}
22251.30791787,389.47685525,21861.83106262,USDT,BINANCE-001,MARGIN,USDT,"[{'type': 'MarginBalance', 'initial': '0.00000000', 'maintenance': '389.47685525', 'currency': 'USDT', 'instrument_id': 'ETHUSDT-PERP.BINANCE'}]",False,{}
22065.92063722,0.00000000,22065.92063722,USDT,BINANCE-001,MARGIN,USDT,[],False,{}
22061.50745045,386.15384220,21675.35360825,USDT,BINANCE-001,MARGIN,USDT,"[{'type': 'MarginBalance', 'initial': '0.00000000', 'maintenance': '386.15384220', 'currency': 'USDT', 'instrument_id': 'ETHUSDT-PERP.BINANCE'}]",False,{}
21984.37526771,0.00000000,21984.37526771,USDT,BINANCE-001,MARGIN,USDT,[],False,{}
21979.97840519,384.72547050,21595.25293469,USDT,BINANCE-001,MARGIN,USDT,"[{'type': 'MarginBalance', 'initial': '0.00000000', 'maintenance': '384.72547050', 'currency': 'USDT', 'instrument_id': 'ETHUSDT-PERP.BINANCE'}]",False,{}
22097.98584481,0.00000000,22097.98584481,USDT,BINANCE-001,MARGIN,USDT,[],False,{}
22093.56628225,386.71172400,21706.85455825,USDT,BINANCE-001,MARGIN,USDT,"[{'type': 'MarginBalance', 'initial': '0.00000000', 'maintenance': '386.71172400', 'currency': 'USDT', 'instrument_id': 'ETHUSDT-PERP.BINANCE'}]",False,{}
21780.95181102,0.00000000,21780.95181102,USDT,BINANCE-001,MARGIN,USDT,[],False,{}
21776.59559538,381.16886850,21395.42672688,USDT,BINANCE-001,MARGIN,USDT,"[{'type': 'MarginBalance', 'initial': '0.00000000', 'maintenance': '381.16886850', 'currency': 'USDT', 'instrument_id': 'ETHUSDT-PERP.BINANCE'}]",False,{}
21581.47470438,0.00000000,21581.47470438,USDT,BINANCE-001,MARGIN,USDT,[],False,{}
21577.15841689,377.67515520,21199.48326169,USDT,BINANCE-001,MARGIN,USDT,"[{'type': 'MarginBalance', 'initial': '0.00000000', 'maintenance': '377.67515520', 'currency': 'USDT', 'instrument_id': 'ETHUSDT-PERP.BINANCE'}]",False,{}
21451.08976793,0.00000000,21451.08976793,USDT,BINANCE-001,MARGIN,USDT,[],False,{}
21446.79951581,375.39706050,21071.40245531,USDT,BINANCE-001,MARGIN,USDT,"[{'type': 'MarginBalance', 'initial': '0.00000000', 'maintenance': '375.39706050', 'currency': 'USDT', 'instrument_id': 'ETHUSDT-PERP.BINANCE'}]",False,{}
21393.77187653,0.00000000,21393.77187653,USDT,BINANCE-001,MARGIN,USDT,[],False,{}
21389.49309546,374.39334380,21015.09975166,USDT,BINANCE-001,MARGIN,USDT,"[{'type': 'MarginBalance', 'initial': '0.00000000', 'maintenance': '374.39334380', 'currency': 'USDT', 'instrument_id': 'ETHUSDT-PERP.BINANCE'}]",False,{}
23124.57501170,0.00000000,23124.57501170,USDT,BINANCE-001,MARGIN,USDT,[],False,{}
23119.95007167,404.68225280,22715.26781887,USDT,BINANCE-001,MARGIN,USDT,"[{'type': 'MarginBalance', 'initial': '0.00000000', 'maintenance': '404.68225280', 'currency': 'USDT', 'instrument_id': 'ETHUSDT-PERP.BINANCE'}]",False,{}
23182.03363756,0.00000000,23182.03363756,USDT,BINANCE-001,MARGIN,USDT,[],False,{}
23177.39722036,405.68650535,22771.71071501,USDT,BINANCE-001,MARGIN,USDT,"[{'type': 'MarginBalance', 'initial': '0.00000000', 'maintenance': '405.68650535', 'currency': 'USDT', 'instrument_id': 'ETHUSDT-PERP.BINANCE'}]",False,{}
22897.84343411,0.00000000,22897.84343411,USDT,BINANCE-001,MARGIN,USDT,[],False,{}
22893.26383044,400.71532095,22492.54850949,USDT,BINANCE-001,MARGIN,USDT,"[{'type': 'MarginBalance', 'initial': '0.00000000', 'maintenance': '400.71532095', 'currency': 'USDT', 'instrument_id': 'ETHUSDT-PERP.BINANCE'}]",False,{}
23316.62294279,0.00000000,23316.62294279,USDT,BINANCE-001,MARGIN,USDT,[],False,{}
23311.95959527,408.04290800,22903.91668727,USDT,BINANCE-001,MARGIN,USDT,"[{'type': 'MarginBalance', 'initial': '0.00000000', 'maintenance': '408.04290800', 'currency': 'USDT', 'instrument_id': 'ETHUSDT-PERP.BINANCE'}]",False,{}
23066.91686444,0.00000000,23066.91686444,USDT,BINANCE-001,MARGIN,USDT,[],False,{}
23062.30347786,403.67132610,22658.63215176,USDT,BINANCE-001,MARGIN,USDT,"[{'type': 'MarginBalance', 'initial': '0.00000000', 'maintenance': '403.67132610', 'currency': 'USDT', 'instrument_id': 'ETHUSDT-PERP.BINANCE'}]",False,{}
23084.38018304,0.00000000,23084.38018304,USDT,BINANCE-001,MARGIN,USDT,[],False,{}
23079.76330069,403.97720580,22675.78609489,USDT,BINANCE-001,MARGIN,USDT,"[{'type': 'MarginBalance', 'initial': '0.00000000', 'maintenance': '403.97720580', 'currency': 'USDT', 'instrument_id': 'ETHUSDT-PERP.BINANCE'}]",False,{}
22900.29126839,0.00000000,22900.29126839,USDT,BINANCE-001,MARGIN,USDT,[],False,{}
22895.71124265,400.75225225,22494.95899040,USDT,BINANCE-001,MARGIN,USDT,"[{'type': 'MarginBalance', 'initial': '0.00000000', 'maintenance': '400.75225225', 'currency': 'USDT', 'instrument_id': 'ETHUSDT-PERP.BINANCE'}]",False,{}
22564.06676344,0.00000000,22564.06676344,USDT,BINANCE-001,MARGIN,USDT,[],False,{}
22559.55396897,394.86951630,22164.68445267,USDT,BINANCE-001,MARGIN,USDT,"[{'type': 'MarginBalance', 'initial': '0.00000000', 'maintenance': '394.86951630', 'currency': 'USDT', 'instrument_id': 'ETHUSDT-PERP.BINANCE'}]",False,{}
24824.89335031,0.00000000,24824.89335031,USDT,BINANCE-001,MARGIN,USDT,[],False,{}
24819.92842497,434.43096725,24385.49745772,USDT,BINANCE-001,MARGIN,USDT,"[{'type': 'MarginBalance', 'initial': '0.00000000', 'maintenance': '434.43096725', 'currency': 'USDT', 'instrument_id': 'ETHUSDT-PERP.BINANCE'}]",False,{}
24700.69303972,0.00000000,24700.69303972,USDT,BINANCE-001,MARGIN,USDT,[],False,{}
24695.75285458,432.26619975,24263.48665483,USDT,BINANCE-001,MARGIN,USDT,"[{'type': 'MarginBalance', 'initial': '0.00000000', 'maintenance': '432.26619975', 'currency': 'USDT', 'instrument_id': 'ETHUSDT-PERP.BINANCE'}]",False,{}
24724.70952276,0.00000000,24724.70952276,USDT,BINANCE-001,MARGIN,USDT,[],False,{}
24719.76451678,432.68802360,24287.07649318,USDT,BINANCE-001,MARGIN,USDT,"[{'type': 'MarginBalance', 'initial': '0.00000000', 'maintenance': '432.68802360', 'currency': 'USDT', 'instrument_id': 'ETHUSDT-PERP.BINANCE'}]",False,{}
24643.91174525,0.00000000,24643.91174525,USDT,BINANCE-001,MARGIN,USDT,[],False,{}
24638.98300048,431.26516720,24207.71783328,USDT,BINANCE-001,MARGIN,USDT,"[{'type': 'MarginBalance', 'initial': '0.00000000', 'maintenance': '431.26516720', 'currency': 'USDT', 'instrument_id': 'ETHUSDT-PERP.BINANCE'}]",False,{}
24502.64667978,0.00000000,24502.64667978,USDT,BINANCE-001,MARGIN,USDT,[],False,{}
24497.74620316,428.79170460,24068.95449856,USDT,BINANCE-001,MARGIN,USDT,"[{'type': 'MarginBalance', 'initial': '0.00000000', 'maintenance': '428.79170460', 'currency': 'USDT', 'instrument_id': 'ETHUSDT-PERP.BINANCE'}]",False,{}
24521.23020820,0.00000000,24521.23020820,USDT,BINANCE-001,MARGIN,USDT,[],False,{}
24516.32597522,429.12038610,24087.20558912,USDT,BINANCE-001,MARGIN,USDT,"[{'type': 'MarginBalance', 'initial': '0.00000000', 'maintenance': '429.12038610', 'currency': 'USDT', 'instrument_id': 'ETHUSDT-PERP.BINANCE'}]",False,{}
24364.99669564,0.00000000,24364.99669564,USDT,BINANCE-001,MARGIN,USDT,[],False,{}
24360.12363111,426.39314655,23933.73048456,USDT,BINANCE-001,MARGIN,USDT,"[{'type': 'MarginBalance', 'initial': '0.00000000', 'maintenance': '426.39314655', 'currency': 'USDT', 'instrument_id': 'ETHUSDT-PERP.BINANCE'}]",False,{}
24269.32141199,0.00000000,24269.32141199,USDT,BINANCE-001,MARGIN,USDT,[],False,{}
24264.46749445,424.71778440,23839.74971005,USDT,BINANCE-001,MARGIN,USDT,"[{'type': 'MarginBalance', 'initial': '0.00000000', 'maintenance': '424.71778440', 'currency': 'USDT', 'instrument_id': 'ETHUSDT-PERP.BINANCE'}]",False,{}
24038.47915851,0.00000000,24038.47915851,USDT,BINANCE-001,MARGIN,USDT,[],False,{}
24033.67145057,420.67444440,23612.99700617,USDT,BINANCE-001,MARGIN,USDT,"[{'type': 'MarginBalance', 'initial': '0.00000000', 'maintenance': '420.67444440', 'currency': 'USDT', 'instrument_id': 'ETHUSDT-PERP.BINANCE'}]",False,{}
24114.52779330,0.00000000,24114.52779330,USDT,BINANCE-001,MARGIN,USDT,[],False,{}
24109.70495048,421.99874640,23687.70620408,USDT,BINANCE-001,MARGIN,USDT,"[{'type': 'MarginBalance', 'initial': '0.00000000', 'maintenance': '421.99874640', 'currency': 'USDT', 'instrument_id': 'ETHUSDT-PERP.BINANCE'}]",False,{}
25228.58428693,0.00000000,25228.58428693,USDT,BINANCE-001,MARGIN,USDT,[],False,{}
25223.53850197,441.50618365,24782.03231832,USDT,BINANCE-001,MARGIN,USDT,"[{'type': 'MarginBalance', 'initial': '0.00000000', 'maintenance': '441.50618365', 'currency': 'USDT', 'instrument_id': 'ETHUSDT-PERP.BINANCE'}]",False,{}
24984.69388397,0.00000000,24984.69388397,USDT,BINANCE-001,MARGIN,USDT,[],False,{}
24979.69694768,437.23192520,24542.46502248,USDT,BINANCE-001,MARGIN,USDT,"[{'type': 'MarginBalance', 'initial': '0.00000000', 'maintenance': '437.23192520', 'currency': 'USDT', 'instrument_id': 'ETHUSDT-PERP.BINANCE'}]",False,{}
24668.34320315,0.00000000,24668.34320315,USDT,BINANCE-001,MARGIN,USDT,[],False,{}
24663.40958071,431.69196350,24231.71761721,USDT,BINANCE-001,MARGIN,USDT,"[{'type': 'MarginBalance', 'initial': '0.00000000', 'maintenance': '431.69196350', 'currency': 'USDT', 'instrument_id': 'ETHUSDT-PERP.BINANCE'}]",False,{}
24451.44592937,0.00000000,24451.44592937,USDT,BINANCE-001,MARGIN,USDT,[],False,{}
24446.55561900,427.90215720,24018.65346180,USDT,BINANCE-001,MARGIN,USDT,"[{'type': 'MarginBalance', 'initial': '0.00000000', 'maintenance': '427.90215720', 'currency': 'USDT', 'instrument_id': 'ETHUSDT-PERP.BINANCE'}]",False,{}
24369.39027022,0.00000000,24369.39027022,USDT,BINANCE-001,MARGIN,USDT,[],False,{}
24364.51646734,426.45775200,23938.05871534,USDT,BINANCE-001,MARGIN,USDT,"[{'type': 'MarginBalance', 'initial': '0.00000000', 'maintenance': '426.45775200', 'currency': 'USDT', 'instrument_id': 'ETHUSDT-PERP.BINANCE'}]",False,{}
23976.36563662,0.00000000,23976.36563662,USDT,BINANCE-001,MARGIN,USDT,[],False,{}
23971.57043662,419.58000000,23551.99043662,USDT,BINANCE-001,MARGIN,USDT,"[{'type': 'MarginBalance', 'initial': '0.00000000', 'maintenance': '419.58000000', 'currency': 'USDT', 'instrument_id': 'ETHUSDT-PERP.BINANCE'}]",False,{}
23887.94691790,0.00000000,23887.94691790,USDT,BINANCE-001,MARGIN,USDT,[],False,{}
23883.16940730,418.03217750,23465.13722980,USDT,BINANCE-001,MARGIN,USDT,"[{'type': 'MarginBalance', 'initial': '0.00000000', 'maintenance': '418.03217750', 'currency': 'USDT', 'instrument_id': 'ETHUSDT-PERP.BINANCE'}]",False,{}
23885.70493074,0.00000000,23885.70493074,USDT,BINANCE-001,MARGIN,USDT,[],False,{}
23880.92783905,417.99552305,23462.93231600,USDT,BINANCE-001,MARGIN,USDT,"[{'type': 'MarginBalance', 'initial': '0.00000000', 'maintenance': '417.99552305', 'currency': 'USDT', 'instrument_id': 'ETHUSDT-PERP.BINANCE'}]",False,{}
23185.29433529,0.00000000,23185.29433529,USDT,BINANCE-001,MARGIN,USDT,[],False,{}
23180.65726174,405.74393580,22774.91332594,USDT,BINANCE-001,MARGIN,USDT,"[{'type': 'MarginBalance', 'initial': '0.00000000', 'maintenance': '405.74393580', 'currency': 'USDT', 'instrument_id': 'ETHUSDT-PERP.BINANCE'}]",False,{}
23591.40595606,0.00000000,23591.40595606,USDT,BINANCE-001,MARGIN,USDT,[],False,{}
23586.68764230,412.85245435,23173.83518795,USDT,BINANCE-001,MARGIN,USDT,"[{'type': 'MarginBalance', 'initial': '0.00000000', 'maintenance': '412.85245435', 'currency': 'USDT', 'instrument_id': 'ETHUSDT-PERP.BINANCE'}]",False,{}
23684.54859384,0.00000000,23684.54859384,USDT,BINANCE-001,MARGIN,USDT,[],False,{}
23679.81175800,414.47313600,23265.33862200,USDT,BINANCE-001,MARGIN,USDT,"[{'type': 'MarginBalance', 'initial': '0.00000000', 'maintenance': '414.47313600', 'currency': 'USDT', 'instrument_id': 'ETHUSDT-PERP.BINANCE'}]",False,{}
23507.16458488,0.00000000,23507.16458488,USDT,BINANCE-001,MARGIN,USDT,[],False,{}
23502.46314310,411.37615540,23091.08698770,USDT,BINANCE-001,MARGIN,USDT,"[{'type': 'MarginBalance', 'initial': '0.00000000', 'maintenance': '411.37615540', 'currency': 'USDT', 'instrument_id': 'ETHUSDT-PERP.BINANCE'}]",False,{}
24414.19928979,0.00000000,24414.19928979,USDT,BINANCE-001,MARGIN,USDT,[],False,{}
24409.31651348,427.24292730,23982.07358618,USDT,BINANCE-001,MARGIN,USDT,"[{'type': 'MarginBalance', 'initial': '0.00000000', 'maintenance': '427.24292730', 'currency': 'USDT', 'instrument_id': 'ETHUSDT-PERP.BINANCE'}]",False,{}
26545.13545383,0.00000000,26545.13545383,USDT,BINANCE-001,MARGIN,USDT,[],False,{}
26539.82655257,464.52886060,26075.29769197,USDT,BINANCE-001,MARGIN,USDT,"[{'type': 'MarginBalance', 'initial': '0.00000000', 'maintenance': '464.52886060', 'currency': 'USDT', 'instrument_id': 'ETHUSDT-PERP.BINANCE'}]",False,{}
35718.37547817,0.00000000,35718.37547817,USDT,BINANCE-001,MARGIN,USDT,[],False,{}
35711.23197862,625.05621080,35086.17576782,USDT,BINANCE-001,MARGIN,USDT,"[{'type': 'MarginBalance', 'initial': '0.00000000', 'maintenance': '625.05621080', 'currency': 'USDT', 'instrument_id': 'ETHUSDT-PERP.BINANCE'}]",False,{}
35637.21902198,0.00000000,35637.21902198,USDT,BINANCE-001,MARGIN,USDT,[],False,{}
35630.09139076,623.66773140,35006.42365936,USDT,BINANCE-001,MARGIN,USDT,"[{'type': 'MarginBalance', 'initial': '0.00000000', 'maintenance': '623.66773140', 'currency': 'USDT', 'instrument_id': 'ETHUSDT-PERP.BINANCE'}]",False,{}
35761.56013593,0.00000000,35761.56013593,USDT,BINANCE-001,MARGIN,USDT,[],False,{}
35754.40773953,625.83468500,35128.57305453,USDT,BINANCE-001,MARGIN,USDT,"[{'type': 'MarginBalance', 'initial': '0.00000000', 'maintenance': '625.83468500', 'currency': 'USDT', 'instrument_id': 'ETHUSDT-PERP.BINANCE'}]",False,{}
35659.48750431,0.00000000,35659.48750431,USDT,BINANCE-001,MARGIN,USDT,[],False,{}
35652.35584994,624.01975720,35028.33609274,USDT,BINANCE-001,MARGIN,USDT,"[{'type': 'MarginBalance', 'initial': '0.00000000', 'maintenance': '624.01975720', 'currency': 'USDT', 'instrument_id': 'ETHUSDT-PERP.BINANCE'}]",False,{}
35614.85842674,0.00000000,35614.85842674,USDT,BINANCE-001,MARGIN,USDT,[],False,{}
35607.73526612,623.27655390,34984.45871222,USDT,BINANCE-001,MARGIN,USDT,"[{'type': 'MarginBalance', 'initial': '0.00000000', 'maintenance': '623.27655390', 'currency': 'USDT', 'instrument_id': 'ETHUSDT-PERP.BINANCE'}]",False,{}
35191.68155869,0.00000000,35191.68155869,USDT,BINANCE-001,MARGIN,USDT,[],False,{}
35184.64328039,615.84935125,34568.79392914,USDT,BINANCE-001,MARGIN,USDT,"[{'type': 'MarginBalance', 'initial': '0.00000000', 'maintenance': '615.84935125', 'currency': 'USDT', 'instrument_id': 'ETHUSDT-PERP.BINANCE'}]",False,{}
35553.92991189,0.00000000,35553.92991189,USDT,BINANCE-001,MARGIN,USDT,[],False,{}
35546.81897715,622.20678975,34924.61218740,USDT,BINANCE-001,MARGIN,USDT,"[{'type': 'MarginBalance', 'initial': '0.00000000', 'maintenance': '622.20678975', 'currency': 'USDT', 'instrument_id': 'ETHUSDT-PERP.BINANCE'}]",False,{}
35607.84293547,0.00000000,35607.84293547,USDT,BINANCE-001,MARGIN,USDT,[],False,{}
35600.72144987,623.12998965,34977.59146022,USDT,BINANCE-001,MARGIN,USDT,"[{'type': 'MarginBalance', 'initial': '0.00000000', 'maintenance': '623.12998965', 'currency': 'USDT', 'instrument_id': 'ETHUSDT-PERP.BINANCE'}]",False,{}
34948.37428720,0.00000000,34948.37428720,USDT,BINANCE-001,MARGIN,USDT,[],False,{}
34941.38483864,611.57674935,34329.80808929,USDT,BINANCE-001,MARGIN,USDT,"[{'type': 'MarginBalance', 'initial': '0.00000000', 'maintenance': '611.57674935', 'currency': 'USDT', 'instrument_id': 'ETHUSDT-PERP.BINANCE'}]",False,{}
34828.04387648,0.00000000,34828.04387648,USDT,BINANCE-001,MARGIN,USDT,[],False,{}
34821.07852780,609.46800915,34211.61051865,USDT,BINANCE-001,MARGIN,USDT,"[{'type': 'MarginBalance', 'initial': '0.00000000', 'maintenance': '609.46800915', 'currency': 'USDT', 'instrument_id': 'ETHUSDT-PERP.BINANCE'}]",False,{}
35012.42336148,0.00000000,35012.42336148,USDT,BINANCE-001,MARGIN,USDT,[],False,{}
35005.42087599,612.71748020,34392.70339579,USDT,BINANCE-001,MARGIN,USDT,"[{'type': 'MarginBalance', 'initial': '0.00000000', 'maintenance': '612.71748020', 'currency': 'USDT', 'instrument_id': 'ETHUSDT-PERP.BINANCE'}]",False,{}
34791.01128083,0.00000000,34791.01128083,USDT,BINANCE-001,MARGIN,USDT,[],False,{}
34784.05349171,608.80654800,34175.24694371,USDT,BINANCE-001,MARGIN,USDT,"[{'type': 'MarginBalance', 'initial': '0.00000000', 'maintenance': '608.80654800', 'currency': 'USDT', 'instrument_id': 'ETHUSDT-PERP.BINANCE'}]",False,{}
34609.26416207,0.00000000,34609.26416207,USDT,BINANCE-001,MARGIN,USDT,[],False,{}
34602.34222945,605.66910390,33996.67312555,USDT,BINANCE-001,MARGIN,USDT,"[{'type': 'MarginBalance', 'initial': '0.00000000', 'maintenance': '605.66910390', 'currency': 'USDT', 'instrument_id': 'ETHUSDT-PERP.BINANCE'}]",False,{}
34234.60713985,0.00000000,34234.60713985,USDT,BINANCE-001,MARGIN,USDT,[],False,{}
34227.76031042,599.09757495,33628.66273547,USDT,BINANCE-001,MARGIN,USDT,"[{'type': 'MarginBalance', 'initial': '0.00000000', 'maintenance': '599.09757495', 'currency': 'USDT', 'instrument_id': 'ETHUSDT-PERP.BINANCE'}]",False,{}
34187.87999288,0.00000000,34187.87999288,USDT,BINANCE-001,MARGIN,USDT,[],False,{}
34181.04268197,598.26470480,33582.77797717,USDT,BINANCE-001,MARGIN,USDT,"[{'type': 'MarginBalance', 'initial': '0.00000000', 'maintenance': '598.26470480', 'currency': 'USDT', 'instrument_id': 'ETHUSDT-PERP.BINANCE'}]",False,{}
34098.40674373,0.00000000,34098.40674373,USDT,BINANCE-001,MARGIN,USDT,[],False,{}
34091.58677253,596.74748000,33494.83929253,USDT,BINANCE-001,MARGIN,USDT,"[{'type': 'MarginBalance', 'initial': '0.00000000', 'maintenance': '596.74748000', 'currency': 'USDT', 'instrument_id': 'ETHUSDT-PERP.BINANCE'}]",False,{}
33936.27606879,0.00000000,33936.27606879,USDT,BINANCE-001,MARGIN,USDT,[],False,{}
33929.48839189,593.92172840,33335.56666349,USDT,BINANCE-001,MARGIN,USDT,"[{'type': 'MarginBalance', 'initial': '0.00000000', 'maintenance': '593.92172840', 'currency': 'USDT', 'instrument_id': 'ETHUSDT-PERP.BINANCE'}]",False,{}
33880.59555967,0.00000000,33880.59555967,USDT,BINANCE-001,MARGIN,USDT,[],False,{}
33873.81927609,592.92481360,33280.89446249,USDT,BINANCE-001,MARGIN,USDT,"[{'type': 'MarginBalance', 'initial': '0.00000000', 'maintenance': '592.92481360', 'currency': 'USDT', 'instrument_id': 'ETHUSDT-PERP.BINANCE'}]",False,{}
33764.55514405,0.00000000,33764.55514405,USDT,BINANCE-001,MARGIN,USDT,[],False,{}
33757.80217068,590.88516970,33166.91700098,USDT,BINANCE-001,MARGIN,USDT,"[{'type': 'MarginBalance', 'initial': '0.00000000', 'maintenance': '590.88516970', 'currency': 'USDT', 'instrument_id': 'ETHUSDT-PERP.BINANCE'}]",False,{}
33664.77102239,0.00000000,33664.77102239,USDT,BINANCE-001,MARGIN,USDT,[],False,{}
33658.03771783,589.16414865,33068.87356918,USDT,BINANCE-001,MARGIN,USDT,"[{'type': 'MarginBalance', 'initial': '0.00000000', 'maintenance': '589.16414865', 'currency': 'USDT', 'instrument_id': 'ETHUSDT-PERP.BINANCE'}]",False,{}
33780.79836014,0.00000000,33780.79836014,USDT,BINANCE-001,MARGIN,USDT,[],False,{}
33774.04195340,591.18559010,33182.85636330,USDT,BINANCE-001,MARGIN,USDT,"[{'type': 'MarginBalance', 'initial': '0.00000000', 'maintenance': '591.18559010', 'currency': 'USDT', 'instrument_id': 'ETHUSDT-PERP.BINANCE'}]",False,{}
33783.38088594,0.00000000,33783.38088594,USDT,BINANCE-001,MARGIN,USDT,[],False,{}
33776.62392251,591.23429995,33185.38962256,USDT,BINANCE-001,MARGIN,USDT,"[{'type': 'MarginBalance', 'initial': '0.00000000', 'maintenance': '591.23429995', 'currency': 'USDT', 'instrument_id': 'ETHUSDT-PERP.BINANCE'}]",False,{}
33075.62645391,0.00000000,33075.62645391,USDT,BINANCE-001,MARGIN,USDT,[],False,{}
33069.01106551,578.84648500,32490.16458051,USDT,BINANCE-001,MARGIN,USDT,"[{'type': 'MarginBalance', 'initial': '0.00000000', 'maintenance': '578.84648500', 'currency': 'USDT', 'instrument_id': 'ETHUSDT-PERP.BINANCE'}]",False,{}
32832.92804676,0.00000000,32832.92804676,USDT,BINANCE-001,MARGIN,USDT,[],False,{}
32826.36136196,574.58492000,32251.77644196,USDT,BINANCE-001,MARGIN,USDT,"[{'type': 'MarginBalance', 'initial': '0.00000000', 'maintenance': '574.58492000', 'currency': 'USDT', 'instrument_id': 'ETHUSDT-PERP.BINANCE'}]",False,{}
33908.15699802,0.00000000,33908.15699802,USDT,BINANCE-001,MARGIN,USDT,[],False,{}
33901.37491986,593.43183900,33307.94308086,USDT,BINANCE-001,MARGIN,USDT,"[{'type': 'MarginBalance', 'initial': '0.00000000', 'maintenance': '593.43183900', 'currency': 'USDT', 'instrument_id': 'ETHUSDT-PERP.BINANCE'}]",False,{}
34181.06772589,0.00000000,34181.06772589,USDT,BINANCE-001,MARGIN,USDT,[],False,{}
34174.23194437,598.13088265,33576.10106172,USDT,BINANCE-001,MARGIN,USDT,"[{'type': 'MarginBalance', 'initial': '0.00000000', 'maintenance': '598.13088265', 'currency': 'USDT', 'instrument_id': 'ETHUSDT-PERP.BINANCE'}]",False,{}
36496.15432684,0.00000000,36496.15432684,USDT,BINANCE-001,MARGIN,USDT,[],False,{}
36488.85560068,638.63853900,35850.21706168,USDT,BINANCE-001,MARGIN,USDT,"[{'type': 'MarginBalance', 'initial': '0.00000000', 'maintenance': '638.63853900', 'currency': 'USDT', 'instrument_id': 'ETHUSDT-PERP.BINANCE'}]",False,{}
36220.89116993,0.00000000,36220.89116993,USDT,BINANCE-001,MARGIN,USDT,[],False,{}
36213.64735621,633.83370085,35579.81365536,USDT,BINANCE-001,MARGIN,USDT,"[{'type': 'MarginBalance', 'initial': '0.00000000', 'maintenance': '633.83370085', 'currency': 'USDT', 'instrument_id': 'ETHUSDT-PERP.BINANCE'}]",False,{}
38025.90316133,0.00000000,38025.90316133,USDT,BINANCE-001,MARGIN,USDT,[],False,{}
38018.29761159,665.48560260,37352.81200899,USDT,BINANCE-001,MARGIN,USDT,"[{'type': 'MarginBalance', 'initial': '0.00000000', 'maintenance': '665.48560260', 'currency': 'USDT', 'instrument_id': 'ETHUSDT-PERP.BINANCE'}]",False,{}
38093.26311706,0.00000000,38093.26311706,USDT,BINANCE-001,MARGIN,USDT,[],False,{}
38085.64433162,666.64372600,37419.00060562,USDT,BINANCE-001,MARGIN,USDT,"[{'type': 'MarginBalance', 'initial': '0.00000000', 'maintenance': '666.64372600', 'currency': 'USDT', 'instrument_id': 'ETHUSDT-PERP.BINANCE'}]",False,{}
41148.85996881,0.00000000,41148.85996881,USDT,BINANCE-001,MARGIN,USDT,[],False,{}
41140.63046846,720.08128080,40420.54918766,USDT,BINANCE-001,MARGIN,USDT,"[{'type': 'MarginBalance', 'initial': '0.00000000', 'maintenance': '720.08128080', 'currency': 'USDT', 'instrument_id': 'ETHUSDT-PERP.BINANCE'}]",False,{}
40750.92296792,0.00000000,40750.92296792,USDT,BINANCE-001,MARGIN,USDT,[],False,{}
40742.77304097,713.11860830,40029.65443267,USDT,BINANCE-001,MARGIN,USDT,"[{'type': 'MarginBalance', 'initial': '0.00000000', 'maintenance': '713.11860830', 'currency': 'USDT', 'instrument_id': 'ETHUSDT-PERP.BINANCE'}]",False,{}
43694.57234055,0.00000000,43694.57234055,USDT,BINANCE-001,MARGIN,USDT,[],False,{}
43685.83355015,764.64416000,42921.18939015,USDT,BINANCE-001,MARGIN,USDT,"[{'type': 'MarginBalance', 'initial': '0.00000000', 'maintenance': '764.64416000', 'currency': 'USDT', 'instrument_id': 'ETHUSDT-PERP.BINANCE'}]",False,{}
43655.84278394,0.00000000,43655.84278394,USDT,BINANCE-001,MARGIN,USDT,[],False,{}
43647.11187220,763.95477690,42883.15709530,USDT,BINANCE-001,MARGIN,USDT,"[{'type': 'MarginBalance', 'initial': '0.00000000', 'maintenance': '763.95477690', 'currency': 'USDT', 'instrument_id': 'ETHUSDT-PERP.BINANCE'}]",False,{}
43611.81018303,0.00000000,43611.81018303,USDT,BINANCE-001,MARGIN,USDT,[],False,{}
43603.08823423,763.17052000,42839.91771423,USDT,BINANCE-001,MARGIN,USDT,"[{'type': 'MarginBalance', 'initial': '0.00000000', 'maintenance': '763.17052000', 'currency': 'USDT', 'instrument_id': 'ETHUSDT-PERP.BINANCE'}]",False,{}
43194.13124351,0.00000000,43194.13124351,USDT,BINANCE-001,MARGIN,USDT,[],False,{}
43185.49273251,755.86971250,42429.62302001,USDT,BINANCE-001,MARGIN,USDT,"[{'type': 'MarginBalance', 'initial': '0.00000000', 'maintenance': '755.86971250', 'currency': 'USDT', 'instrument_id': 'ETHUSDT-PERP.BINANCE'}]",False,{}
43027.83219653,0.00000000,43027.83219653,USDT,BINANCE-001,MARGIN,USDT,[],False,{}
43019.22678058,752.97389580,42266.25288478,USDT,BINANCE-001,MARGIN,USDT,"[{'type': 'MarginBalance', 'initial': '0.00000000', 'maintenance': '752.97389580', 'currency': 'USDT', 'instrument_id': 'ETHUSDT-PERP.BINANCE'}]",False,{}
42693.38846856,0.00000000,42693.38846856,USDT,BINANCE-001,MARGIN,USDT,[],False,{}
42684.84994682,747.12065190,41937.72929492,USDT,BINANCE-001,MARGIN,USDT,"[{'type': 'MarginBalance', 'initial': '0.00000000', 'maintenance': '747.12065190', 'currency': 'USDT', 'instrument_id': 'ETHUSDT-PERP.BINANCE'}]",False,{}
42498.36617167,0.00000000,42498.36617167,USDT,BINANCE-001,MARGIN,USDT,[],False,{}
42489.86653701,743.71803240,41746.14850461,USDT,BINANCE-001,MARGIN,USDT,"[{'type': 'MarginBalance', 'initial': '0.00000000', 'maintenance': '743.71803240', 'currency': 'USDT', 'instrument_id': 'ETHUSDT-PERP.BINANCE'}]",False,{}
42108.45100840,0.00000000,42108.45100840,USDT,BINANCE-001,MARGIN,USDT,[],False,{}
42100.02924376,736.90440600,41363.12483776,USDT,BINANCE-001,MARGIN,USDT,"[{'type': 'MarginBalance', 'initial': '0.00000000', 'maintenance': '736.90440600', 'currency': 'USDT', 'instrument_id': 'ETHUSDT-PERP.BINANCE'}]",False,{}
42546.89429152,0.00000000,42546.89429152,USDT,BINANCE-001,MARGIN,USDT,[],False,{}
42538.38507527,744.55642170,41793.82865357,USDT,BINANCE-001,MARGIN,USDT,"[{'type': 'MarginBalance', 'initial': '0.00000000', 'maintenance': '744.55642170', 'currency': 'USDT', 'instrument_id': 'ETHUSDT-PERP.BINANCE'}]",False,{}
44489.33226282,0.00000000,44489.33226282,USDT,BINANCE-001,MARGIN,USDT,[],False,{}
44480.43461351,778.54431480,43701.89029871,USDT,BINANCE-001,MARGIN,USDT,"[{'type': 'MarginBalance', 'initial': '0.00000000', 'maintenance': '778.54431480', 'currency': 'USDT', 'instrument_id': 'ETHUSDT-PERP.BINANCE'}]",False,{}
50092.75837588,0.00000000,50092.75837588,USDT,BINANCE-001,MARGIN,USDT,[],False,{}
50082.74023743,876.58711455,49206.15312288,USDT,BINANCE-001,MARGIN,USDT,"[{'type': 'MarginBalance', 'initial': '0.00000000', 'maintenance': '876.58711455', 'currency': 'USDT', 'instrument_id': 'ETHUSDT-PERP.BINANCE'}]",False,{}
49991.46580450,0.00000000,49991.46580450,USDT,BINANCE-001,MARGIN,USDT,[],False,{}
49981.46811326,874.79798385,49106.67012941,USDT,BINANCE-001,MARGIN,USDT,"[{'type': 'MarginBalance', 'initial': '0.00000000', 'maintenance': '874.79798385', 'currency': 'USDT', 'instrument_id': 'ETHUSDT-PERP.BINANCE'}]",False,{}
49557.14497810,0.00000000,49557.14497810,USDT,BINANCE-001,MARGIN,USDT,[],False,{}
49547.23348728,867.25544640,48679.97804088,USDT,BINANCE-001,MARGIN,USDT,"[{'type': 'MarginBalance', 'initial': '0.00000000', 'maintenance': '867.25544640', 'currency': 'USDT', 'instrument_id': 'ETHUSDT-PERP.BINANCE'}]",False,{}
49081.89597977,0.00000000,49081.89597977,USDT,BINANCE-001,MARGIN,USDT,[],False,{}
49072.08008599,858.89070540,48213.18938059,USDT,BINANCE-001,MARGIN,USDT,"[{'type': 'MarginBalance', 'initial': '0.00000000', 'maintenance': '858.89070540', 'currency': 'USDT', 'instrument_id': 'ETHUSDT-PERP.BINANCE'}]",False,{}
48387.31748148,0.00000000,48387.31748148,USDT,BINANCE-001,MARGIN,USDT,[],False,{}
48377.64013801,846.76755345,47530.87258456,USDT,BINANCE-001,MARGIN,USDT,"[{'type': 'MarginBalance', 'initial': '0.00000000', 'maintenance': '846.76755345', 'currency': 'USDT', 'instrument_id': 'ETHUSDT-PERP.BINANCE'}]",False,{}
47347.19453049,0.00000000,47347.19453049,USDT,BINANCE-001,MARGIN,USDT,[],False,{}
47337.72536247,828.55220175,46509.17316072,USDT,BINANCE-001,MARGIN,USDT,"[{'type': 'MarginBalance', 'initial': '0.00000000', 'maintenance': '828.55220175', 'currency': 'USDT', 'instrument_id': 'ETHUSDT-PERP.BINANCE'}]",False,{}
47316.17423360,0.00000000,47316.17423360,USDT,BINANCE-001,MARGIN,USDT,[],False,{}
47306.71040341,828.08514180,46478.62526161,USDT,BINANCE-001,MARGIN,USDT,"[{'type': 'MarginBalance', 'initial': '0.00000000', 'maintenance': '828.08514180', 'currency': 'USDT', 'instrument_id': 'ETHUSDT-PERP.BINANCE'}]",False,{}
46666.36808559,0.00000000,46666.36808559,USDT,BINANCE-001,MARGIN,USDT,[],False,{}
46657.03506387,816.63940050,45840.39566337,USDT,BINANCE-001,MARGIN,USDT,"[{'type': 'MarginBalance', 'initial': '0.00000000', 'maintenance': '816.63940050', 'currency': 'USDT', 'instrument_id': 'ETHUSDT-PERP.BINANCE'}]",False,{}
46533.52148819,0.00000000,46533.52148819,USDT,BINANCE-001,MARGIN,USDT,[],False,{}
46524.21471983,814.34223150,45709.87248833,USDT,BINANCE-001,MARGIN,USDT,"[{'type': 'MarginBalance', 'initial': '0.00000000', 'maintenance': '814.34223150', 'currency': 'USDT', 'instrument_id': 'ETHUSDT-PERP.BINANCE'}]",False,{}
46328.74789722,0.00000000,46328.74789722,USDT,BINANCE-001,MARGIN,USDT,[],False,{}
46319.48158848,810.80201440,45508.67957408,USDT,BINANCE-001,MARGIN,USDT,"[{'type': 'MarginBalance', 'initial': '0.00000000', 'maintenance': '810.80201440', 'currency': 'USDT', 'instrument_id': 'ETHUSDT-PERP.BINANCE'}]",False,{}
46015.25027296,0.00000000,46015.25027296,USDT,BINANCE-001,MARGIN,USDT,[],False,{}
46006.04680249,805.30366630,45200.74313619,USDT,BINANCE-001,MARGIN,USDT,"[{'type': 'MarginBalance', 'initial': '0.00000000', 'maintenance': '805.30366630', 'currency': 'USDT', 'instrument_id': 'ETHUSDT-PERP.BINANCE'}]",False,{}
49215.95581176,0.00000000,49215.95581176,USDT,BINANCE-001,MARGIN,USDT,[],False,{}
49206.11263749,861.27774880,48344.83488869,USDT,BINANCE-001,MARGIN,USDT,"[{'type': 'MarginBalance', 'initial': '0.00000000', 'maintenance': '861.27774880', 'currency': 'USDT', 'instrument_id': 'ETHUSDT-PERP.BINANCE'}]",False,{}
48982.44134869,0.00000000,48982.44134869,USDT,BINANCE-001,MARGIN,USDT,[],False,{}
48972.64449503,857.22469525,48115.41979978,USDT,BINANCE-001,MARGIN,USDT,"[{'type': 'MarginBalance', 'initial': '0.00000000', 'maintenance': '857.22469525', 'currency': 'USDT', 'instrument_id': 'ETHUSDT-PERP.BINANCE'}]",False,{}
48847.97825751,0.00000000,48847.97825751,USDT,BINANCE-001,MARGIN,USDT,[],False,{}
48838.20862250,854.84306320,47983.36555930,USDT,BINANCE-001,MARGIN,USDT,"[{'type': 'MarginBalance', 'initial': '0.00000000', 'maintenance': '854.84306320', 'currency': 'USDT', 'instrument_id': 'ETHUSDT-PERP.BINANCE'}]",False,{}
48590.56335528,0.00000000,48590.56335528,USDT,BINANCE-001,MARGIN,USDT,[],False,{}
48580.84581350,850.28490540,47730.56090810,USDT,BINANCE-001,MARGIN,USDT,"[{'type': 'MarginBalance', 'initial': '0.00000000', 'maintenance': '850.28490540', 'currency': 'USDT', 'instrument_id': 'ETHUSDT-PERP.BINANCE'}]",False,{}
49146.20976708,0.00000000,49146.20976708,USDT,BINANCE-001,MARGIN,USDT,[],False,{}
49136.38037548,860.07176500,48276.30861048,USDT,BINANCE-001,MARGIN,USDT,"[{'type': 'MarginBalance', 'initial': '0.00000000', 'maintenance': '860.07176500', 'currency': 'USDT', 'instrument_id': 'ETHUSDT-PERP.BINANCE'}]",False,{}
49000.49538630,0.00000000,49000.49538630,USDT,BINANCE-001,MARGIN,USDT,[],False,{}
48990.69474116,857.55644940,48133.13829176,USDT,BINANCE-001,MARGIN,USDT,"[{'type': 'MarginBalance', 'initial': '0.00000000', 'maintenance': '857.55644940', 'currency': 'USDT', 'instrument_id': 'ETHUSDT-PERP.BINANCE'}]",False,{}
48261.44379097,0.00000000,48261.44379097,USDT,BINANCE-001,MARGIN,USDT,[],False,{}
48251.79169414,844.55847280,47407.23322134,USDT,BINANCE-001,MARGIN,USDT,"[{'type': 'MarginBalance', 'initial': '0.00000000', 'maintenance': '844.55847280', 'currency': 'USDT', 'instrument_id': 'ETHUSDT-PERP.BINANCE'}]",False,{}
47991.86166854,0.00000000,47991.86166854,USDT,BINANCE-001,MARGIN,USDT,[],False,{}
47982.26314350,839.87094100,47142.39220250,USDT,BINANCE-001,MARGIN,USDT,"[{'type': 'MarginBalance', 'initial': '0.00000000', 'maintenance': '839.87094100', 'currency': 'USDT', 'instrument_id': 'ETHUSDT-PERP.BINANCE'}]",False,{}
48027.88654085,0.00000000,48027.88654085,USDT,BINANCE-001,MARGIN,USDT,[],False,{}
48018.28159117,840.43309735,47177.84849382,USDT,BINANCE-001,MARGIN,USDT,"[{'type': 'MarginBalance', 'initial': '0.00000000', 'maintenance': '840.43309735', 'currency': 'USDT', 'instrument_id': 'ETHUSDT-PERP.BINANCE'}]",False,{}
47812.23925788,0.00000000,47812.23925788,USDT,BINANCE-001,MARGIN,USDT,[],False,{}
47802.67714588,836.68480000,46965.99234588,USDT,BINANCE-001,MARGIN,USDT,"[{'type': 'MarginBalance', 'initial': '0.00000000', 'maintenance': '836.68480000', 'currency': 'USDT', 'instrument_id': 'ETHUSDT-PERP.BINANCE'}]",False,{}
47322.24003919,0.00000000,47322.24003919,USDT,BINANCE-001,MARGIN,USDT,[],False,{}
47312.77543857,828.15255425,46484.62288432,USDT,BINANCE-001,MARGIN,USDT,"[{'type': 'MarginBalance', 'initial': '0.00000000', 'maintenance': '828.15255425', 'currency': 'USDT', 'instrument_id': 'ETHUSDT-PERP.BINANCE'}]",False,{}
47168.45845049,0.00000000,47168.45845049,USDT,BINANCE-001,MARGIN,USDT,[],False,{}
47159.02391993,825.52142400,46333.50249593,USDT,BINANCE-001,MARGIN,USDT,"[{'type': 'MarginBalance', 'initial': '0.00000000', 'maintenance': '825.52142400', 'currency': 'USDT', 'instrument_id': 'ETHUSDT-PERP.BINANCE'}]",False,{}
49355.88385429,0.00000000,49355.88385429,USDT,BINANCE-001,MARGIN,USDT,[],False,{}
49346.01209673,863.77878650,48482.23331023,USDT,BINANCE-001,MARGIN,USDT,"[{'type': 'MarginBalance', 'initial': '0.00000000', 'maintenance': '863.77878650', 'currency': 'USDT', 'instrument_id': 'ETHUSDT-PERP.BINANCE'}]",False,{}
49612.01452472,0.00000000,49612.01452472,USDT,BINANCE-001,MARGIN,USDT,[],False,{}
49602.09229914,868.19473790,48733.89756124,USDT,BINANCE-001,MARGIN,USDT,"[{'type': 'MarginBalance', 'initial': '0.00000000', 'maintenance': '868.19473790', 'currency': 'USDT', 'instrument_id': 'ETHUSDT-PERP.BINANCE'}]",False,{}
49326.78738912,0.00000000,49326.78738912,USDT,BINANCE-001,MARGIN,USDT,[],False,{}
49316.92183032,863.23639500,48453.68543532,USDT,BINANCE-001,MARGIN,USDT,"[{'type': 'MarginBalance', 'initial': '0.00000000', 'maintenance': '863.23639500', 'currency': 'USDT', 'instrument_id': 'ETHUSDT-PERP.BINANCE'}]",False,{}
48542.40095604,0.00000000,48542.40095604,USDT,BINANCE-001,MARGIN,USDT,[],False,{}
48532.69240916,849.49785200,47683.19455716,USDT,BINANCE-001,MARGIN,USDT,"[{'type': 'MarginBalance', 'initial': '0.00000000', 'maintenance': '849.49785200', 'currency': 'USDT', 'instrument_id': 'ETHUSDT-PERP.BINANCE'}]",False,{}
48331.92691564,0.00000000,48331.92691564,USDT,BINANCE-001,MARGIN,USDT,[],False,{}
48322.26118348,845.75156400,47476.50961948,USDT,BINANCE-001,MARGIN,USDT,"[{'type': 'MarginBalance', 'initial': '0.00000000', 'maintenance': '845.75156400', 'currency': 'USDT', 'instrument_id': 'ETHUSDT-PERP.BINANCE'}]",False,{}
48145.43514220,0.00000000,48145.43514220,USDT,BINANCE-001,MARGIN,USDT,[],False,{}
48135.80566133,842.57957630,47293.22608503,USDT,BINANCE-001,MARGIN,USDT,"[{'type': 'MarginBalance', 'initial': '0.00000000', 'maintenance': '842.57957630', 'currency': 'USDT', 'instrument_id': 'ETHUSDT-PERP.BINANCE'}]",False,{}
52365.71844931,0.00000000,52365.71844931,USDT,BINANCE-001,MARGIN,USDT,[],False,{}
52355.24519216,916.41000045,51438.83519171,USDT,BINANCE-001,MARGIN,USDT,"[{'type': 'MarginBalance', 'initial': '0.00000000', 'maintenance': '916.41000045', 'currency': 'USDT', 'instrument_id': 'ETHUSDT-PERP.BINANCE'}]",False,{}
52222.36769289,0.00000000,52222.36769289,USDT,BINANCE-001,MARGIN,USDT,[],False,{}
52211.92262962,913.94303595,51297.97959367,USDT,BINANCE-001,MARGIN,USDT,"[{'type': 'MarginBalance', 'initial': '0.00000000', 'maintenance': '913.94303595', 'currency': 'USDT', 'instrument_id': 'ETHUSDT-PERP.BINANCE'}]",False,{}
52009.37760708,0.00000000,52009.37760708,USDT,BINANCE-001,MARGIN,USDT,[],False,{}
51998.97545989,910.18787895,51088.78758094,USDT,BINANCE-001,MARGIN,USDT,"[{'type': 'MarginBalance', 'initial': '0.00000000', 'maintenance': '910.18787895', 'currency': 'USDT', 'instrument_id': 'ETHUSDT-PERP.BINANCE'}]",False,{}
52077.25453602,0.00000000,52077.25453602,USDT,BINANCE-001,MARGIN,USDT,[],False,{}
52066.83914682,911.34655500,51155.49259182,USDT,BINANCE-001,MARGIN,USDT,"[{'type': 'MarginBalance', 'initial': '0.00000000', 'maintenance': '911.34655500', 'currency': 'USDT', 'instrument_id': 'ETHUSDT-PERP.BINANCE'}]",False,{}
51714.43801802,0.00000000,51714.43801802,USDT,BINANCE-001,MARGIN,USDT,[],False,{}
51704.09540621,904.97853320,50799.11687301,USDT,BINANCE-001,MARGIN,USDT,"[{'type': 'MarginBalance', 'initial': '0.00000000', 'maintenance': '904.97853320', 'currency': 'USDT', 'instrument_id': 'ETHUSDT-PERP.BINANCE'}]",False,{}
51535.69211541,0.00000000,51535.69211541,USDT,BINANCE-001,MARGIN,USDT,[],False,{}
51525.38545838,901.83249030,50623.55296808,USDT,BINANCE-001,MARGIN,USDT,"[{'type': 'MarginBalance', 'initial': '0.00000000', 'maintenance': '901.83249030', 'currency': 'USDT', 'instrument_id': 'ETHUSDT-PERP.BINANCE'}]",False,{}
51276.38010004,0.00000000,51276.38010004,USDT,BINANCE-001,MARGIN,USDT,[],False,{}
51266.12481734,897.33723660,50368.78758074,USDT,BINANCE-001,MARGIN,USDT,"[{'type': 'MarginBalance', 'initial': '0.00000000', 'maintenance': '897.33723660', 'currency': 'USDT', 'instrument_id': 'ETHUSDT-PERP.BINANCE'}]",False,{}
51342.51377307,0.00000000,51342.51377307,USDT,BINANCE-001,MARGIN,USDT,[],False,{}
51332.24489085,898.52719390,50433.71769695,USDT,BINANCE-001,MARGIN,USDT,"[{'type': 'MarginBalance', 'initial': '0.00000000', 'maintenance': '898.52719390', 'currency': 'USDT', 'instrument_id': 'ETHUSDT-PERP.BINANCE'}]",False,{}
50763.52997954,0.00000000,50763.52997954,USDT,BINANCE-001,MARGIN,USDT,[],False,{}
50753.37711234,888.37588000,49865.00123234,USDT,BINANCE-001,MARGIN,USDT,"[{'type': 'MarginBalance', 'initial': '0.00000000', 'maintenance': '888.37588000', 'currency': 'USDT', 'instrument_id': 'ETHUSDT-PERP.BINANCE'}]",False,{}
50646.88604584,0.00000000,50646.88604584,USDT,BINANCE-001,MARGIN,USDT,[],False,{}
50636.75630567,886.35226470,49750.40404097,USDT,BINANCE-001,MARGIN,USDT,"[{'type': 'MarginBalance', 'initial': '0.00000000', 'maintenance': '886.35226470', 'currency': 'USDT', 'instrument_id': 'ETHUSDT-PERP.BINANCE'}]",False,{}
54415.05734191,0.00000000,54415.05734191,USDT,BINANCE-001,MARGIN,USDT,[],False,{}
54404.17410095,952.28358400,53451.89051695,USDT,BINANCE-001,MARGIN,USDT,"[{'type': 'MarginBalance', 'initial': '0.00000000', 'maintenance': '952.28358400', 'currency': 'USDT', 'instrument_id': 'ETHUSDT-PERP.BINANCE'}]",False,{}
58377.11715335,0.00000000,58377.11715335,USDT,BINANCE-001,MARGIN,USDT,[],False,{}
58365.44131810,1021.63558420,57343.80573390,USDT,BINANCE-001,MARGIN,USDT,"[{'type': 'MarginBalance', 'initial': '0.00000000', 'maintenance': '1021.63558420', 'currency': 'USDT', 'instrument_id': 'ETHUSDT-PERP.BINANCE'}]",False,{}
57915.65831005,0.00000000,57915.65831005,USDT,BINANCE-001,MARGIN,USDT,[],False,{}
57904.07512687,1013.52852790,56890.54659897,USDT,BINANCE-001,MARGIN,USDT,"[{'type': 'MarginBalance', 'initial': '0.00000000', 'maintenance': '1013.52852790', 'currency': 'USDT', 'instrument_id': 'ETHUSDT-PERP.BINANCE'}]",False,{}
58147.45001615,0.00000000,58147.45001615,USDT,BINANCE-001,MARGIN,USDT,[],False,{}
58135.82100793,1017.53821890,57118.28278903,USDT,BINANCE-001,MARGIN,USDT,"[{'type': 'MarginBalance', 'initial': '0.00000000', 'maintenance': '1017.53821890', 'currency': 'USDT', 'instrument_id': 'ETHUSDT-PERP.BINANCE'}]",False,{}
57513.63761919,0.00000000,57513.63761919,USDT,BINANCE-001,MARGIN,USDT,[],False,{}
57502.13462437,1006.51204710,56495.62257727,USDT,BINANCE-001,MARGIN,USDT,"[{'type': 'MarginBalance', 'initial': '0.00000000', 'maintenance': '1006.51204710', 'currency': 'USDT', 'instrument_id': 'ETHUSDT-PERP.BINANCE'}]",False,{}
57017.61126341,0.00000000,57017.61126341,USDT,BINANCE-001,MARGIN,USDT,[],False,{}
57006.20768856,997.81279955,56008.39488901,USDT,BINANCE-001,MARGIN,USDT,"[{'type': 'MarginBalance', 'initial': '0.00000000', 'maintenance': '997.81279955', 'currency': 'USDT', 'instrument_id': 'ETHUSDT-PERP.BINANCE'}]",False,{}
56580.19639316,0.00000000,56580.19639316,USDT,BINANCE-001,MARGIN,USDT,[],False,{}
56568.88082342,990.11235190,55578.76847152,USDT,BINANCE-001,MARGIN,USDT,"[{'type': 'MarginBalance', 'initial': '0.00000000', 'maintenance': '990.11235190', 'currency': 'USDT', 'instrument_id': 'ETHUSDT-PERP.BINANCE'}]",False,{}
56537.59694420,0.00000000,56537.59694420,USDT,BINANCE-001,MARGIN,USDT,[],False,{}
56526.28953169,989.39859480,55536.89093689,USDT,BINANCE-001,MARGIN,USDT,"[{'type': 'MarginBalance', 'initial': '0.00000000', 'maintenance': '989.39859480', 'currency': 'USDT', 'instrument_id': 'ETHUSDT-PERP.BINANCE'}]",False,{}
58016.39941194,0.00000000,58016.39941194,USDT,BINANCE-001,MARGIN,USDT,[],False,{}
58004.79653688,1015.25156775,56989.54496913,USDT,BINANCE-001,MARGIN,USDT,"[{'type': 'MarginBalance', 'initial': '0.00000000', 'maintenance': '1015.25156775', 'currency': 'USDT', 'instrument_id': 'ETHUSDT-PERP.BINANCE'}]",False,{}
57258.85081650,0.00000000,57258.85081650,USDT,BINANCE-001,MARGIN,USDT,[],False,{}
57247.39964095,1001.97786045,56245.42178050,USDT,BINANCE-001,MARGIN,USDT,"[{'type': 'MarginBalance', 'initial': '0.00000000', 'maintenance': '1001.97786045', 'currency': 'USDT', 'instrument_id': 'ETHUSDT-PERP.BINANCE'}]",False,{}
59414.32041794,0.00000000,59414.32041794,USDT,BINANCE-001,MARGIN,USDT,[],False,{}
59402.43736175,1039.76741680,58362.66994495,USDT,BINANCE-001,MARGIN,USDT,"[{'type': 'MarginBalance', 'initial': '0.00000000', 'maintenance': '1039.76741680', 'currency': 'USDT', 'instrument_id': 'ETHUSDT-PERP.BINANCE'}]",False,{}
58922.10508079,0.00000000,58922.10508079,USDT,BINANCE-001,MARGIN,USDT,[],False,{}
58910.32084201,1031.12089360,57879.19994841,USDT,BINANCE-001,MARGIN,USDT,"[{'type': 'MarginBalance', 'initial': '0.00000000', 'maintenance': '1031.12089360', 'currency': 'USDT', 'instrument_id': 'ETHUSDT-PERP.BINANCE'}]",False,{}
58327.39547110,0.00000000,58327.39547110,USDT,BINANCE-001,MARGIN,USDT,[],False,{}
58315.73024284,1020.70747240,57295.02277044,USDT,BINANCE-001,MARGIN,USDT,"[{'type': 'MarginBalance', 'initial': '0.00000000', 'maintenance': '1020.70747240', 'currency': 'USDT', 'instrument_id': 'ETHUSDT-PERP.BINANCE'}]",False,{}
58025.08920956,0.00000000,58025.08920956,USDT,BINANCE-001,MARGIN,USDT,[],False,{}
58013.48438591,1015.42206920,56998.06231671,USDT,BINANCE-001,MARGIN,USDT,"[{'type': 'MarginBalance', 'initial': '0.00000000', 'maintenance': '1015.42206920', 'currency': 'USDT', 'instrument_id': 'ETHUSDT-PERP.BINANCE'}]",False,{}
57681.57052988,0.00000000,57681.57052988,USDT,BINANCE-001,MARGIN,USDT,[],False,{}
57670.03468538,1009.38639340,56660.64829198,USDT,BINANCE-001,MARGIN,USDT,"[{'type': 'MarginBalance', 'initial': '0.00000000', 'maintenance': '1009.38639340', 'currency': 'USDT', 'instrument_id': 'ETHUSDT-PERP.BINANCE'}]",False,{}
57546.09290125,0.00000000,57546.09290125,USDT,BINANCE-001,MARGIN,USDT,[],False,{}
57534.58349141,1007.07336100,56527.51013041,USDT,BINANCE-001,MARGIN,USDT,"[{'type': 'MarginBalance', 'initial': '0.00000000', 'maintenance': '1007.07336100', 'currency': 'USDT', 'instrument_id': 'ETHUSDT-PERP.BINANCE'}]",False,{}
57008.43433984,0.00000000,57008.43433984,USDT,BINANCE-001,MARGIN,USDT,[],False,{}
56997.03271526,997.64215110,55999.39056416,USDT,BINANCE-001,MARGIN,USDT,"[{'type': 'MarginBalance', 'initial': '0.00000000', 'maintenance': '997.64215110', 'currency': 'USDT', 'instrument_id': 'ETHUSDT-PERP.BINANCE'}]",False,{}
59023.95870572,0.00000000,59023.95870572,USDT,BINANCE-001,MARGIN,USDT,[],False,{}
59012.15391524,1032.91916700,57979.23474824,USDT,BINANCE-001,MARGIN,USDT,"[{'type': 'MarginBalance', 'initial': '0.00000000', 'maintenance': '1032.91916700', 'currency': 'USDT', 'instrument_id': 'ETHUSDT-PERP.BINANCE'}]",False,{}
59094.43006209,0.00000000,59094.43006209,USDT,BINANCE-001,MARGIN,USDT,[],False,{}
59082.61101785,1034.16637100,58048.44464685,USDT,BINANCE-001,MARGIN,USDT,"[{'type': 'MarginBalance', 'initial': '0.00000000', 'maintenance': '1034.16637100', 'currency': 'USDT', 'instrument_id': 'ETHUSDT-PERP.BINANCE'}]",False,{}
58696.40086998,0.00000000,58696.40086998,USDT,BINANCE-001,MARGIN,USDT,[],False,{}
58684.66156481,1027.18920255,57657.47236226,USDT,BINANCE-001,MARGIN,USDT,"[{'type': 'MarginBalance', 'initial': '0.00000000', 'maintenance': '1027.18920255', 'currency': 'USDT', 'instrument_id': 'ETHUSDT-PERP.BINANCE'}]",False,{}
58235.81908087,0.00000000,58235.81908087,USDT,BINANCE-001,MARGIN,USDT,[],False,{}
58224.17154239,1019.15961700,57205.01192539,USDT,BINANCE-001,MARGIN,USDT,"[{'type': 'MarginBalance', 'initial': '0.00000000', 'maintenance': '1019.15961700', 'currency': 'USDT', 'instrument_id': 'ETHUSDT-PERP.BINANCE'}]",False,{}
58229.57478087,0.00000000,58229.57478087,USDT,BINANCE-001,MARGIN,USDT,[],False,{}
58217.92899319,1019.00642200,57198.92257119,USDT,BINANCE-001,MARGIN,USDT,"[{'type': 'MarginBalance', 'initial': '0.00000000', 'maintenance': '1019.00642200', 'currency': 'USDT', 'instrument_id': 'ETHUSDT-PERP.BINANCE'}]",False,{}
57929.38960727,0.00000000,57929.38960727,USDT,BINANCE-001,MARGIN,USDT,[],False,{}
57917.80369483,1013.76733850,56904.03635633,USDT,BINANCE-001,MARGIN,USDT,"[{'type': 'MarginBalance', 'initial': '0.00000000', 'maintenance': '1013.76733850', 'currency': 'USDT', 'instrument_id': 'ETHUSDT-PERP.BINANCE'}]",False,{}
60674.35549475,0.00000000,60674.35549475,USDT,BINANCE-001,MARGIN,USDT,[],False,{}
60662.22088035,1061.77876000,59600.44212035,USDT,BINANCE-001,MARGIN,USDT,"[{'type': 'MarginBalance', 'initial': '0.00000000', 'maintenance': '1061.77876000', 'currency': 'USDT', 'instrument_id': 'ETHUSDT-PERP.BINANCE'}]",False,{}
59849.42066035,0.00000000,59849.42066035,USDT,BINANCE-001,MARGIN,USDT,[],False,{}
59837.45110857,1047.33578040,58790.11532817,USDT,BINANCE-001,MARGIN,USDT,"[{'type': 'MarginBalance', 'initial': '0.00000000', 'maintenance': '1047.33578040', 'currency': 'USDT', 'instrument_id': 'ETHUSDT-PERP.BINANCE'}]",False,{}
59918.67402489,0.00000000,59918.67402489,USDT,BINANCE-001,MARGIN,USDT,[],False,{}
59906.69027265,1048.57832135,58858.11195130,USDT,BINANCE-001,MARGIN,USDT,"[{'type': 'MarginBalance', 'initial': '0.00000000', 'maintenance': '1048.57832135', 'currency': 'USDT', 'instrument_id': 'ETHUSDT-PERP.BINANCE'}]",False,{}
58669.99735011,0.00000000,58669.99735011,USDT,BINANCE-001,MARGIN,USDT,[],False,{}
58658.26323801,1026.73480840,57631.52842961,USDT,BINANCE-001,MARGIN,USDT,"[{'type': 'MarginBalance', 'initial': '0.00000000', 'maintenance': '1026.73480840', 'currency': 'USDT', 'instrument_id': 'ETHUSDT-PERP.BINANCE'}]",False,{}
58632.11960441,0.00000000,58632.11960441,USDT,BINANCE-001,MARGIN,USDT,[],False,{}
58620.39324071,1026.05682375,57594.33641696,USDT,BINANCE-001,MARGIN,USDT,"[{'type': 'MarginBalance', 'initial': '0.00000000', 'maintenance': '1026.05682375', 'currency': 'USDT', 'instrument_id': 'ETHUSDT-PERP.BINANCE'}]",False,{}
58782.03130505,0.00000000,58782.03130505,USDT,BINANCE-001,MARGIN,USDT,[],False,{}
58770.27498742,1028.67779280,57741.59719462,USDT,BINANCE-001,MARGIN,USDT,"[{'type': 'MarginBalance', 'initial': '0.00000000', 'maintenance': '1028.67779280', 'currency': 'USDT', 'instrument_id': 'ETHUSDT-PERP.BINANCE'}]",False,{}
66958.21731782,0.00000000,66958.21731782,USDT,BINANCE-001,MARGIN,USDT,[],False,{}
66944.82562262,1171.77333000,65773.05229262,USDT,BINANCE-001,MARGIN,USDT,"[{'type': 'MarginBalance', 'initial': '0.00000000', 'maintenance': '1171.77333000', 'currency': 'USDT', 'instrument_id': 'ETHUSDT-PERP.BINANCE'}]",False,{}
74955.38506262,0.00000000,74955.38506262,USDT,BINANCE-001,MARGIN,USDT,[],False,{}
74940.39410503,1311.70878930,73628.68531573,USDT,BINANCE-001,MARGIN,USDT,"[{'type': 'MarginBalance', 'initial': '0.00000000', 'maintenance': '1311.70878930', 'currency': 'USDT', 'instrument_id': 'ETHUSDT-PERP.BINANCE'}]",False,{}
73769.19307833,0.00000000,73769.19307833,USDT,BINANCE-001,MARGIN,USDT,[],False,{}
73754.43904867,1290.97759560,72463.46145307,USDT,BINANCE-001,MARGIN,USDT,"[{'type': 'MarginBalance', 'initial': '0.00000000', 'maintenance': '1290.97759560', 'currency': 'USDT', 'instrument_id': 'ETHUSDT-PERP.BINANCE'}]",False,{}
73901.81250206,0.00000000,73901.81250206,USDT,BINANCE-001,MARGIN,USDT,[],False,{}
73887.03197543,1293.29607995,72593.73589548,USDT,BINANCE-001,MARGIN,USDT,"[{'type': 'MarginBalance', 'initial': '0.00000000', 'maintenance': '1293.29607995', 'currency': 'USDT', 'instrument_id': 'ETHUSDT-PERP.BINANCE'}]",False,{}
73267.10667357,0.00000000,73267.10667357,USDT,BINANCE-001,MARGIN,USDT,[],False,{}
73252.45347571,1282.15481310,71970.29866261,USDT,BINANCE-001,MARGIN,USDT,"[{'type': 'MarginBalance', 'initial': '0.00000000', 'maintenance': '1282.15481310', 'currency': 'USDT', 'instrument_id': 'ETHUSDT-PERP.BINANCE'}]",False,{}
72916.57531924,0.00000000,72916.57531924,USDT,BINANCE-001,MARGIN,USDT,[],False,{}
72901.99215459,1276.02690705,71625.96524754,USDT,BINANCE-001,MARGIN,USDT,"[{'type': 'MarginBalance', 'initial': '0.00000000', 'maintenance': '1276.02690705', 'currency': 'USDT', 'instrument_id': 'ETHUSDT-PERP.BINANCE'}]",False,{}
72018.54078162,0.00000000,72018.54078162,USDT,BINANCE-001,MARGIN,USDT,[],False,{}
72004.13718343,1260.31484180,70743.82234163,USDT,BINANCE-001,MARGIN,USDT,"[{'type': 'MarginBalance', 'initial': '0.00000000', 'maintenance': '1260.31484180', 'currency': 'USDT', 'instrument_id': 'ETHUSDT-PERP.BINANCE'}]",False,{}
82521.53361946,0.00000000,82521.53361946,USDT,BINANCE-001,MARGIN,USDT,[],False,{}
82505.02929317,1444.12855020,81060.90074297,USDT,BINANCE-001,MARGIN,USDT,"[{'type': 'MarginBalance', 'initial': '0.00000000', 'maintenance': '1444.12855020', 'currency': 'USDT', 'instrument_id': 'ETHUSDT-PERP.BINANCE'}]",False,{}
82724.18771429,0.00000000,82724.18771429,USDT,BINANCE-001,MARGIN,USDT,[],False,{}
82707.64270373,1447.68842400,81259.95427973,USDT,BINANCE-001,MARGIN,USDT,"[{'type': 'MarginBalance', 'initial': '0.00000000', 'maintenance': '1447.68842400', 'currency': 'USDT', 'instrument_id': 'ETHUSDT-PERP.BINANCE'}]",False,{}
81002.78331744,0.00000000,81002.78331744,USDT,BINANCE-001,MARGIN,USDT,[],False,{}
80986.58288762,1417.53760960,79569.04527802,USDT,BINANCE-001,MARGIN,USDT,"[{'type': 'MarginBalance', 'initial': '0.00000000', 'maintenance': '1417.53760960', 'currency': 'USDT', 'instrument_id': 'ETHUSDT-PERP.BINANCE'}]",False,{}
80025.05577978,0.00000000,80025.05577978,USDT,BINANCE-001,MARGIN,USDT,[],False,{}
80009.05051924,1400.46029760,78608.59022164,USDT,BINANCE-001,MARGIN,USDT,"[{'type': 'MarginBalance', 'initial': '0.00000000', 'maintenance': '1400.46029760', 'currency': 'USDT', 'instrument_id': 'ETHUSDT-PERP.BINANCE'}]",False,{}
80362.17461140,0.00000000,80362.17461140,USDT,BINANCE-001,MARGIN,USDT,[],False,{}
80346.10241403,1406.31727005,78939.78514398,USDT,BINANCE-001,MARGIN,USDT,"[{'type': 'MarginBalance', 'initial': '0.00000000', 'maintenance': '1406.31727005', 'currency': 'USDT', 'instrument_id': 'ETHUSDT-PERP.BINANCE'}]",False,{}
78977.56613877,0.00000000,78977.56613877,USDT,BINANCE-001,MARGIN,USDT,[],False,{}
78961.77026891,1382.13861240,77579.63165651,USDT,BINANCE-001,MARGIN,USDT,"[{'type': 'MarginBalance', 'initial': '0.00000000', 'maintenance': '1382.13861240', 'currency': 'USDT', 'instrument_id': 'ETHUSDT-PERP.BINANCE'}]",False,{}
78904.94715472,0.00000000,78904.94715472,USDT,BINANCE-001,MARGIN,USDT,[],False,{}
78889.16634593,1380.82076930,77508.34557663,USDT,BINANCE-001,MARGIN,USDT,"[{'type': 'MarginBalance', 'initial': '0.00000000', 'maintenance': '1380.82076930', 'currency': 'USDT', 'instrument_id': 'ETHUSDT-PERP.BINANCE'}]",False,{}
78952.97028831,0.00000000,78952.97028831,USDT,BINANCE-001,MARGIN,USDT,[],False,{}
78937.17952513,1381.69177860,77555.48774653,USDT,BINANCE-001,MARGIN,USDT,"[{'type': 'MarginBalance', 'initial': '0.00000000', 'maintenance': '1381.69177860', 'currency': 'USDT', 'instrument_id': 'ETHUSDT-PERP.BINANCE'}]",False,{}
85440.67595415,0.00000000,85440.67595415,USDT,BINANCE-001,MARGIN,USDT,[],False,{}
85423.58801103,1495.19502300,83928.39298803,USDT,BINANCE-001,MARGIN,USDT,"[{'type': 'MarginBalance', 'initial': '0.00000000', 'maintenance': '1495.19502300', 'currency': 'USDT', 'instrument_id': 'ETHUSDT-PERP.BINANCE'}]",False,{}
82958.68650514,0.00000000,82958.68650514,USDT,BINANCE-001,MARGIN,USDT,[],False,{}
82942.09460896,1451.79091540,81490.30369356,USDT,BINANCE-001,MARGIN,USDT,"[{'type': 'MarginBalance', 'initial': '0.00000000', 'maintenance': '1451.79091540', 'currency': 'USDT', 'instrument_id': 'ETHUSDT-PERP.BINANCE'}]",False,{}
82842.25706784,0.00000000,82842.25706784,USDT,BINANCE-001,MARGIN,USDT,[],False,{}
82825.68852107,1449.74784220,81375.94067887,USDT,BINANCE-001,MARGIN,USDT,"[{'type': 'MarginBalance', 'initial': '0.00000000', 'maintenance': '1449.74784220', 'currency': 'USDT', 'instrument_id': 'ETHUSDT-PERP.BINANCE'}]",False,{}
81442.13074880,0.00000000,81442.13074880,USDT,BINANCE-001,MARGIN,USDT,[],False,{}
81425.84220805,1425.24731580,80000.59489225,USDT,BINANCE-001,MARGIN,USDT,"[{'type': 'MarginBalance', 'initial': '0.00000000', 'maintenance': '1425.24731580', 'currency': 'USDT', 'instrument_id': 'ETHUSDT-PERP.BINANCE'}]",False,{}
81000.18944708,0.00000000,81000.18944708,USDT,BINANCE-001,MARGIN,USDT,[],False,{}
80983.98967414,1417.48013190,79566.50954224,USDT,BINANCE-001,MARGIN,USDT,"[{'type': 'MarginBalance', 'initial': '0.00000000', 'maintenance': '1417.48013190', 'currency': 'USDT', 'instrument_id': 'ETHUSDT-PERP.BINANCE'}]",False,{}
82065.39234454,0.00000000,82065.39234454,USDT,BINANCE-001,MARGIN,USDT,[],False,{}
82048.97915401,1436.15417120,80612.82498281,USDT,BINANCE-001,MARGIN,USDT,"[{'type': 'MarginBalance', 'initial': '0.00000000', 'maintenance': '1436.15417120', 'currency': 'USDT', 'instrument_id': 'ETHUSDT-PERP.BINANCE'}]",False,{}
81661.63268950,0.00000000,81661.63268950,USDT,BINANCE-001,MARGIN,USDT,[],False,{}
81645.30011136,1429.10058690,80216.19952446,USDT,BINANCE-001,MARGIN,USDT,"[{'type': 'MarginBalance', 'initial': '0.00000000', 'maintenance': '1429.10058690', 'currency': 'USDT', 'instrument_id': 'ETHUSDT-PERP.BINANCE'}]",False,{}
81478.74780936,0.00000000,81478.74780936,USDT,BINANCE-001,MARGIN,USDT,[],False,{}
81462.45195342,1425.88739475,80036.56455867,USDT,BINANCE-001,MARGIN,USDT,"[{'type': 'MarginBalance', 'initial': '0.00000000', 'maintenance': '1425.88739475', 'currency': 'USDT', 'instrument_id': 'ETHUSDT-PERP.BINANCE'}]",False,{}
81248.88542076,0.00000000,81248.88542076,USDT,BINANCE-001,MARGIN,USDT,[],False,{}
81232.63582316,1421.83979000,79810.79603316,USDT,BINANCE-001,MARGIN,USDT,"[{'type': 'MarginBalance', 'initial': '0.00000000', 'maintenance': '1421.83979000', 'currency': 'USDT', 'instrument_id': 'ETHUSDT-PERP.BINANCE'}]",False,{}
80600.30725576,0.00000000,80600.30725576,USDT,BINANCE-001,MARGIN,USDT,[],False,{}
80584.18708180,1410.51522150,79173.67186030,USDT,BINANCE-001,MARGIN,USDT,"[{'type': 'MarginBalance', 'initial': '0.00000000', 'maintenance': '1410.51522150', 'currency': 'USDT', 'instrument_id': 'ETHUSDT-PERP.BINANCE'}]",False,{}
79836.76094728,0.00000000,79836.76094728,USDT,BINANCE-001,MARGIN,USDT,[],False,{}
79820.79372388,1397.13204750,78423.66167638,USDT,BINANCE-001,MARGIN,USDT,"[{'type': 'MarginBalance', 'initial': '0.00000000', 'maintenance': '1397.13204750', 'currency': 'USDT', 'instrument_id': 'ETHUSDT-PERP.BINANCE'}]",False,{}
79333.24825726,0.00000000,79333.24825726,USDT,BINANCE-001,MARGIN,USDT,[],False,{}
79317.38148027,1388.34298680,77929.03849347,USDT,BINANCE-001,MARGIN,USDT,"[{'type': 'MarginBalance', 'initial': '0.00000000', 'maintenance': '1388.34298680', 'currency': 'USDT', 'instrument_id': 'ETHUSDT-PERP.BINANCE'}]",False,{}
81076.39281065,0.00000000,81076.39281065,USDT,BINANCE-001,MARGIN,USDT,[],False,{}
81060.17770555,1418.82169590,79641.35600965,USDT,BINANCE-001,MARGIN,USDT,"[{'type': 'MarginBalance', 'initial': '0.00000000', 'maintenance': '1418.82169590', 'currency': 'USDT', 'instrument_id': 'ETHUSDT-PERP.BINANCE'}]",False,{}
80988.27308517,0.00000000,80988.27308517,USDT,BINANCE-001,MARGIN,USDT,[],False,{}
80972.07531365,1417.30500800,79554.77030565,USDT,BINANCE-001,MARGIN,USDT,"[{'type': 'MarginBalance', 'initial': '0.00000000', 'maintenance': '1417.30500800', 'currency': 'USDT', 'instrument_id': 'ETHUSDT-PERP.BINANCE'}]",False,{}
81045.34737987,0.00000000,81045.34737987,USDT,BINANCE-001,MARGIN,USDT,[],False,{}
81029.13820747,1418.30258500,79610.83562247,USDT,BINANCE-001,MARGIN,USDT,"[{'type': 'MarginBalance', 'initial': '0.00000000', 'maintenance': '1418.30258500', 'currency': 'USDT', 'instrument_id': 'ETHUSDT-PERP.BINANCE'}]",False,{}
81178.34337435,0.00000000,81178.34337435,USDT,BINANCE-001,MARGIN,USDT,[],False,{}
81162.10744431,1420.64387850,79741.46356581,USDT,BINANCE-001,MARGIN,USDT,"[{'type': 'MarginBalance', 'initial': '0.00000000', 'maintenance': '1420.64387850', 'currency': 'USDT', 'instrument_id': 'ETHUSDT-PERP.BINANCE'}]",False,{}
80966.07397401,0.00000000,80966.07397401,USDT,BINANCE-001,MARGIN,USDT,[],False,{}
80949.88070088,1416.91139905,79532.96930183,USDT,BINANCE-001,MARGIN,USDT,"[{'type': 'MarginBalance', 'initial': '0.00000000', 'maintenance': '1416.91139905', 'currency': 'USDT', 'instrument_id': 'ETHUSDT-PERP.BINANCE'}]",False,{}
80463.29580633,0.00000000,80463.29580633,USDT,BINANCE-001,MARGIN,USDT,[],False,{}
80447.20339366,1408.08610845,79039.11728521,USDT,BINANCE-001,MARGIN,USDT,"[{'type': 'MarginBalance', 'initial': '0.00000000', 'maintenance': '1408.08610845', 'currency': 'USDT', 'instrument_id': 'ETHUSDT-PERP.BINANCE'}]",False,{}
81407.98168304,0.00000000,81407.98168304,USDT,BINANCE-001,MARGIN,USDT,[],False,{}
81391.69993155,1424.65325520,79967.04667635,USDT,BINANCE-001,MARGIN,USDT,"[{'type': 'MarginBalance', 'initial': '0.00000000', 'maintenance': '1424.65325520', 'currency': 'USDT', 'instrument_id': 'ETHUSDT-PERP.BINANCE'}]",False,{}
80723.45766013,0.00000000,80723.45766013,USDT,BINANCE-001,MARGIN,USDT,[],False,{}
80707.31272167,1412.68211490,79294.63060677,USDT,BINANCE-001,MARGIN,USDT,"[{'type': 'MarginBalance', 'initial': '0.00000000', 'maintenance': '1412.68211490', 'currency': 'USDT', 'instrument_id': 'ETHUSDT-PERP.BINANCE'}]",False,{}
80415.71680769,0.00000000,80415.71680769,USDT,BINANCE-001,MARGIN,USDT,[],False,{}
80399.63388769,1407.25550000,78992.37838769,USDT,BINANCE-001,MARGIN,USDT,"[{'type': 'MarginBalance', 'initial': '0.00000000', 'maintenance': '1407.25550000', 'currency': 'USDT', 'instrument_id': 'ETHUSDT-PERP.BINANCE'}]",False,{}
85586.12410569,0.00000000,85586.12410569,USDT,BINANCE-001,MARGIN,USDT,[],False,{}
85569.00686309,1497.75872715,84071.24813594,USDT,BINANCE-001,MARGIN,USDT,"[{'type': 'MarginBalance', 'initial': '0.00000000', 'maintenance': '1497.75872715', 'currency': 'USDT', 'instrument_id': 'ETHUSDT-PERP.BINANCE'}]",False,{}
85061.23096551,0.00000000,85061.23096551,USDT,BINANCE-001,MARGIN,USDT,[],False,{}
85044.21873189,1488.57044175,83555.64829014,USDT,BINANCE-001,MARGIN,USDT,"[{'type': 'MarginBalance', 'initial': '0.00000000', 'maintenance': '1488.57044175', 'currency': 'USDT', 'instrument_id': 'ETHUSDT-PERP.BINANCE'}]",False,{}
83547.77186103,0.00000000,83547.77186103,USDT,BINANCE-001,MARGIN,USDT,[],False,{}
83531.06214287,1462.10033865,82068.96180422,USDT,BINANCE-001,MARGIN,USDT,"[{'type': 'MarginBalance', 'initial': '0.00000000', 'maintenance': '1462.10033865', 'currency': 'USDT', 'instrument_id': 'ETHUSDT-PERP.BINANCE'}]",False,{}
83043.05636167,0.00000000,83043.05636167,USDT,BINANCE-001,MARGIN,USDT,[],False,{}
83026.44776356,1453.25233480,81573.19542876,USDT,BINANCE-001,MARGIN,USDT,"[{'type': 'MarginBalance', 'initial': '0.00000000', 'maintenance': '1453.25233480', 'currency': 'USDT', 'instrument_id': 'ETHUSDT-PERP.BINANCE'}]",False,{}
82257.88938572,0.00000000,82257.88938572,USDT,BINANCE-001,MARGIN,USDT,[],False,{}
82241.43791796,1439.50342900,80801.93448896,USDT,BINANCE-001,MARGIN,USDT,"[{'type': 'MarginBalance', 'initial': '0.00000000', 'maintenance': '1439.50342900', 'currency': 'USDT', 'instrument_id': 'ETHUSDT-PERP.BINANCE'}]",False,{}
85181.21706964,0.00000000,85181.21706964,USDT,BINANCE-001,MARGIN,USDT,[],False,{}
85164.18074964,1490.67800000,83673.50274964,USDT,BINANCE-001,MARGIN,USDT,"[{'type': 'MarginBalance', 'initial': '0.00000000', 'maintenance': '1490.67800000', 'currency': 'USDT', 'instrument_id': 'ETHUSDT-PERP.BINANCE'}]",False,{}
84774.19366964,0.00000000,84774.19366964,USDT,BINANCE-001,MARGIN,USDT,[],False,{}
84757.23870144,1483.55971785,83273.67898359,USDT,BINANCE-001,MARGIN,USDT,"[{'type': 'MarginBalance', 'initial': '0.00000000', 'maintenance': '1483.55971785', 'currency': 'USDT', 'instrument_id': 'ETHUSDT-PERP.BINANCE'}]",False,{}
84245.56661551,0.00000000,84245.56661551,USDT,BINANCE-001,MARGIN,USDT,[],False,{}
84228.71740489,1474.30592925,82754.41147564,USDT,BINANCE-001,MARGIN,USDT,"[{'type': 'MarginBalance', 'initial': '0.00000000', 'maintenance': '1474.30592925', 'currency': 'USDT', 'instrument_id': 'ETHUSDT-PERP.BINANCE'}]",False,{}
86651.24315383,0.00000000,86651.24315383,USDT,BINANCE-001,MARGIN,USDT,[],False,{}
86633.91314763,1516.37554250,85117.53760513,USDT,BINANCE-001,MARGIN,USDT,"[{'type': 'MarginBalance', 'initial': '0.00000000', 'maintenance': '1516.37554250', 'currency': 'USDT', 'instrument_id': 'ETHUSDT-PERP.BINANCE'}]",False,{}
86297.52181703,0.00000000,86297.52181703,USDT,BINANCE-001,MARGIN,USDT,[],False,{}
86280.26251822,1510.18864605,84770.07387217,USDT,BINANCE-001,MARGIN,USDT,"[{'type': 'MarginBalance', 'initial': '0.00000000', 'maintenance': '1510.18864605', 'currency': 'USDT', 'instrument_id': 'ETHUSDT-PERP.BINANCE'}]",False,{}
87265.41309501,0.00000000,87265.41309501,USDT,BINANCE-001,MARGIN,USDT,[],False,{}
87247.95980266,1527.16308080,85720.79672186,USDT,BINANCE-001,MARGIN,USDT,"[{'type': 'MarginBalance', 'initial': '0.00000000', 'maintenance': '1527.16308080', 'currency': 'USDT', 'instrument_id': 'ETHUSDT-PERP.BINANCE'}]",False,{}
86362.83642104,0.00000000,86362.83642104,USDT,BINANCE-001,MARGIN,USDT,[],False,{}
86345.56401644,1511.33540250,84834.22861394,USDT,BINANCE-001,MARGIN,USDT,"[{'type': 'MarginBalance', 'initial': '0.00000000', 'maintenance': '1511.33540250', 'currency': 'USDT', 'instrument_id': 'ETHUSDT-PERP.BINANCE'}]",False,{}
86557.23137113,0.00000000,86557.23137113,USDT,BINANCE-001,MARGIN,USDT,[],False,{}
86539.91979443,1514.76296160,85025.15683283,USDT,BINANCE-001,MARGIN,USDT,"[{'type': 'MarginBalance', 'initial': '0.00000000', 'maintenance': '1514.76296160', 'currency': 'USDT', 'instrument_id': 'ETHUSDT-PERP.BINANCE'}]",False,{}
86234.82387001,0.00000000,86234.82387001,USDT,BINANCE-001,MARGIN,USDT,[],False,{}
86217.57671617,1509.12596100,84708.45075517,USDT,BINANCE-001,MARGIN,USDT,"[{'type': 'MarginBalance', 'initial': '0.00000000', 'maintenance': '1509.12596100', 'currency': 'USDT', 'instrument_id': 'ETHUSDT-PERP.BINANCE'}]",False,{}
88419.35596799,0.00000000,88419.35596799,USDT,BINANCE-001,MARGIN,USDT,[],False,{}
88401.67198875,1547.34818315,86854.32380560,USDT,BINANCE-001,MARGIN,USDT,"[{'type': 'MarginBalance', 'initial': '0.00000000', 'maintenance': '1547.34818315', 'currency': 'USDT', 'instrument_id': 'ETHUSDT-PERP.BINANCE'}]",False,{}
87903.58080347,0.00000000,87903.58080347,USDT,BINANCE-001,MARGIN,USDT,[],False,{}
87886.00037547,1538.28745000,86347.71292547,USDT,BINANCE-001,MARGIN,USDT,"[{'type': 'MarginBalance', 'initial': '0.00000000', 'maintenance': '1538.28745000', 'currency': 'USDT', 'instrument_id': 'ETHUSDT-PERP.BINANCE'}]",False,{}
90818.08710847,0.00000000,90818.08710847,USDT,BINANCE-001,MARGIN,USDT,[],False,{}
90799.92327261,1589.33563740,89210.58763521,USDT,BINANCE-001,MARGIN,USDT,"[{'type': 'MarginBalance', 'initial': '0.00000000', 'maintenance': '1589.33563740', 'currency': 'USDT', 'instrument_id': 'ETHUSDT-PERP.BINANCE'}]",False,{}
91225.18169474,0.00000000,91225.18169474,USDT,BINANCE-001,MARGIN,USDT,[],False,{}
91206.93671053,1596.43611855,89610.50059198,USDT,BINANCE-001,MARGIN,USDT,"[{'type': 'MarginBalance', 'initial': '0.00000000', 'maintenance': '1596.43611855', 'currency': 'USDT', 'instrument_id': 'ETHUSDT-PERP.BINANCE'}]",False,{}
91009.40792853,0.00000000,91009.40792853,USDT,BINANCE-001,MARGIN,USDT,[],False,{}
90991.20573467,1592.69196240,89398.51377227,USDT,BINANCE-001,MARGIN,USDT,"[{'type': 'MarginBalance', 'initial': '0.00000000', 'maintenance': '1592.69196240', 'currency': 'USDT', 'instrument_id': 'ETHUSDT-PERP.BINANCE'}]",False,{}
90908.65355111,0.00000000,90908.65355111,USDT,BINANCE-001,MARGIN,USDT,[],False,{}
90890.47169537,1590.91237690,89299.55931847,USDT,BINANCE-001,MARGIN,USDT,"[{'type': 'MarginBalance', 'initial': '0.00000000', 'maintenance': '1590.91237690', 'currency': 'USDT', 'instrument_id': 'ETHUSDT-PERP.BINANCE'}]",False,{}
91713.87185784,0.00000000,91713.87185784,USDT,BINANCE-001,MARGIN,USDT,[],False,{}
91695.52923908,1604.97914115,90090.55009793,USDT,BINANCE-001,MARGIN,USDT,"[{'type': 'MarginBalance', 'initial': '0.00000000', 'maintenance': '1604.97914115', 'currency': 'USDT', 'instrument_id': 'ETHUSDT-PERP.BINANCE'}]",False,{}
92541.76668991,0.00000000,92541.76668991,USDT,BINANCE-001,MARGIN,USDT,[],False,{}
92523.25812499,1619.49943015,90903.75869484,USDT,BINANCE-001,MARGIN,USDT,"[{'type': 'MarginBalance', 'initial': '0.00000000', 'maintenance': '1619.49943015', 'currency': 'USDT', 'instrument_id': 'ETHUSDT-PERP.BINANCE'}]",False,{}
90977.50500235,0.00000000,90977.50500235,USDT,BINANCE-001,MARGIN,USDT,[],False,{}
90959.30938729,1592.11631810,89367.19306919,USDT,BINANCE-001,MARGIN,USDT,"[{'type': 'MarginBalance', 'initial': '0.00000000', 'maintenance': '1592.11631810', 'currency': 'USDT', 'instrument_id': 'ETHUSDT-PERP.BINANCE'}]",False,{}
90629.89448429,0.00000000,90629.89448429,USDT,BINANCE-001,MARGIN,USDT,[],False,{}
90611.76833204,1586.03832170,89025.73001034,USDT,BINANCE-001,MARGIN,USDT,"[{'type': 'MarginBalance', 'initial': '0.00000000', 'maintenance': '1586.03832170', 'currency': 'USDT', 'instrument_id': 'ETHUSDT-PERP.BINANCE'}]",False,{}
90038.33814699,0.00000000,90038.33814699,USDT,BINANCE-001,MARGIN,USDT,[],False,{}
90020.33068651,1575.65279200,88444.67789451,USDT,BINANCE-001,MARGIN,USDT,"[{'type': 'MarginBalance', 'initial': '0.00000000', 'maintenance': '1575.65279200', 'currency': 'USDT', 'instrument_id': 'ETHUSDT-PERP.BINANCE'}]",False,{}
89174.81244280,0.00000000,89174.81244280,USDT,BINANCE-001,MARGIN,USDT,[],False,{}
89156.97766840,1560.54276000,87596.43490840,USDT,BINANCE-001,MARGIN,USDT,"[{'type': 'MarginBalance', 'initial': '0.00000000', 'maintenance': '1560.54276000', 'currency': 'USDT', 'instrument_id': 'ETHUSDT-PERP.BINANCE'}]",False,{}
88869.98311100,0.00000000,88869.98311100,USDT,BINANCE-001,MARGIN,USDT,[],False,{}
88852.20912100,1555.22412500,87296.98499600,USDT,BINANCE-001,MARGIN,USDT,"[{'type': 'MarginBalance', 'initial': '0.00000000', 'maintenance': '1555.22412500', 'currency': 'USDT', 'instrument_id': 'ETHUSDT-PERP.BINANCE'}]",False,{}
87546.59019900,0.00000000,87546.59019900,USDT,BINANCE-001,MARGIN,USDT,[],False,{}
87529.08057504,1532.09209650,85996.98847854,USDT,BINANCE-001,MARGIN,USDT,"[{'type': 'MarginBalance', 'initial': '0.00000000', 'maintenance': '1532.09209650', 'currency': 'USDT', 'instrument_id': 'ETHUSDT-PERP.BINANCE'}]",False,{}
86567.58475666,0.00000000,86567.58475666,USDT,BINANCE-001,MARGIN,USDT,[],False,{}
86550.27130344,1514.92715640,85035.34414704,USDT,BINANCE-001,MARGIN,USDT,"[{'type': 'MarginBalance', 'initial': '0.00000000', 'maintenance': '1514.92715640', 'currency': 'USDT', 'instrument_id': 'ETHUSDT-PERP.BINANCE'}]",False,{}
86126.40209294,0.00000000,86126.40209294,USDT,BINANCE-001,MARGIN,USDT,[],False,{}
86109.17649140,1507.24013475,84601.93635665,USDT,BINANCE-001,MARGIN,USDT,"[{'type': 'MarginBalance', 'initial': '0.00000000', 'maintenance': '1507.24013475', 'currency': 'USDT', 'instrument_id': 'ETHUSDT-PERP.BINANCE'}]",False,{}
85313.17092650,0.00000000,85313.17092650,USDT,BINANCE-001,MARGIN,USDT,[],False,{}
85296.10826306,1492.98305100,83803.12521206,USDT,BINANCE-001,MARGIN,USDT,"[{'type': 'MarginBalance', 'initial': '0.00000000', 'maintenance': '1492.98305100', 'currency': 'USDT', 'instrument_id': 'ETHUSDT-PERP.BINANCE'}]",False,{}
84563.57639637,0.00000000,84563.57639637,USDT,BINANCE-001,MARGIN,USDT,[],False,{}
84546.66391925,1479.84174800,83066.82217125,USDT,BINANCE-001,MARGIN,USDT,"[{'type': 'MarginBalance', 'initial': '0.00000000', 'maintenance': '1479.84174800', 'currency': 'USDT', 'instrument_id': 'ETHUSDT-PERP.BINANCE'}]",False,{}
84494.01527232,0.00000000,84494.01527232,USDT,BINANCE-001,MARGIN,USDT,[],False,{}
84477.11624160,1478.66518800,82998.45105360,USDT,BINANCE-001,MARGIN,USDT,"[{'type': 'MarginBalance', 'initial': '0.00000000', 'maintenance': '1478.66518800', 'currency': 'USDT', 'instrument_id': 'ETHUSDT-PERP.BINANCE'}]",False,{}
85036.26318029,0.00000000,85036.26318029,USDT,BINANCE-001,MARGIN,USDT,[],False,{}
85019.25567243,1488.15693775,83531.09873468,USDT,BINANCE-001,MARGIN,USDT,"[{'type': 'MarginBalance', 'initial': '0.00000000', 'maintenance': '1488.15693775', 'currency': 'USDT', 'instrument_id': 'ETHUSDT-PERP.BINANCE'}]",False,{}
84936.79755529,0.00000000,84936.79755529,USDT,BINANCE-001,MARGIN,USDT,[],False,{}
84919.80997835,1486.41298260,83433.39699575,USDT,BINANCE-001,MARGIN,USDT,"[{'type': 'MarginBalance', 'initial': '0.00000000', 'maintenance': '1486.41298260', 'currency': 'USDT', 'instrument_id': 'ETHUSDT-PERP.BINANCE'}]",False,{}
84323.75158569,0.00000000,84323.75158569,USDT,BINANCE-001,MARGIN,USDT,[],False,{}
84306.88701467,1475.64996425,82831.23705042,USDT,BINANCE-001,MARGIN,USDT,"[{'type': 'MarginBalance', 'initial': '0.00000000', 'maintenance': '1475.64996425', 'currency': 'USDT', 'instrument_id': 'ETHUSDT-PERP.BINANCE'}]",False,{}
84022.99874587,0.00000000,84022.99874587,USDT,BINANCE-001,MARGIN,USDT,[],False,{}
84006.19429838,1470.38915520,82535.80514318,USDT,BINANCE-001,MARGIN,USDT,"[{'type': 'MarginBalance', 'initial': '0.00000000', 'maintenance': '1470.38915520', 'currency': 'USDT', 'instrument_id': 'ETHUSDT-PERP.BINANCE'}]",False,{}
85258.17012008,0.00000000,85258.17012008,USDT,BINANCE-001,MARGIN,USDT,[],False,{}
85241.11878030,1491.99223040,83749.12654990,USDT,BINANCE-001,MARGIN,USDT,"[{'type': 'MarginBalance', 'initial': '0.00000000', 'maintenance': '1491.99223040', 'currency': 'USDT', 'instrument_id': 'ETHUSDT-PERP.BINANCE'}]",False,{}
85393.10571816,0.00000000,85393.10571816,USDT,BINANCE-001,MARGIN,USDT,[],False,{}
85376.02695300,1494.39195150,83881.63500150,USDT,BINANCE-001,MARGIN,USDT,"[{'type': 'MarginBalance', 'initial': '0.00000000', 'maintenance': '1494.39195150', 'currency': 'USDT', 'instrument_id': 'ETHUSDT-PERP.BINANCE'}]",False,{}
87898.83867510,0.00000000,87898.83867510,USDT,BINANCE-001,MARGIN,USDT,[],False,{}
87881.25899018,1538.22243050,86343.03655968,USDT,BINANCE-001,MARGIN,USDT,"[{'type': 'MarginBalance', 'initial': '0.00000000', 'maintenance': '1538.22243050', 'currency': 'USDT', 'instrument_id': 'ETHUSDT-PERP.BINANCE'}]",False,{}
87258.18700518,0.00000000,87258.18700518,USDT,BINANCE-001,MARGIN,USDT,[],False,{}
87240.73538734,1527.01656135,85713.71882599,USDT,BINANCE-001,MARGIN,USDT,"[{'type': 'MarginBalance', 'initial': '0.00000000', 'maintenance': '1527.01656135', 'currency': 'USDT', 'instrument_id': 'ETHUSDT-PERP.BINANCE'}]",False,{}
86307.90699519,0.00000000,86307.90699519,USDT,BINANCE-001,MARGIN,USDT,[],False,{}
86290.64533689,1510.39510125,84780.25023564,USDT,BINANCE-001,MARGIN,USDT,"[{'type': 'MarginBalance', 'initial': '0.00000000', 'maintenance': '1510.39510125', 'currency': 'USDT', 'instrument_id': 'ETHUSDT-PERP.BINANCE'}]",False,{}
85589.81471559,0.00000000,85589.81471559,USDT,BINANCE-001,MARGIN,USDT,[],False,{}
85572.69678818,1497.81864820,84074.87813998,USDT,BINANCE-001,MARGIN,USDT,"[{'type': 'MarginBalance', 'initial': '0.00000000', 'maintenance': '1497.81864820', 'currency': 'USDT', 'instrument_id': 'ETHUSDT-PERP.BINANCE'}]",False,{}
87402.67048200,0.00000000,87402.67048200,USDT,BINANCE-001,MARGIN,USDT,[],False,{}
87385.18982899,1529.55713820,85855.63269079,USDT,BINANCE-001,MARGIN,USDT,"[{'type': 'MarginBalance', 'initial': '0.00000000', 'maintenance': '1529.55713820', 'currency': 'USDT', 'instrument_id': 'ETHUSDT-PERP.BINANCE'}]",False,{}
88394.23275123,0.00000000,88394.23275123,USDT,BINANCE-001,MARGIN,USDT,[],False,{}
88376.55356992,1546.92836480,86829.62520512,USDT,BINANCE-001,MARGIN,USDT,"[{'type': 'MarginBalance', 'initial': '0.00000000', 'maintenance': '1546.92836480', 'currency': 'USDT', 'instrument_id': 'ETHUSDT-PERP.BINANCE'}]",False,{}
87260.59755514,0.00000000,87260.59755514,USDT,BINANCE-001,MARGIN,USDT,[],False,{}
87243.14545929,1527.05838705,85716.08707224,USDT,BINANCE-001,MARGIN,USDT,"[{'type': 'MarginBalance', 'initial': '0.00000000', 'maintenance': '1527.05838705', 'currency': 'USDT', 'instrument_id': 'ETHUSDT-PERP.BINANCE'}]",False,{}
86848.96156646,0.00000000,86848.96156646,USDT,BINANCE-001,MARGIN,USDT,[],False,{}
86831.59204646,1519.83300000,85311.75904646,USDT,BINANCE-001,MARGIN,USDT,"[{'type': 'MarginBalance', 'initial': '0.00000000', 'maintenance': '1519.83300000', 'currency': 'USDT', 'instrument_id': 'ETHUSDT-PERP.BINANCE'}]",False,{}
86450.38056787,0.00000000,86450.38056787,USDT,BINANCE-001,MARGIN,USDT,[],False,{}
86433.09050767,1512.88026750,84920.21024017,USDT,BINANCE-001,MARGIN,USDT,"[{'type': 'MarginBalance', 'initial': '0.00000000', 'maintenance': '1512.88026750', 'currency': 'USDT', 'instrument_id': 'ETHUSDT-PERP.BINANCE'}]",False,{}
86504.00771627,0.00000000,86504.00771627,USDT,BINANCE-001,MARGIN,USDT,[],False,{}
86486.70658085,1513.84934925,84972.85723160,USDT,BINANCE-001,MARGIN,USDT,"[{'type': 'MarginBalance', 'initial': '0.00000000', 'maintenance': '1513.84934925', 'currency': 'USDT', 'instrument_id': 'ETHUSDT-PERP.BINANCE'}]",False,{}
89969.67454325,0.00000000,89969.67454325,USDT,BINANCE-001,MARGIN,USDT,[],False,{}
89951.68028137,1574.49791450,88377.18236687,USDT,BINANCE-001,MARGIN,USDT,"[{'type': 'MarginBalance', 'initial': '0.00000000', 'maintenance': '1574.49791450', 'currency': 'USDT', 'instrument_id': 'ETHUSDT-PERP.BINANCE'}]",False,{}
91464.31542273,0.00000000,91464.31542273,USDT,BINANCE-001,MARGIN,USDT,[],False,{}
91446.02235573,1600.64336250,89845.37899323,USDT,BINANCE-001,MARGIN,USDT,"[{'type': 'MarginBalance', 'initial': '0.00000000', 'maintenance': '1600.64336250', 'currency': 'USDT', 'instrument_id': 'ETHUSDT-PERP.BINANCE'}]",False,{}
90550.32531747,0.00000000,90550.32531747,USDT,BINANCE-001,MARGIN,USDT,[],False,{}
90532.21525975,1584.63005085,88947.58520890,USDT,BINANCE-001,MARGIN,USDT,"[{'type': 'MarginBalance', 'initial': '0.00000000', 'maintenance': '1584.63005085', 'currency': 'USDT', 'instrument_id': 'ETHUSDT-PERP.BINANCE'}]",False,{}
90602.81231498,0.00000000,90602.81231498,USDT,BINANCE-001,MARGIN,USDT,[],False,{}
90584.69168679,1585.55496680,88999.13671999,USDT,BINANCE-001,MARGIN,USDT,"[{'type': 'MarginBalance', 'initial': '0.00000000', 'maintenance': '1585.55496680', 'currency': 'USDT', 'instrument_id': 'ETHUSDT-PERP.BINANCE'}]",False,{}
90139.79223844,0.00000000,90139.79223844,USDT,BINANCE-001,MARGIN,USDT,[],False,{}
90121.76445830,1577.43076225,88544.33369605,USDT,BINANCE-001,MARGIN,USDT,"[{'type': 'MarginBalance', 'initial': '0.00000000', 'maintenance': '1577.43076225', 'currency': 'USDT', 'instrument_id': 'ETHUSDT-PERP.BINANCE'}]",False,{}
89959.12751497,0.00000000,89959.12751497,USDT,BINANCE-001,MARGIN,USDT,[],False,{}
89941.13578856,1574.27606070,88366.85972786,USDT,BINANCE-001,MARGIN,USDT,"[{'type': 'MarginBalance', 'initial': '0.00000000', 'maintenance': '1574.27606070', 'currency': 'USDT', 'instrument_id': 'ETHUSDT-PERP.BINANCE'}]",False,{}
89049.15914797,0.00000000,89049.15914797,USDT,BINANCE-001,MARGIN,USDT,[],False,{}
89031.34941593,1558.35155350,87472.99786243,USDT,BINANCE-001,MARGIN,USDT,"[{'type': 'MarginBalance', 'initial': '0.00000000', 'maintenance': '1558.35155350', 'currency': 'USDT', 'instrument_id': 'ETHUSDT-PERP.BINANCE'}]",False,{}
87600.73649857,0.00000000,87600.73649857,USDT,BINANCE-001,MARGIN,USDT,[],False,{}
87583.21651837,1532.99826750,86050.21825087,USDT,BINANCE-001,MARGIN,USDT,"[{'type': 'MarginBalance', 'initial': '0.00000000', 'maintenance': '1532.99826750', 'currency': 'USDT', 'instrument_id': 'ETHUSDT-PERP.BINANCE'}]",False,{}
87406.82711581,0.00000000,87406.82711581,USDT,BINANCE-001,MARGIN,USDT,[],False,{}
87389.34545771,1529.64508410,85859.70037361,USDT,BINANCE-001,MARGIN,USDT,"[{'type': 'MarginBalance', 'initial': '0.00000000', 'maintenance': '1529.64508410', 'currency': 'USDT', 'instrument_id': 'ETHUSDT-PERP.BINANCE'}]",False,{}
86325.66434685,0.00000000,86325.66434685,USDT,BINANCE-001,MARGIN,USDT,[],False,{}
86308.39905146,1510.71334680,84797.68570466,USDT,BINANCE-001,MARGIN,USDT,"[{'type': 'MarginBalance', 'initial': '0.00000000', 'maintenance': '1510.71334680', 'currency': 'USDT', 'instrument_id': 'ETHUSDT-PERP.BINANCE'}]",False,{}
86221.70230976,0.00000000,86221.70230976,USDT,BINANCE-001,MARGIN,USDT,[],False,{}
86204.45770484,1508.90293015,84695.55477469,USDT,BINANCE-001,MARGIN,USDT,"[{'type': 'MarginBalance', 'initial': '0.00000000', 'maintenance': '1508.90293015', 'currency': 'USDT', 'instrument_id': 'ETHUSDT-PERP.BINANCE'}]",False,{}
86167.90687052,0.00000000,86167.90687052,USDT,BINANCE-001,MARGIN,USDT,[],False,{}
86150.67346815,1507.92270755,84642.75076060,USDT,BINANCE-001,MARGIN,USDT,"[{'type': 'MarginBalance', 'initial': '0.00000000', 'maintenance': '1507.92270755', 'currency': 'USDT', 'instrument_id': 'ETHUSDT-PERP.BINANCE'}]",False,{}
91681.16424811,0.00000000,91681.16424811,USDT,BINANCE-001,MARGIN,USDT,[],False,{}
91662.82795349,1604.42577890,90058.40217459,USDT,BINANCE-001,MARGIN,USDT,"[{'type': 'MarginBalance', 'initial': '0.00000000', 'maintenance': '1604.42577890', 'currency': 'USDT', 'instrument_id': 'ETHUSDT-PERP.BINANCE'}]",False,{}
91530.40618293,0.00000000,91530.40618293,USDT,BINANCE-001,MARGIN,USDT,[],False,{}
91512.10005533,1601.78616500,89910.31389033,USDT,BINANCE-001,MARGIN,USDT,"[{'type': 'MarginBalance', 'initial': '0.00000000', 'maintenance': '1601.78616500', 'currency': 'USDT', 'instrument_id': 'ETHUSDT-PERP.BINANCE'}]",False,{}
91133.51571668,0.00000000,91133.51571668,USDT,BINANCE-001,MARGIN,USDT,[],False,{}
91115.28882304,1594.85319315,89520.43562989,USDT,BINANCE-001,MARGIN,USDT,"[{'type': 'MarginBalance', 'initial': '0.00000000', 'maintenance': '1594.85319315', 'currency': 'USDT', 'instrument_id': 'ETHUSDT-PERP.BINANCE'}]",False,{}
90309.01081599,0.00000000,90309.01081599,USDT,BINANCE-001,MARGIN,USDT,[],False,{}
90290.94932128,1580.38078730,88710.56853398,USDT,BINANCE-001,MARGIN,USDT,"[{'type': 'MarginBalance', 'initial': '0.00000000', 'maintenance': '1580.38078730', 'currency': 'USDT', 'instrument_id': 'ETHUSDT-PERP.BINANCE'}]",False,{}
91060.75060535,0.00000000,91060.75060535,USDT,BINANCE-001,MARGIN,USDT,[],False,{}
91042.53815037,1593.58981040,89448.94833997,USDT,BINANCE-001,MARGIN,USDT,"[{'type': 'MarginBalance', 'initial': '0.00000000', 'maintenance': '1593.58981040', 'currency': 'USDT', 'instrument_id': 'ETHUSDT-PERP.BINANCE'}]",False,{}
91378.24271194,0.00000000,91378.24271194,USDT,BINANCE-001,MARGIN,USDT,[],False,{}
91359.96737344,1599.09211875,89760.87525469,USDT,BINANCE-001,MARGIN,USDT,"[{'type': 'MarginBalance', 'initial': '0.00000000', 'maintenance': '1599.09211875', 'currency': 'USDT', 'instrument_id': 'ETHUSDT-PERP.BINANCE'}]",False,{}
90824.83760944,0.00000000,90824.83760944,USDT,BINANCE-001,MARGIN,USDT,[],False,{}
90806.67252944,1589.44450000,89217.22802944,USDT,BINANCE-001,MARGIN,USDT,"[{'type': 'MarginBalance', 'initial': '0.00000000', 'maintenance': '1589.44450000', 'currency': 'USDT', 'instrument_id': 'ETHUSDT-PERP.BINANCE'}]",False,{}
92635.29416876,0.00000000,92635.29416876,USDT,BINANCE-001,MARGIN,USDT,[],False,{}
92616.76699196,1621.12797000,90995.63902196,USDT,BINANCE-001,MARGIN,USDT,"[{'type': 'MarginBalance', 'initial': '0.00000000', 'maintenance': '1621.12797000', 'currency': 'USDT', 'instrument_id': 'ETHUSDT-PERP.BINANCE'}]",False,{}
92589.29587902,0.00000000,92589.29587902,USDT,BINANCE-001,MARGIN,USDT,[],False,{}
92570.77814401,1620.30181355,90950.47633046,USDT,BINANCE-001,MARGIN,USDT,"[{'type': 'MarginBalance', 'initial': '0.00000000', 'maintenance': '1620.30181355', 'currency': 'USDT', 'instrument_id': 'ETHUSDT-PERP.BINANCE'}]",False,{}
91571.95202243,0.00000000,91571.95202243,USDT,BINANCE-001,MARGIN,USDT,[],False,{}
91553.63796953,1602.47962840,89951.15834113,USDT,BINANCE-001,MARGIN,USDT,"[{'type': 'MarginBalance', 'initial': '0.00000000', 'maintenance': '1602.47962840', 'currency': 'USDT', 'instrument_id': 'ETHUSDT-PERP.BINANCE'}]",False,{}
92209.25282041,0.00000000,92209.25282041,USDT,BINANCE-001,MARGIN,USDT,[],False,{}
92190.81122471,1613.63962410,90577.17160061,USDT,BINANCE-001,MARGIN,USDT,"[{'type': 'MarginBalance', 'initial': '0.00000000', 'maintenance': '1613.63962410', 'currency': 'USDT', 'instrument_id': 'ETHUSDT-PERP.BINANCE'}]",False,{}
91974.76604207,0.00000000,91974.76604207,USDT,BINANCE-001,MARGIN,USDT,[],False,{}
91956.37137371,1609.53348150,90346.83789221,USDT,BINANCE-001,MARGIN,USDT,"[{'type': 'MarginBalance', 'initial': '0.00000000', 'maintenance': '1609.53348150', 'currency': 'USDT', 'instrument_id': 'ETHUSDT-PERP.BINANCE'}]",False,{}
96216.29874173,0.00000000,96216.29874173,USDT,BINANCE-001,MARGIN,USDT,[],False,{}
96197.05589607,1683.74899560,94513.30690047,USDT,BINANCE-001,MARGIN,USDT,"[{'type': 'MarginBalance', 'initial': '0.00000000', 'maintenance': '1683.74899560', 'currency': 'USDT', 'instrument_id': 'ETHUSDT-PERP.BINANCE'}]",False,{}
96341.78326607,0.00000000,96341.78326607,USDT,BINANCE-001,MARGIN,USDT,[],False,{}
96322.51506466,1685.96762320,94636.54744146,USDT,BINANCE-001,MARGIN,USDT,"[{'type': 'MarginBalance', 'initial': '0.00000000', 'maintenance': '1685.96762320', 'currency': 'USDT', 'instrument_id': 'ETHUSDT-PERP.BINANCE'}]",False,{}
95680.71947186,0.00000000,95680.71947186,USDT,BINANCE-001,MARGIN,USDT,[],False,{}
95661.58321386,1674.42257500,93987.16063886,USDT,BINANCE-001,MARGIN,USDT,"[{'type': 'MarginBalance', 'initial': '0.00000000', 'maintenance': '1674.42257500', 'currency': 'USDT', 'instrument_id': 'ETHUSDT-PERP.BINANCE'}]",False,{}
95696.85010842,0.00000000,95696.85010842,USDT,BINANCE-001,MARGIN,USDT,[],False,{}
95677.71059832,1674.70713410,94003.00346422,USDT,BINANCE-001,MARGIN,USDT,"[{'type': 'MarginBalance', 'initial': '0.00000000', 'maintenance': '1674.70713410', 'currency': 'USDT', 'instrument_id': 'ETHUSDT-PERP.BINANCE'}]",False,{}
94573.23619590,0.00000000,94573.23619590,USDT,BINANCE-001,MARGIN,USDT,[],False,{}
94554.32148488,1655.03721425,92899.28427063,USDT,BINANCE-001,MARGIN,USDT,"[{'type': 'MarginBalance', 'initial': '0.00000000', 'maintenance': '1655.03721425', 'currency': 'USDT', 'instrument_id': 'ETHUSDT-PERP.BINANCE'}]",False,{}
93226.01854799,0.00000000,93226.01854799,USDT,BINANCE-001,MARGIN,USDT,[],False,{}
93207.37321786,1631.46638655,91575.90683131,USDT,BINANCE-001,MARGIN,USDT,"[{'type': 'MarginBalance', 'initial': '0.00000000', 'maintenance': '1631.46638655', 'currency': 'USDT', 'instrument_id': 'ETHUSDT-PERP.BINANCE'}]",False,{}
91543.44441748,0.00000000,91543.44441748,USDT,BINANCE-001,MARGIN,USDT,[],False,{}
91525.13620348,1601.96872500,89923.16747848,USDT,BINANCE-001,MARGIN,USDT,"[{'type': 'MarginBalance', 'initial': '0.00000000', 'maintenance': '1601.96872500', 'currency': 'USDT', 'instrument_id': 'ETHUSDT-PERP.BINANCE'}]",False,{}
90891.89438439,0.00000000,90891.89438439,USDT,BINANCE-001,MARGIN,USDT,[],False,{}
90873.71622075,1590.58931850,89283.12690225,USDT,BINANCE-001,MARGIN,USDT,"[{'type': 'MarginBalance', 'initial': '0.00000000', 'maintenance': '1590.58931850', 'currency': 'USDT', 'instrument_id': 'ETHUSDT-PERP.BINANCE'}]",False,{}
88719.53461736,0.00000000,88719.53461736,USDT,BINANCE-001,MARGIN,USDT,[],False,{}
88701.79096700,1552.56940650,87149.22156050,USDT,BINANCE-001,MARGIN,USDT,"[{'type': 'MarginBalance', 'initial': '0.00000000', 'maintenance': '1552.56940650', 'currency': 'USDT', 'instrument_id': 'ETHUSDT-PERP.BINANCE'}]",False,{}
88640.84650388,0.00000000,88640.84650388,USDT,BINANCE-001,MARGIN,USDT,[],False,{}
88623.11849718,1551.20058660,87071.91791058,USDT,BINANCE-001,MARGIN,USDT,"[{'type': 'MarginBalance', 'initial': '0.00000000', 'maintenance': '1551.20058660', 'currency': 'USDT', 'instrument_id': 'ETHUSDT-PERP.BINANCE'}]",False,{}
87902.50786984,0.00000000,87902.50786984,USDT,BINANCE-001,MARGIN,USDT,[],False,{}
87884.92750542,1538.28188640,86346.64561902,USDT,BINANCE-001,MARGIN,USDT,"[{'type': 'MarginBalance', 'initial': '0.00000000', 'maintenance': '1538.28188640', 'currency': 'USDT', 'instrument_id': 'ETHUSDT-PERP.BINANCE'}]",False,{}
89500.33799617,0.00000000,89500.33799617,USDT,BINANCE-001,MARGIN,USDT,[],False,{}
89482.43782666,1566.26483230,87916.17299436,USDT,BINANCE-001,MARGIN,USDT,"[{'type': 'MarginBalance', 'initial': '0.00000000', 'maintenance': '1566.26483230', 'currency': 'USDT', 'instrument_id': 'ETHUSDT-PERP.BINANCE'}]",False,{}
89726.36773321,0.00000000,89726.36773321,USDT,BINANCE-001,MARGIN,USDT,[],False,{}
89708.42248147,1570.20952690,88138.21295457,USDT,BINANCE-001,MARGIN,USDT,"[{'type': 'MarginBalance', 'initial': '0.00000000', 'maintenance': '1570.20952690', 'currency': 'USDT', 'instrument_id': 'ETHUSDT-PERP.BINANCE'}]",False,{}
88871.76128430,0.00000000,88871.76128430,USDT,BINANCE-001,MARGIN,USDT,[],False,{}
88853.98724899,1555.22808945,87298.75915954,USDT,BINANCE-001,MARGIN,USDT,"[{'type': 'MarginBalance', 'initial': '0.00000000', 'maintenance': '1555.22808945', 'currency': 'USDT', 'instrument_id': 'ETHUSDT-PERP.BINANCE'}]",False,{}
88537.06644282,0.00000000,88537.06644282,USDT,BINANCE-001,MARGIN,USDT,[],False,{}
88519.35884783,1549.41456180,86969.94428603,USDT,BINANCE-001,MARGIN,USDT,"[{'type': 'MarginBalance', 'initial': '0.00000000', 'maintenance': '1549.41456180', 'currency': 'USDT', 'instrument_id': 'ETHUSDT-PERP.BINANCE'}]",False,{}
90056.21897692,0.00000000,90056.21897692,USDT,BINANCE-001,MARGIN,USDT,[],False,{}
90038.20813624,1575.94855950,88462.25957674,USDT,BINANCE-001,MARGIN,USDT,"[{'type': 'MarginBalance', 'initial': '0.00000000', 'maintenance': '1575.94855950', 'currency': 'USDT', 'instrument_id': 'ETHUSDT-PERP.BINANCE'}]",False,{}
96766.45686190,0.00000000,96766.45686190,USDT,BINANCE-001,MARGIN,USDT,[],False,{}
96747.10386916,1693.38686440,95053.71700476,USDT,BINANCE-001,MARGIN,USDT,"[{'type': 'MarginBalance', 'initial': '0.00000000', 'maintenance': '1693.38686440', 'currency': 'USDT', 'instrument_id': 'ETHUSDT-PERP.BINANCE'}]",False,{}
95248.03938849,0.00000000,95248.03938849,USDT,BINANCE-001,MARGIN,USDT,[],False,{}
95228.98965403,1666.85176560,93562.13788843,USDT,BINANCE-001,MARGIN,USDT,"[{'type': 'MarginBalance', 'initial': '0.00000000', 'maintenance': '1666.85176560', 'currency': 'USDT', 'instrument_id': 'ETHUSDT-PERP.BINANCE'}]",False,{}
95460.07162685,0.00000000,95460.07162685,USDT,BINANCE-001,MARGIN,USDT,[],False,{}
95440.98030085,1670.49102500,93770.48927585,USDT,BINANCE-001,MARGIN,USDT,"[{'type': 'MarginBalance', 'initial': '0.00000000', 'maintenance': '1670.49102500', 'currency': 'USDT', 'instrument_id': 'ETHUSDT-PERP.BINANCE'}]",False,{}
94105.50784293,0.00000000,94105.50784293,USDT,BINANCE-001,MARGIN,USDT,[],False,{}
94086.68700775,1646.82307790,92439.86392985,USDT,BINANCE-001,MARGIN,USDT,"[{'type': 'MarginBalance', 'initial': '0.00000000', 'maintenance': '1646.82307790', 'currency': 'USDT', 'instrument_id': 'ETHUSDT-PERP.BINANCE'}]",False,{}
93789.43628515,0.00000000,93789.43628515,USDT,BINANCE-001,MARGIN,USDT,[],False,{}
93770.67915209,1641.24914310,92129.43000899,USDT,BINANCE-001,MARGIN,USDT,"[{'type': 'MarginBalance', 'initial': '0.00000000', 'maintenance': '1641.24914310', 'currency': 'USDT', 'instrument_id': 'ETHUSDT-PERP.BINANCE'}]",False,{}
92548.00006051,0.00000000,92548.00006051,USDT,BINANCE-001,MARGIN,USDT,[],False,{}
92529.49058558,1619.57905620,90909.91152938,USDT,BINANCE-001,MARGIN,USDT,"[{'type': 'MarginBalance', 'initial': '0.00000000', 'maintenance': '1619.57905620', 'currency': 'USDT', 'instrument_id': 'ETHUSDT-PERP.BINANCE'}]",False,{}
93662.43245703,0.00000000,93662.43245703,USDT,BINANCE-001,MARGIN,USDT,[],False,{}
93643.69981823,1639.10589465,92004.59392358,USDT,BINANCE-001,MARGIN,USDT,"[{'type': 'MarginBalance', 'initial': '0.00000000', 'maintenance': '1639.10589465', 'currency': 'USDT', 'instrument_id': 'ETHUSDT-PERP.BINANCE'}]",False,{}
91353.52621633,0.00000000,91353.52621633,USDT,BINANCE-001,MARGIN,USDT,[],False,{}
91335.25540487,1598.69600240,89736.55940247,USDT,BINANCE-001,MARGIN,USDT,"[{'type': 'MarginBalance', 'initial': '0.00000000', 'maintenance': '1598.69600240', 'currency': 'USDT', 'instrument_id': 'ETHUSDT-PERP.BINANCE'}]",False,{}
91031.91032875,0.00000000,91031.91032875,USDT,BINANCE-001,MARGIN,USDT,[],False,{}
91013.70394789,1593.05832525,89420.64562264,USDT,BINANCE-001,MARGIN,USDT,"[{'type': 'MarginBalance', 'initial': '0.00000000', 'maintenance': '1593.05832525', 'currency': 'USDT', 'instrument_id': 'ETHUSDT-PERP.BINANCE'}]",False,{}
91982.48720503,0.00000000,91982.48720503,USDT,BINANCE-001,MARGIN,USDT,[],False,{}
91964.09071581,1609.69280640,90354.39790941,USDT,BINANCE-001,MARGIN,USDT,"[{'type': 'MarginBalance', 'initial': '0.00000000', 'maintenance': '1609.69280640', 'currency': 'USDT', 'instrument_id': 'ETHUSDT-PERP.BINANCE'}]",False,{}
90741.43631603,0.00000000,90741.43631603,USDT,BINANCE-001,MARGIN,USDT,[],False,{}
90723.28759264,1588.01329680,89135.27429584,USDT,BINANCE-001,MARGIN,USDT,"[{'type': 'MarginBalance', 'initial': '0.00000000', 'maintenance': '1588.01329680', 'currency': 'USDT', 'instrument_id': 'ETHUSDT-PERP.BINANCE'}]",False,{}
90576.78519126,0.00000000,90576.78519126,USDT,BINANCE-001,MARGIN,USDT,[],False,{}
90558.67015558,1585.06562200,88973.60453358,USDT,BINANCE-001,MARGIN,USDT,"[{'type': 'MarginBalance', 'initial': '0.00000000', 'maintenance': '1585.06562200', 'currency': 'USDT', 'instrument_id': 'ETHUSDT-PERP.BINANCE'}]",False,{}
89970.32215792,0.00000000,89970.32215792,USDT,BINANCE-001,MARGIN,USDT,[],False,{}
89952.32875632,1574.42264000,88377.90611632,USDT,BINANCE-001,MARGIN,USDT,"[{'type': 'MarginBalance', 'initial': '0.00000000', 'maintenance': '1574.42264000', 'currency': 'USDT', 'instrument_id': 'ETHUSDT-PERP.BINANCE'}]",False,{}
89712.44575437,0.00000000,89712.44575437,USDT,BINANCE-001,MARGIN,USDT,[],False,{}
89694.50321719,1569.97200360,88124.53121359,USDT,BINANCE-001,MARGIN,USDT,"[{'type': 'MarginBalance', 'initial': '0.00000000', 'maintenance': '1569.97200360', 'currency': 'USDT', 'instrument_id': 'ETHUSDT-PERP.BINANCE'}]",False,{}
89392.83137366,0.00000000,89392.83137366,USDT,BINANCE-001,MARGIN,USDT,[],False,{}
89374.95309350,1564.34951400,87810.60357950,USDT,BINANCE-001,MARGIN,USDT,"[{'type': 'MarginBalance', 'initial': '0.00000000', 'maintenance': '1564.34951400', 'currency': 'USDT', 'instrument_id': 'ETHUSDT-PERP.BINANCE'}]",False,{}
88543.10175430,0.00000000,88543.10175430,USDT,BINANCE-001,MARGIN,USDT,[],False,{}
88525.39369318,1549.45534765,86975.93834553,USDT,BINANCE-001,MARGIN,USDT,"[{'type': 'MarginBalance', 'initial': '0.00000000', 'maintenance': '1549.45534765', 'currency': 'USDT', 'instrument_id': 'ETHUSDT-PERP.BINANCE'}]",False,{}
91646.64804466,0.00000000,91646.64804466,USDT,BINANCE-001,MARGIN,USDT,[],False,{}
91628.31833206,1603.84985250,90024.46847956,USDT,BINANCE-001,MARGIN,USDT,"[{'type': 'MarginBalance', 'initial': '0.00000000', 'maintenance': '1603.84985250', 'currency': 'USDT', 'instrument_id': 'ETHUSDT-PERP.BINANCE'}]",False,{}
91215.41360256,0.00000000,91215.41360256,USDT,BINANCE-001,MARGIN,USDT,[],False,{}
91197.17064244,1596.25901050,89600.91163194,USDT,BINANCE-001,MARGIN,USDT,"[{'type': 'MarginBalance', 'initial': '0.00000000', 'maintenance': '1596.25901050', 'currency': 'USDT', 'instrument_id': 'ETHUSDT-PERP.BINANCE'}]",False,{}
91066.61887676,0.00000000,91066.61887676,USDT,BINANCE-001,MARGIN,USDT,[],False,{}
91048.40522655,1593.69439320,89454.71083335,USDT,BINANCE-001,MARGIN,USDT,"[{'type': 'MarginBalance', 'initial': '0.00000000', 'maintenance': '1593.69439320', 'currency': 'USDT', 'instrument_id': 'ETHUSDT-PERP.BINANCE'}]",False,{}
90588.24954389,0.00000000,90588.24954389,USDT,BINANCE-001,MARGIN,USDT,[],False,{}
90570.13204930,1585.28077680,88984.85127250,USDT,BINANCE-001,MARGIN,USDT,"[{'type': 'MarginBalance', 'initial': '0.00000000', 'maintenance': '1585.28077680', 'currency': 'USDT', 'instrument_id': 'ETHUSDT-PERP.BINANCE'}]",False,{}
89785.36705832,0.00000000,89785.36705832,USDT,BINANCE-001,MARGIN,USDT,[],False,{}
89767.41060108,1571.19000815,88196.22059293,USDT,BINANCE-001,MARGIN,USDT,"[{'type': 'MarginBalance', 'initial': '0.00000000', 'maintenance': '1571.19000815', 'currency': 'USDT', 'instrument_id': 'ETHUSDT-PERP.BINANCE'}]",False,{}
93383.19233694,0.00000000,93383.19233694,USDT,BINANCE-001,MARGIN,USDT,[],False,{}
93364.51641583,1634.14309695,91730.37331888,USDT,BINANCE-001,MARGIN,USDT,"[{'type': 'MarginBalance', 'initial': '0.00000000', 'maintenance': '1634.14309695', 'currency': 'USDT', 'instrument_id': 'ETHUSDT-PERP.BINANCE'}]",False,{}
93584.09419810,0.00000000,93584.09419810,USDT,BINANCE-001,MARGIN,USDT,[],False,{}
93565.37744678,1637.71574085,91927.66170593,USDT,BINANCE-001,MARGIN,USDT,"[{'type': 'MarginBalance', 'initial': '0.00000000', 'maintenance': '1637.71574085', 'currency': 'USDT', 'instrument_id': 'ETHUSDT-PERP.BINANCE'}]",False,{}
92921.30773429,0.00000000,92921.30773429,USDT,BINANCE-001,MARGIN,USDT,[],False,{}
92902.72365493,1626.10694400,91276.61671093,USDT,BINANCE-001,MARGIN,USDT,"[{'type': 'MarginBalance', 'initial': '0.00000000', 'maintenance': '1626.10694400', 'currency': 'USDT', 'instrument_id': 'ETHUSDT-PERP.BINANCE'}]",False,{}
91715.85965045,0.00000000,91715.85965045,USDT,BINANCE-001,MARGIN,USDT,[],False,{}
91697.51685659,1604.99446240,90092.52239419,USDT,BINANCE-001,MARGIN,USDT,"[{'type': 'MarginBalance', 'initial': '0.00000000', 'maintenance': '1604.99446240', 'currency': 'USDT', 'instrument_id': 'ETHUSDT-PERP.BINANCE'}]",False,{}
95686.39102862,0.00000000,95686.39102862,USDT,BINANCE-001,MARGIN,USDT,[],False,{}
95667.25307211,1674.57119445,93992.68187766,USDT,BINANCE-001,MARGIN,USDT,"[{'type': 'MarginBalance', 'initial': '0.00000000', 'maintenance': '1674.57119445', 'currency': 'USDT', 'instrument_id': 'ETHUSDT-PERP.BINANCE'}]",False,{}
95425.93859053,0.00000000,95425.93859053,USDT,BINANCE-001,MARGIN,USDT,[],False,{}
95406.85308012,1669.98216105,93736.87091907,USDT,BINANCE-001,MARGIN,USDT,"[{'type': 'MarginBalance', 'initial': '0.00000000', 'maintenance': '1669.98216105', 'currency': 'USDT', 'instrument_id': 'ETHUSDT-PERP.BINANCE'}]",False,{}
95218.84245679,0.00000000,95218.84245679,USDT,BINANCE-001,MARGIN,USDT,[],False,{}
95199.79819091,1666.37326450,93533.42492641,USDT,BINANCE-001,MARGIN,USDT,"[{'type': 'MarginBalance', 'initial': '0.00000000', 'maintenance': '1666.37326450', 'currency': 'USDT', 'instrument_id': 'ETHUSDT-PERP.BINANCE'}]",False,{}
96636.20491167,0.00000000,96636.20491167,USDT,BINANCE-001,MARGIN,USDT,[],False,{}
96616.87776986,1691.12490855,94925.75286131,USDT,BINANCE-001,MARGIN,USDT,"[{'type': 'MarginBalance', 'initial': '0.00000000', 'maintenance': '1691.12490855', 'currency': 'USDT', 'instrument_id': 'ETHUSDT-PERP.BINANCE'}]",False,{}
101832.45738350,0.00000000,101832.45738350,USDT,BINANCE-001,MARGIN,USDT,[],False,{}
101812.09064515,1782.08960580,100030.00103935,USDT,BINANCE-001,MARGIN,USDT,"[{'type': 'MarginBalance', 'initial': '0.00000000', 'maintenance': '1782.08960580', 'currency': 'USDT', 'instrument_id': 'ETHUSDT-PERP.BINANCE'}]",False,{}
101753.62679405,0.00000000,101753.62679405,USDT,BINANCE-001,MARGIN,USDT,[],False,{}
101733.27625091,1780.67252440,99952.60372651,USDT,BINANCE-001,MARGIN,USDT,"[{'type': 'MarginBalance', 'initial': '0.00000000', 'maintenance': '1780.67252440', 'currency': 'USDT', 'instrument_id': 'ETHUSDT-PERP.BINANCE'}]",False,{}
100776.36983521,0.00000000,100776.36983521,USDT,BINANCE-001,MARGIN,USDT,[],False,{}
100756.21461172,1763.58205555,98992.63255617,USDT,BINANCE-001,MARGIN,USDT,"[{'type': 'MarginBalance', 'initial': '0.00000000', 'maintenance': '1763.58205555', 'currency': 'USDT', 'instrument_id': 'ETHUSDT-PERP.BINANCE'}]",False,{}
100327.34285698,0.00000000,100327.34285698,USDT,BINANCE-001,MARGIN,USDT,[],False,{}
100307.27800322,1755.67470400,98551.60329922,USDT,BINANCE-001,MARGIN,USDT,"[{'type': 'MarginBalance', 'initial': '0.00000000', 'maintenance': '1755.67470400', 'currency': 'USDT', 'instrument_id': 'ETHUSDT-PERP.BINANCE'}]",False,{}
102491.23638738,0.00000000,102491.23638738,USDT,BINANCE-001,MARGIN,USDT,[],False,{}
102470.73821298,1793.59026000,100677.14795298,USDT,BINANCE-001,MARGIN,USDT,"[{'type': 'MarginBalance', 'initial': '0.00000000', 'maintenance': '1793.59026000', 'currency': 'USDT', 'instrument_id': 'ETHUSDT-PERP.BINANCE'}]",False,{}
101829.46804674,0.00000000,101829.46804674,USDT,BINANCE-001,MARGIN,USDT,[],False,{}
101809.10183142,1782.04384050,100027.05799092,USDT,BINANCE-001,MARGIN,USDT,"[{'type': 'MarginBalance', 'initial': '0.00000000', 'maintenance': '1782.04384050', 'currency': 'USDT', 'instrument_id': 'ETHUSDT-PERP.BINANCE'}]",False,{}
101715.63356862,0.00000000,101715.63356862,USDT,BINANCE-001,MARGIN,USDT,[],False,{}
101695.29012776,1780.05107490,99915.23905286,USDT,BINANCE-001,MARGIN,USDT,"[{'type': 'MarginBalance', 'initial': '0.00000000', 'maintenance': '1780.05107490', 'currency': 'USDT', 'instrument_id': 'ETHUSDT-PERP.BINANCE'}]",False,{}
100474.86149476,0.00000000,100474.86149476,USDT,BINANCE-001,MARGIN,USDT,[],False,{}
100454.76669472,1758.29500350,98696.47169122,USDT,BINANCE-001,MARGIN,USDT,"[{'type': 'MarginBalance', 'initial': '0.00000000', 'maintenance': '1758.29500350', 'currency': 'USDT', 'instrument_id': 'ETHUSDT-PERP.BINANCE'}]",False,{}
100425.28444120,0.00000000,100425.28444120,USDT,BINANCE-001,MARGIN,USDT,[],False,{}
100405.19917006,1757.46122475,98647.73794531,USDT,BINANCE-001,MARGIN,USDT,"[{'type': 'MarginBalance', 'initial': '0.00000000', 'maintenance': '1757.46122475', 'currency': 'USDT', 'instrument_id': 'ETHUSDT-PERP.BINANCE'}]",False,{}
99273.97247006,0.00000000,99273.97247006,USDT,BINANCE-001,MARGIN,USDT,[],False,{}
99254.11779619,1737.28396380,97516.83383239,USDT,BINANCE-001,MARGIN,USDT,"[{'type': 'MarginBalance', 'initial': '0.00000000', 'maintenance': '1737.28396380', 'currency': 'USDT', 'instrument_id': 'ETHUSDT-PERP.BINANCE'}]",False,{}
103398.69177774,0.00000000,103398.69177774,USDT,BINANCE-001,MARGIN,USDT,[],False,{}
103378.01212264,1809.46982125,101568.54230139,USDT,BINANCE-001,MARGIN,USDT,"[{'type': 'MarginBalance', 'initial': '0.00000000', 'maintenance': '1809.46982125', 'currency': 'USDT', 'instrument_id': 'ETHUSDT-PERP.BINANCE'}]",False,{}
103669.28819994,0.00000000,103669.28819994,USDT,BINANCE-001,MARGIN,USDT,[],False,{}
103648.55444083,1814.20392230,101834.35051853,USDT,BINANCE-001,MARGIN,USDT,"[{'type': 'MarginBalance', 'initial': '0.00000000', 'maintenance': '1814.20392230', 'currency': 'USDT', 'instrument_id': 'ETHUSDT-PERP.BINANCE'}]",False,{}
106682.73471874,0.00000000,106682.73471874,USDT,BINANCE-001,MARGIN,USDT,[],False,{}
106661.39770892,1866.98835925,104794.40934967,USDT,BINANCE-001,MARGIN,USDT,"[{'type': 'MarginBalance', 'initial': '0.00000000', 'maintenance': '1866.98835925', 'currency': 'USDT', 'instrument_id': 'ETHUSDT-PERP.BINANCE'}]",False,{}
106316.73673122,0.00000000,106316.73673122,USDT,BINANCE-001,MARGIN,USDT,[],False,{}
106295.47329425,1860.55073470,104434.92255955,USDT,BINANCE-001,MARGIN,USDT,"[{'type': 'MarginBalance', 'initial': '0.00000000', 'maintenance': '1860.55073470', 'currency': 'USDT', 'instrument_id': 'ETHUSDT-PERP.BINANCE'}]",False,{}
104622.13581134,0.00000000,104622.13581134,USDT,BINANCE-001,MARGIN,USDT,[],False,{}
104601.21166132,1830.86312640,102770.34853492,USDT,BINANCE-001,MARGIN,USDT,"[{'type': 'MarginBalance', 'initial': '0.00000000', 'maintenance': '1830.86312640', 'currency': 'USDT', 'instrument_id': 'ETHUSDT-PERP.BINANCE'}]",False,{}
105747.89880908,0.00000000,105747.89880908,USDT,BINANCE-001,MARGIN,USDT,[],False,{}
105726.74907040,1850.60213450,103876.14693590,USDT,BINANCE-001,MARGIN,USDT,"[{'type': 'MarginBalance', 'initial': '0.00000000', 'maintenance': '1850.60213450', 'currency': 'USDT', 'instrument_id': 'ETHUSDT-PERP.BINANCE'}]",False,{}
107010.87801132,0.00000000,107010.87801132,USDT,BINANCE-001,MARGIN,USDT,[],False,{}
106989.47564250,1872.70727175,105116.76837075,USDT,BINANCE-001,MARGIN,USDT,"[{'type': 'MarginBalance', 'initial': '0.00000000', 'maintenance': '1872.70727175', 'currency': 'USDT', 'instrument_id': 'ETHUSDT-PERP.BINANCE'}]",False,{}
107004.08604281,0.00000000,107004.08604281,USDT,BINANCE-001,MARGIN,USDT,[],False,{}
106982.68525617,1872.56883135,105110.11642482,USDT,BINANCE-001,MARGIN,USDT,"[{'type': 'MarginBalance', 'initial': '0.00000000', 'maintenance': '1872.56883135', 'currency': 'USDT', 'instrument_id': 'ETHUSDT-PERP.BINANCE'}]",False,{}
108454.66626777,0.00000000,108454.66626777,USDT,BINANCE-001,MARGIN,USDT,[],False,{}
108432.97507894,1897.97902245,106534.99605649,USDT,BINANCE-001,MARGIN,USDT,"[{'type': 'MarginBalance', 'initial': '0.00000000', 'maintenance': '1897.97902245', 'currency': 'USDT', 'instrument_id': 'ETHUSDT-PERP.BINANCE'}]",False,{}
108711.93197126,0.00000000,108711.93197126,USDT,BINANCE-001,MARGIN,USDT,[],False,{}
108690.19004459,1902.41858345,106787.77146114,USDT,BINANCE-001,MARGIN,USDT,"[{'type': 'MarginBalance', 'initial': '0.00000000', 'maintenance': '1902.41858345', 'currency': 'USDT', 'instrument_id': 'ETHUSDT-PERP.BINANCE'}]",False,{}
107660.36403291,0.00000000,107660.36403291,USDT,BINANCE-001,MARGIN,USDT,[],False,{}
107638.83165571,1884.08300535,105754.74865036,USDT,BINANCE-001,MARGIN,USDT,"[{'type': 'MarginBalance', 'initial': '0.00000000', 'maintenance': '1884.08300535', 'currency': 'USDT', 'instrument_id': 'ETHUSDT-PERP.BINANCE'}]",False,{}
107122.72913955,0.00000000,107122.72913955,USDT,BINANCE-001,MARGIN,USDT,[],False,{}
107101.30425658,1874.67725970,105226.62699688,USDT,BINANCE-001,MARGIN,USDT,"[{'type': 'MarginBalance', 'initial': '0.00000000', 'maintenance': '1874.67725970', 'currency': 'USDT', 'instrument_id': 'ETHUSDT-PERP.BINANCE'}]",False,{}
107274.78132322,0.00000000,107274.78132322,USDT,BINANCE-001,MARGIN,USDT,[],False,{}
107253.32617320,1877.32562640,105376.00054680,USDT,BINANCE-001,MARGIN,USDT,"[{'type': 'MarginBalance', 'initial': '0.00000000', 'maintenance': '1877.32562640', 'currency': 'USDT', 'instrument_id': 'ETHUSDT-PERP.BINANCE'}]",False,{}
106273.83132053,0.00000000,106273.83132053,USDT,BINANCE-001,MARGIN,USDT,[],False,{}
106252.57649863,1859.79691590,104392.77958273,USDT,BINANCE-001,MARGIN,USDT,"[{'type': 'MarginBalance', 'initial': '0.00000000', 'maintenance': '1859.79691590', 'currency': 'USDT', 'instrument_id': 'ETHUSDT-PERP.BINANCE'}]",False,{}
110635.06673383,0.00000000,110635.06673383,USDT,BINANCE-001,MARGIN,USDT,[],False,{}
110612.93932805,1936.14800540,108676.79132265,USDT,BINANCE-001,MARGIN,USDT,"[{'type': 'MarginBalance', 'initial': '0.00000000', 'maintenance': '1936.14800540', 'currency': 'USDT', 'instrument_id': 'ETHUSDT-PERP.BINANCE'}]",False,{}
112553.04326098,0.00000000,112553.04326098,USDT,BINANCE-001,MARGIN,USDT,[],False,{}
112530.53288207,1969.65815445,110560.87472762,USDT,BINANCE-001,MARGIN,USDT,"[{'type': 'MarginBalance', 'initial': '0.00000000', 'maintenance': '1969.65815445', 'currency': 'USDT', 'instrument_id': 'ETHUSDT-PERP.BINANCE'}]",False,{}
112928.39428464,0.00000000,112928.39428464,USDT,BINANCE-001,MARGIN,USDT,[],False,{}
112905.80903783,1976.20909605,110929.59994178,USDT,BINANCE-001,MARGIN,USDT,"[{'type': 'MarginBalance', 'initial': '0.00000000', 'maintenance': '1976.20909605', 'currency': 'USDT', 'instrument_id': 'ETHUSDT-PERP.BINANCE'}]",False,{}
112755.20987707,0.00000000,112755.20987707,USDT,BINANCE-001,MARGIN,USDT,[],False,{}
112732.65899071,1973.20255650,110759.45643421,USDT,BINANCE-001,MARGIN,USDT,"[{'type': 'MarginBalance', 'initial': '0.00000000', 'maintenance': '1973.20255650', 'currency': 'USDT', 'instrument_id': 'ETHUSDT-PERP.BINANCE'}]",False,{}
117873.09917503,0.00000000,117873.09917503,USDT,BINANCE-001,MARGIN,USDT,[],False,{}
117849.52458306,2062.77679720,115786.74778586,USDT,BINANCE-001,MARGIN,USDT,"[{'type': 'MarginBalance', 'initial': '0.00000000', 'maintenance': '2062.77679720', 'currency': 'USDT', 'instrument_id': 'ETHUSDT-PERP.BINANCE'}]",False,{}
118060.21598002,0.00000000,118060.21598002,USDT,BINANCE-001,MARGIN,USDT,[],False,{}
118036.60394290,2066.05324800,115970.55069490,USDT,BINANCE-001,MARGIN,USDT,"[{'type': 'MarginBalance', 'initial': '0.00000000', 'maintenance': '2066.05324800', 'currency': 'USDT', 'instrument_id': 'ETHUSDT-PERP.BINANCE'}]",False,{}
131407.07021055,0.00000000,131407.07021055,USDT,BINANCE-001,MARGIN,USDT,[],False,{}
131380.78856624,2299.64387730,129081.14468894,USDT,BINANCE-001,MARGIN,USDT,"[{'type': 'MarginBalance', 'initial': '0.00000000', 'maintenance': '2299.64387730', 'currency': 'USDT', 'instrument_id': 'ETHUSDT-PERP.BINANCE'}]",False,{}
130127.14459330,0.00000000,130127.14459330,USDT,BINANCE-001,MARGIN,USDT,[],False,{}
130101.11874651,2277.26159430,127823.85715221,USDT,BINANCE-001,MARGIN,USDT,"[{'type': 'MarginBalance', 'initial': '0.00000000', 'maintenance': '2277.26159430', 'currency': 'USDT', 'instrument_id': 'ETHUSDT-PERP.BINANCE'}]",False,{}
129644.96459989,0.00000000,129644.96459989,USDT,BINANCE-001,MARGIN,USDT,[],False,{}
129619.03517664,2268.82453455,127350.21064209,USDT,BINANCE-001,MARGIN,USDT,"[{'type': 'MarginBalance', 'initial': '0.00000000', 'maintenance': '2268.82453455', 'currency': 'USDT', 'instrument_id': 'ETHUSDT-PERP.BINANCE'}]",False,{}
129063.33003847,0.00000000,129063.33003847,USDT,BINANCE-001,MARGIN,USDT,[],False,{}
129037.51795380,2258.55740880,126778.96054500,USDT,BINANCE-001,MARGIN,USDT,"[{'type': 'MarginBalance', 'initial': '0.00000000', 'maintenance': '2258.55740880', 'currency': 'USDT', 'instrument_id': 'ETHUSDT-PERP.BINANCE'}]",False,{}
133665.96965863,0.00000000,133665.96965863,USDT,BINANCE-001,MARGIN,USDT,[],False,{}
133639.23677601,2339.12722890,131300.10954711,USDT,BINANCE-001,MARGIN,USDT,"[{'type': 'MarginBalance', 'initial': '0.00000000', 'maintenance': '2339.12722890', 'currency': 'USDT', 'instrument_id': 'ETHUSDT-PERP.BINANCE'}]",False,{}
132115.51058549,0.00000000,132115.51058549,USDT,BINANCE-001,MARGIN,USDT,[],False,{}
132089.08790770,2311.98430680,129777.10360090,USDT,BINANCE-001,MARGIN,USDT,"[{'type': 'MarginBalance', 'initial': '0.00000000', 'maintenance': '2311.98430680', 'currency': 'USDT', 'instrument_id': 'ETHUSDT-PERP.BINANCE'}]",False,{}
129918.73880223,0.00000000,129918.73880223,USDT,BINANCE-001,MARGIN,USDT,[],False,{}
129892.75452367,2273.62437400,127619.13014967,USDT,BINANCE-001,MARGIN,USDT,"[{'type': 'MarginBalance', 'initial': '0.00000000', 'maintenance': '2273.62437400', 'currency': 'USDT', 'instrument_id': 'ETHUSDT-PERP.BINANCE'}]",False,{}
128831.01474857,0.00000000,128831.01474857,USDT,BINANCE-001,MARGIN,USDT,[],False,{}
128805.24890509,2254.51130415,126550.73760094,USDT,BINANCE-001,MARGIN,USDT,"[{'type': 'MarginBalance', 'initial': '0.00000000', 'maintenance': '2254.51130415', 'currency': 'USDT', 'instrument_id': 'ETHUSDT-PERP.BINANCE'}]",False,{}
128128.92263149,0.00000000,128128.92263149,USDT,BINANCE-001,MARGIN,USDT,[],False,{}
128103.29649615,2242.28684260,125861.00965355,USDT,BINANCE-001,MARGIN,USDT,"[{'type': 'MarginBalance', 'initial': '0.00000000', 'maintenance': '2242.28684260', 'currency': 'USDT', 'instrument_id': 'ETHUSDT-PERP.BINANCE'}]",False,{}
127878.85869794,0.00000000,127878.85869794,USDT,BINANCE-001,MARGIN,USDT,[],False,{}
127853.28367574,2237.81444250,125615.46923324,USDT,BINANCE-001,MARGIN,USDT,"[{'type': 'MarginBalance', 'initial': '0.00000000', 'maintenance': '2237.81444250', 'currency': 'USDT', 'instrument_id': 'ETHUSDT-PERP.BINANCE'}]",False,{}
131630.89992178,0.00000000,131630.89992178,USDT,BINANCE-001,MARGIN,USDT,[],False,{}
131604.57408028,2303.51113125,129301.06294903,USDT,BINANCE-001,MARGIN,USDT,"[{'type': 'MarginBalance', 'initial': '0.00000000', 'maintenance': '2303.51113125', 'currency': 'USDT', 'instrument_id': 'ETHUSDT-PERP.BINANCE'}]",False,{}
131563.93956760,0.00000000,131563.93956760,USDT,BINANCE-001,MARGIN,USDT,[],False,{}
131537.62747356,2302.30822885,129235.31924471,USDT,BINANCE-001,MARGIN,USDT,"[{'type': 'MarginBalance', 'initial': '0.00000000', 'maintenance': '2302.30822885', 'currency': 'USDT', 'instrument_id': 'ETHUSDT-PERP.BINANCE'}]",False,{}
130610.32954806,0.00000000,130610.32954806,USDT,BINANCE-001,MARGIN,USDT,[],False,{}
130584.20711586,2285.71281750,128298.49429836,USDT,BINANCE-001,MARGIN,USDT,"[{'type': 'MarginBalance', 'initial': '0.00000000', 'maintenance': '2285.71281750', 'currency': 'USDT', 'instrument_id': 'ETHUSDT-PERP.BINANCE'}]",False,{}
128480.65752704,0.00000000,128480.65752704,USDT,BINANCE-001,MARGIN,USDT,[],False,{}
128454.96213260,2248.34701350,126206.61511910,USDT,BINANCE-001,MARGIN,USDT,"[{'type': 'MarginBalance', 'initial': '0.00000000', 'maintenance': '2248.34701350', 'currency': 'USDT', 'instrument_id': 'ETHUSDT-PERP.BINANCE'}]",False,{}
135350.99362188,0.00000000,135350.99362188,USDT,BINANCE-001,MARGIN,USDT,[],False,{}
135323.92285151,2368.69240755,132955.23044396,USDT,BINANCE-001,MARGIN,USDT,"[{'type': 'MarginBalance', 'initial': '0.00000000', 'maintenance': '2368.69240755', 'currency': 'USDT', 'instrument_id': 'ETHUSDT-PERP.BINANCE'}]",False,{}
134010.32107450,0.00000000,134010.32107450,USDT,BINANCE-001,MARGIN,USDT,[],False,{}
133983.51863422,2345.21352450,131638.30510972,USDT,BINANCE-001,MARGIN,USDT,"[{'type': 'MarginBalance', 'initial': '0.00000000', 'maintenance': '2345.21352450', 'currency': 'USDT', 'instrument_id': 'ETHUSDT-PERP.BINANCE'}]",False,{}
131895.96536412,0.00000000,131895.96536412,USDT,BINANCE-001,MARGIN,USDT,[],False,{}
